,brand,cpu_GHZ,cpu_benchmark,cpu_brand,cpu_type_name,detachable_keyboard,discrete_gpu,gpu,gpu_benchmark,gpu_brand,gpu_type,max_price,min_price,pixels_x,ram,screen_size,screen_surface,ssd,touchscreen,weight
0,LENOVO,2.4,2715.0,INTEL,CORE I7,0.0,0,INTEL HD,10.0,INTEL,HD,899.0,899.0,1920.0,8,15.6,GLOSSY,0,1,4.6
1,RAZER,2.2,10418.0,INTEL,CORE I7,0.0,1,NVIDIA GEFORCE RTX 2070 MAX-Q,,NVIDIA,GEFORCE RTX 2070 MAX-Q,2099.99,2099.99,1920.0,16,15.6,MATTE,512,0,4.63
2,HP,2.5,1032.0,AMD,A6,0.0,0,AMD RADEON R4,346.0,AMD,RADEON R4,449.0,439.0,1366.0,8,15.6,,0,0,4.63
3,ACER,2.2,3676.0,INTEL,CORE I3,0.0,0,INTEL UHD 620,888.0,INTEL,UHD 620,449.0,375.0,1920.0,6,15.6,MATTE,0,0,5.3
4,HP,2.5,3522.0,INTEL,CORE I5,0.0,0,INTEL HD 620,888.0,INTEL,HD 620,559.0,559.0,1600.0,8,17.3,GLOSSY,0,0,5.8
5,HP,1.6,759.0,INTEL,CELERON,0.0,0,INTEL HD 400,329.0,INTEL,HD 400,172.0,172.0,1366.0,4,11.6,GLOSSY,16,1,2.6
6,HP,1.6,6372.0,INTEL,CORE I5,0.0,0,INTEL UHD 620,888.0,INTEL,UHD 620,628.5,619.99,1366.0,8,15.6,GLOSSY,0,1,4.52
7,ASUS,2.2,10418.0,INTEL,CORE I7,0.0,1,NVIDIA GEFORCE GTX 1070,10472.0,NVIDIA,GEFORCE GTX 1070,1646.99,1646.99,1920.0,16,17.3,MATTE,256,0,6.5
8,DELL,1.4,849.0,INTEL,CELERON,0.0,0,INTEL HD,10.0,INTEL,HD,78.9,69.0,1366.0,4,11.6,GLOSSY,16,0,2.9
9,DELL,2.4,2806.0,INTEL,CORE I3,0.0,0,INTEL HD 620,888.0,INTEL,HD 620,389.0,379.0,1366.0,8,15.6,GLOSSY,0,0,5.07
10,ACER,1.6,759.0,INTEL,CELERON,0.0,0,INTEL HD 400,329.0,INTEL,HD 400,185.0,174.98,1366.0,2,15.6,MATTE,16,0,4.3
11,HP,2.16,618.0,INTEL,CELERON,0.0,0,INTEL HD,10.0,INTEL,HD,236.88,236.87,1366.0,4,14.0,GLOSSY,16,0,3.7
12,DELL,2.5,1032.0,AMD,A6,0.0,0,AMD RADEON R4,346.0,AMD,RADEON R4,288.99,288.98,1366.0,4,15.6,,0,0,5.07
13,HP,1.1,1123.0,INTEL,CELERON,0.0,0,INTEL HD 500,317.0,INTEL,HD 500,289.99,289.99,1366.0,4,14.0,GLOSSY,32,1,3.4
14,DELL,1.6,1032.0,AMD,A6,0.0,0,AMD RADEON R4,346.0,AMD,RADEON R4,288.0,288.0,1366.0,4,11.6,GLOSSY,32,1,3.41
15,DELL,1.7,2343.0,INTEL,CORE I5,0.0,0,INTEL HD 4400,530.0,INTEL,HD 4400,399.9,399.9,1366.0,6,15.6,GLOSSY,0,0,6.0
16,MSI,2.2,10418.0,INTEL,CORE I7,0.0,1,NVIDIA GEFORCE GTX 1650,6318.0,NVIDIA,GEFORCE GTX 1650,896.48,839.0,1920.0,8,15.6,MATTE,256,0,5.07
17,ASUS,1.6,6068.0,INTEL,CORE I5,0.0,0,INTEL UHD 620,888.0,INTEL,UHD 620,579.99,579.0,1920.0,8,15.6,MATTE,256,0,3.97
18,ASUS,2.8,7069.0,INTEL,CORE I7,0.0,1,NVIDIA GEFORCE GTX 1050 TI,5612.0,NVIDIA,GEFORCE GTX 1050 TI,1539.0,1539.0,1920.0,8,17.3,MATTE,0,0,6.6
19,ASUS,2.2,10418.0,INTEL,CORE I7,0.0,1,NVIDIA GEFORCE GTX 1070,10472.0,NVIDIA,GEFORCE GTX 1070,1649.0,1639.0,1920.0,16,15.6,MATTE,256,0,5.4
20,DELL,2.5,5260.0,INTEL,CORE I5,0.0,1,NVIDIA GEFORCE GTX 1050 TI,5612.0,NVIDIA,GEFORCE GTX 1050 TI,763.2,760.0,1920.0,8,15.6,MATTE,256,0,6.61
21,ACER,1.8,6777.0,INTEL,CORE I7,0.0,0,INTEL UHD 620,888.0,INTEL,UHD 620,719.0,719.0,1920.0,16,14.0,GLOSSY,512,1,3.75
22,MSI,2.6,11636.0,INTEL,CORE I7,0.0,1,NVIDIA GEFORCE GTX 1650,6318.0,NVIDIA,GEFORCE GTX 1650,949.0,888.95,1920.0,16,15.6,MATTE,512,0,4.1
23,APPLE,1.6,2142.0,INTEL,CORE I5,,0,INTEL HD 6000,829.0,INTEL,HD 6000,405.82,380.44,1366.0,4,11.6,GLOSSY,128,0,2.38
24,DELL,2.0,6317.0,AMD,RYZEN 5,0.0,0,AMD RADEON VEGA 8,1406.0,AMD,RADEON VEGA 8,565.0,565.0,1920.0,16,15.6,GLOSSY,0,1,4.89
25,ASUS,2.2,10418.0,INTEL,CORE I7,0.0,1,NVIDIA GEFORCE GTX 1060,6406.0,NVIDIA,GEFORCE GTX 1060,1599.0,1588.0,1920.0,16,17.3,MATTE,256,0,6.39
26,HP,2.0,2341.0,AMD,A8,0.0,0,AMD RADEON R5,148.0,AMD,RADEON R5,449.99,449.99,1366.0,4,15.6,GLOSSY,0,0,4.8
27,DELL,2.6,6661.0,INTEL,CORE I7,0.0,1,NVIDIA GEFORCE GTX 960M,3467.0,NVIDIA,GEFORCE GTX 960M,809.99,809.99,1920.0,8,15.6,MATTE,8,0,5.67
28,DELL,1.6,1243.0,INTEL,PENTIUM,0.0,0,INTEL HD,10.0,INTEL,HD,399.99,399.99,1366.0,4,15.6,GLOSSY,0,0,4.85
29,SAMSUNG,2.5,3369.0,INTEL,CORE I7,0.0,0,INTEL HD 520,830.0,INTEL,HD 520,722.0,722.0,1920.0,8,15.0,MATTE,256,0,2.9
30,HP,2.6,11636.0,INTEL,CORE I7,0.0,1,NVIDIA GEFORCE RTX 2070,11018.0,NVIDIA,GEFORCE RTX 2070,2199.99,2199.99,3840.0,64,15.6,MATTE,2000,0,5.26
31,SAMSUNG,2.0,,OP1,,0.0,0,,,,,584.97,559.0,2400.0,4,12.3,GLOSSY,32,1,2.38
32,HP,1.1,2801.0,INTEL,PENTIUM,0.0,0,INTEL UHD 605,355.0,INTEL,UHD 605,360.0,325.99,1366.0,4,15.6,GLOSSY,0,1,
33,HP,2.5,4061.0,AMD,RYZEN 3,0.0,0,AMD RADEON VEGA 3,904.0,AMD,RADEON VEGA 3,551.57,475.0,1366.0,8,15.6,GLOSSY,0,1,4.6
34,LENOVO,2.5,3522.0,INTEL,CORE I5,0.0,0,INTEL HD 620,888.0,INTEL,HD 620,693.0,693.0,1600.0,8,17.3,MATTE,0,0,6.17
35,LENOVO,2.7,2741.0,AMD,A12,0.0,0,AMD RADEON R7,551.0,AMD,RADEON R7,424.22,424.22,1366.0,8,15.6,MATTE,0,0,4.85
36,ACER,2.2,10418.0,INTEL,CORE I7,0.0,1,NVIDIA GEFORCE RTX 2060,11844.0,NVIDIA,GEFORCE RTX 2060,1652.6,1637.0,1920.0,16,15.6,MATTE,512,0,4.41
37,HP,2.7,3500.0,INTEL,CORE I7,0.0,1,NVIDIA GEFORCE 940MX,1603.0,NVIDIA,GEFORCE 940MX,1499.77,1499.77,3840.0,16,15.6,GLOSSY,512,1,4.42
38,APPLE,2.9,1302.0,INTEL,CORE I7,0.0,0,INTEL HD 4000,329.0,INTEL,HD 4000,529.99,479.95,1280.0,8,13.3,GLOSSY,0,0,4.5
39,MICROSOFT,1.3,8923.0,INTEL,CORE I7,0.0,0,INTEL IRIS PLUS,1377.0,INTEL,IRIS PLUS,1259.0,1250.36,2736.0,16,12.3,GLOSSY,256,1,1.74
40,DELL,1.7,2343.0,INTEL,CORE I5,0.0,0,INTEL HD,10.0,INTEL,HD,669.0,669.0,1366.0,6,15.6,GLOSSY,0,1,5.7
41,ACER,2.5,3522.0,INTEL,CORE I5,0.0,1,NVIDIA GEFORCE 940MX,1603.0,NVIDIA,GEFORCE 940MX,999.0,999.0,1920.0,8,15.6,MATTE,256,0,5.27
42,LENOVO,1.8,6134.0,INTEL,CORE I7,0.0,0,INTEL UHD 620,888.0,INTEL,UHD 620,999.0,995.49,1920.0,16,13.3,GLOSSY,512,1,2.9
43,OTHER,2.6,11636.0,INTEL,CORE I7,0.0,1,NVIDIA GEFORCE RTX 2060,11844.0,NVIDIA,GEFORCE RTX 2060,1449.0,1399.0,1920.0,32,15.6,MATTE,500,0,5.0
44,DELL,1.9,1115.0,INTEL,CORE I3,0.0,0,INTEL HD (UMA),,INTEL,HD (UMA),417.57,417.57,1366.0,4,15.6,GLOSSY,0,1,6.0
45,MSI,2.2,10418.0,INTEL,CORE I7,0.0,1,NVIDIA GEFORCE GTX 1070,10472.0,NVIDIA,GEFORCE GTX 1070,1649.0,1649.0,1920.0,16,17.3,MATTE,256,0,5.95
46,DELL,1.6,6068.0,INTEL,CORE I5,0.0,0,INTEL UHD 620,888.0,INTEL,UHD 620,445.0,431.05,1366.0,8,15.6,GLOSSY,256,1,4.41
47,DELL,1.9,1863.0,INTEL,CORE I3,0.0,0,INTEL HD,10.0,INTEL,HD,498.88,498.88,1366.0,4,15.6,GLOSSY,0,1,5.3
48,ACER,2.16,618.0,INTEL,CELERON,0.0,0,INTEL HD,10.0,INTEL,HD,139.99,134.99,1366.0,2,11.6,MATTE,16,0,2.43
49,LENOVO,2.5,3522.0,INTEL,CORE I5,0.0,0,INTEL HD 620,888.0,INTEL,HD 620,824.99,824.99,1920.0,8,14.0,GLOSSY,256,1,3.42
50,DELL,1.8,6134.0,INTEL,CORE I7,0.0,1,NVIDIA GEFORCE 940MX,1603.0,NVIDIA,GEFORCE 940MX,899.99,899.99,1920.0,8,15.6,GLOSSY,0,1,4.41
51,ASUS,2.3,4398.0,INTEL,CORE I5,0.0,1,NVIDIA GEFORCE GTX 1060,6406.0,NVIDIA,GEFORCE GTX 1060,799.9,799.9,1920.0,16,15.6,MATTE,0,0,4.9
52,DELL,1.8,6134.0,INTEL,CORE I7,0.0,0,INTEL UHD 620,888.0,INTEL,UHD 620,1079.99,1072.0,3840.0,8,13.3,GLOSSY,256,1,2.68
53,DELL,1.9,6807.0,INTEL,CORE I7,0.0,0,INTEL UHD 620,888.0,INTEL,UHD 620,1199.0,1199.0,1920.0,16,15.6,MATTE,512,0,4.03
54,RAZER,2.2,10418.0,INTEL,CORE I7,0.0,1,NVIDIA GEFORCE GTX 1070,10472.0,NVIDIA,GEFORCE GTX 1070,2999.11,2999.11,1920.0,16,15.6,MATTE,256,0,4.63
55,ACER,2.2,2546.0,INTEL,CORE I5,0.0,1,NVIDIA GEFORCE 940M,1048.0,NVIDIA,GEFORCE 940M,789.0,789.0,1920.0,8,15.6,MATTE,0,0,5.29
56,ALIENWARE,2.8,7069.0,INTEL,CORE I7,0.0,1,NVIDIA GEFORCE GTX 1070,10472.0,NVIDIA,GEFORCE GTX 1070,1496.79,1491.79,1920.0,16,15.6,MATTE,128,0,7.69
57,LENOVO,1.1,2645.0,INTEL,CELERON,0.0,0,INTEL UHD 600,345.0,INTEL,UHD 600,255.0,255.0,1366.0,4,15.6,MATTE,0,0,4.85
58,HP,2.0,2076.0,AMD,A6,0.0,0,AMD RADEON R4,346.0,AMD,RADEON R4,465.0,465.0,1366.0,4,15.6,GLOSSY,0,0,4.74
59,ASUS,0.9,1862.0,INTEL,CORE M3,0.0,0,INTEL HD 515,688.0,INTEL,HD 515,599.9,509.97,1920.0,4,12.5,GLOSSY,64,1,2.65
60,HP,1.1,2801.0,INTEL,PENTIUM,0.0,0,INTEL UHD 605,355.0,INTEL,UHD 605,407.98,379.0,1366.0,8,15.6,GLOSSY,0,1,4.3
61,HP,2.5,3522.0,INTEL,CORE I5,0.0,0,INTEL HD 620,888.0,INTEL,HD 620,475.0,440.0,1366.0,8,14.0,GLOSSY,0,0,3.63
62,OTHER,2.6,11636.0,INTEL,CORE I7,0.0,1,NVIDIA GEFORCE RTX 2070,11018.0,NVIDIA,GEFORCE RTX 2070,1799.0,1679.0,1920.0,32,15.6,MATTE,500,0,4.6
63,ACER,2.2,10418.0,INTEL,CORE I7,0.0,1,NVIDIA GEFORCE GTX 1070,10472.0,NVIDIA,GEFORCE GTX 1070,1529.0,1529.0,1920.0,16,17.3,MATTE,256,0,8.82
64,HP,1.6,759.0,INTEL,CELERON,0.0,0,INTEL HD 400,329.0,INTEL,HD 400,142.84,140.89,1366.0,4,11.6,MATTE,16,0,2.51
65,APPLE,1.2,2644.0,INTEL,CORE M3,0.0,0,INTEL HD 615,799.0,INTEL,HD 615,899.99,799.99,2304.0,8,12.0,GLOSSY,256,0,2.03
66,DELL,2.2,2546.0,INTEL,CORE I5,0.0,0,INTEL HD 4400,530.0,INTEL,HD 4400,588.0,588.0,1920.0,8,15.6,GLOSSY,0,1,5.3
67,DELL,1.6,759.0,INTEL,CELERON,0.0,0,INTEL HD 400,329.0,INTEL,HD 400,379.0,378.99,1366.0,4,15.6,GLOSSY,0,0,5.07
68,LENOVO,2.5,3522.0,INTEL,CORE I5,0.0,0,INTEL HD 620,888.0,INTEL,HD 620,540.0,499.99,1920.0,8,15.6,GLOSSY,256,1,4.45
69,DELL,1.6,6372.0,INTEL,CORE I5,0.0,0,INTEL UHD 620,888.0,INTEL,UHD 620,642.0,623.0,1920.0,8,13.3,GLOSSY,256,1,3.56
70,DELL,1.8,6134.0,INTEL,CORE I7,0.0,0,INTEL UHD 620,888.0,INTEL,UHD 620,748.0,733.0,1920.0,12,15.6,GLOSSY,0,1,4.85
71,DELL,2.2,10418.0,INTEL,CORE I7,0.0,1,NVIDIA GEFORCE GTX 1050 TI,5612.0,NVIDIA,GEFORCE GTX 1050 TI,1099.0,1065.0,1920.0,16,15.6,MATTE,256,0,5.57
72,MSI,2.2,10418.0,INTEL,CORE I7,0.0,1,NVIDIA GEFORCE RTX 2080 MAX-Q,,NVIDIA,GEFORCE RTX 2080 MAX-Q,2799.0,2399.0,1920.0,16,15.6,MATTE,256,0,4.19
73,DELL,1.8,6134.0,INTEL,CORE I7,0.0,0,INTEL UHD 620,888.0,INTEL,UHD 620,850.0,750.0,1920.0,16,13.3,GLOSSY,256,1,3.72
74,HP,2.4,2806.0,INTEL,CORE I3,0.0,0,INTEL HD 620,888.0,INTEL,HD 620,339.0,328.0,1366.0,8,14.0,GLOSSY,128,0,3.15
75,ASUS,2.7,3500.0,INTEL,CORE I7,0.0,0,INTEL HD 620,888.0,INTEL,HD 620,1968.88,1968.88,1920.0,16,12.5,GLOSSY,512,0,2.1
76,ALIENWARE,2.2,10418.0,INTEL,CORE I7,0.0,1,NVIDIA GEFORCE GTX 1060,6406.0,NVIDIA,GEFORCE GTX 1060,1699.0,1699.0,1920.0,8,17.3,MATTE,256,0,9.74
77,LENOVO,2.2,3676.0,INTEL,CORE I3,0.0,0,INTEL UHD 620,888.0,INTEL,UHD 620,399.0,373.91,1366.0,8,15.6,MATTE,0,0,4.85
78,DELL,2.7,3500.0,INTEL,CORE I7,0.0,0,INTEL HD 620,888.0,INTEL,HD 620,1799.33,1799.33,3200.0,16,13.3,GLOSSY,512,1,2.7
79,ACER,1.6,1294.0,INTEL,CELERON,0.0,0,INTEL HD 400,329.0,INTEL,HD 400,249.0,248.46,1920.0,4,14.0,MATTE,16,0,3.42
80,DELL,2.0,2151.0,INTEL,CORE I3,0.0,0,INTEL HD 5500,568.0,INTEL,HD 5500,399.99,399.99,1366.0,6,15.6,GLOSSY,0,0,4.85
81,HP,1.8,2352.0,INTEL,CORE I5,0.0,0,INTEL HD 4000,329.0,INTEL,HD 4000,229.98,204.99,1366.0,8,14.0,MATTE,180,0,3.6
82,ASUS,2.6,11636.0,INTEL,CORE I7,0.0,1,NVIDIA GEFORCE RTX 2060,11844.0,NVIDIA,GEFORCE RTX 2060,2499.97,2489.94,3840.0,16,15.6,GLOSSY,1000,1,5.51
83,APPLE,2.3,13917.0,INTEL,CORE I9,0.0,1,AMD RADEON PRO 5500M,7017.0,AMD,RADEON PRO 5500M,2652.49,2568.92,3072.0,16,16.0,GLOSSY,1000,0,4.3
84,LENOVO,2.8,7069.0,INTEL,CORE I7,0.0,1,NVIDIA GEFORCE GTX 1060,6406.0,NVIDIA,GEFORCE GTX 1060,1099.99,1099.99,1920.0,8,15.6,MATTE,256,0,7.05
85,MSI,2.5,5260.0,INTEL,CORE I5,0.0,1,NVIDIA GEFORCE GTX 1050,3909.0,NVIDIA,GEFORCE GTX 1050,899.0,898.99,1920.0,8,15.6,MATTE,256,0,5.29
86,ASUS,2.7,2741.0,AMD,A12,0.0,0,AMD RADEON R7,551.0,AMD,RADEON R7,388.02,355.0,1920.0,8,15.6,MATTE,256,0,3.7
87,MSI,2.3,7584.0,INTEL,CORE I5,0.0,1,NVIDIA GEFORCE GTX 1050,3909.0,NVIDIA,GEFORCE GTX 1050,699.0,683.99,1920.0,8,15.6,MATTE,256,0,5.07
88,LENOVO,1.44,1395.0,INTEL,ATOM,0.0,0,INTEL HD 400,329.0,INTEL,HD 400,599.99,599.99,1920.0,4,10.1,GLOSSY,64,1,1.52
89,HP,2.0,6317.0,AMD,RYZEN 5,0.0,0,AMD RADEON VEGA 8,1406.0,AMD,RADEON VEGA 8,749.0,749.0,1920.0,8,15.6,GLOSSY,128,1,4.49
90,DELL,1.6,6068.0,INTEL,CORE I5,0.0,0,INTEL UHD 620,888.0,INTEL,UHD 620,849.99,849.99,1920.0,16,15.6,MATTE,256,0,4.37
91,MICROSOFT,2.5,3522.0,INTEL,CORE I5,0.0,0,INTEL HD 620,888.0,INTEL,HD 620,553.0,540.0,2256.0,4,13.5,GLOSSY,128,1,2.76
92,HP,1.1,2801.0,INTEL,PENTIUM,0.0,0,INTEL UHD 605,355.0,INTEL,UHD 605,249.28,242.99,1366.0,4,15.6,GLOSSY,0,1,4.49
93,LENOVO,1.6,6068.0,INTEL,CORE I5,0.0,0,INTEL UHD 620,888.0,INTEL,UHD 620,819.95,768.99,1366.0,16,15.6,MATTE,512,0,4.68
94,DELL,2.8,7069.0,INTEL,CORE I7,0.0,1,NVIDIA GEFORCE GTX 1050,3909.0,NVIDIA,GEFORCE GTX 1050,1379.99,1379.99,1920.0,16,15.6,MATTE,512,0,5.7
95,HP,1.6,6372.0,INTEL,CORE I5,0.0,0,INTEL UHD 620,888.0,INTEL,UHD 620,499.0,499.0,1366.0,8,15.6,GLOSSY,128,1,3.9
96,HP,1.8,6134.0,INTEL,CORE I7,0.0,0,INTEL UHD 620,888.0,INTEL,UHD 620,1249.95,1117.55,1920.0,16,13.3,GLOSSY,512,1,2.78
97,HP,2.6,861.0,INTEL,CORE I5,0.0,0,INTEL HD 4000,329.0,INTEL,HD 4000,218.0,209.96,1366.0,8,14.0,MATTE,0,0,4.95
98,LENOVO,2.4,8167.0,INTEL,CORE I5,0.0,1,NVIDIA GEFORCE GTX 1650,6318.0,NVIDIA,GEFORCE GTX 1650,729.97,723.98,1920.0,8,15.6,MATTE,512,0,4.83
99,DELL,2.4,2806.0,INTEL,CORE I3,0.0,0,INTEL HD 620,888.0,INTEL,HD 620,427.99,427.99,1366.0,6,15.6,GLOSSY,0,1,5.18
100,LENOVO,1.8,1888.0,AMD,A6,0.0,0,AMD RADEONÂ R4,,AMD,RADEONÂ R4,258.0,258.0,1366.0,4,15.6,MATTE,0,0,4.73
101,HP,1.1,1123.0,INTEL,CELERON,0.0,0,INTEL HD 500,317.0,INTEL,HD 500,237.0,237.0,1366.0,4,14.0,GLOSSY,32,1,3.4
102,ALIENWARE,2.6,6661.0,INTEL,CORE I7,0.0,1,NVIDIA GEFORCE GTX 1060,6406.0,NVIDIA,GEFORCE GTX 1060,1399.99,1399.99,1920.0,16,15.6,MATTE,128,0,8.0
103,DELL,2.8,7069.0,INTEL,CORE I7,0.0,1,NVIDIA GEFORCE GTX 1050,3909.0,NVIDIA,GEFORCE GTX 1050,1299.0,1299.0,1920.0,12,15.6,MATTE,128,0,5.66
104,DELL,2.5,5260.0,INTEL,CORE I5,0.0,1,NVIDIA GEFORCE GTX 1050,3909.0,NVIDIA,GEFORCE GTX 1050,649.0,629.0,1920.0,8,15.6,MATTE,0,0,5.64
105,MICROSOFT,1.7,6987.0,INTEL,CORE I5,1.0,0,INTEL UHD 620,888.0,INTEL,UHD 620,1130.0,1090.0,3000.0,8,13.5,GLOSSY,256,1,3.38
106,OTHER,2.6,11636.0,INTEL,CORE I7,0.0,1,NVIDIA GEFORCE RTX 2060,11844.0,NVIDIA,GEFORCE RTX 2060,1399.0,1399.0,1920.0,16,15.6,MATTE,500,0,5.0
107,ASUS,1.8,6777.0,INTEL,CORE I7,0.0,1,NVIDIA GEFORCE GTX 1050 MAX-Q,,NVIDIA,GEFORCE GTX 1050 MAX-Q,1498.97,1382.99,1920.0,16,15.6,GLOSSY,512,0,3.72
108,DELL,,,INTEL,CORE I5,0.0,0,INTEL HD 5500,568.0,INTEL,HD 5500,689.99,639.99,1366.0,8,15.6,GLOSSY,0,1,5.7
109,HP,2.16,618.0,INTEL,CELERON,0.0,0,INTEL HD,10.0,INTEL,HD,249.99,249.99,1366.0,4,14.0,MATTE,16,0,3.78
110,HUAWEI,1.8,6134.0,INTEL,CORE I7,0.0,1,NVIDIA GEFORCE MX150,2387.0,NVIDIA,GEFORCE MX150,1399.0,1299.99,3000.0,16,13.9,GLOSSY,512,1,2.93
111,ACER,2.2,10418.0,INTEL,CORE I7,0.0,1,NVIDIA GEFORCE GTX 1060,6406.0,NVIDIA,GEFORCE GTX 1060,969.99,949.99,1920.0,16,15.6,MATTE,256,0,5.95
112,ASUS,2.7,2741.0,AMD,A12,0.0,0,AMD RADEON R7,551.0,AMD,RADEON R7,469.0,407.0,1920.0,16,15.6,MATTE,256,0,3.7
113,MICROSOFT,2.4,3368.0,INTEL,CORE I5,1.0,1,NVIDIA GEFORCE,2.0,NVIDIA,GEFORCE,679.8,599.0,3000.0,8,13.5,GLOSSY,256,1,3.48
114,DELL,2.6,6661.0,INTEL,CORE I7,0.0,1,NVIDIA GEFORCE GTX 960M,3467.0,NVIDIA,GEFORCE GTX 960M,999.0,999.0,1920.0,16,15.6,MATTE,0,0,5.68
115,DELL,1.7,2343.0,INTEL,CORE I5,0.0,0,INTEL HD 4400,530.0,INTEL,HD 4400,559.99,559.99,1366.0,8,15.6,GLOSSY,0,0,6.0
116,HP,1.1,1278.0,INTEL,CELERON,0.0,0,INTEL UHD 600,345.0,INTEL,UHD 600,174.0,161.99,1366.0,4,11.6,MATTE,32,0,2.57
117,OTHER,2.6,11636.0,INTEL,CORE I7,0.0,1,NVIDIA GEFORCE RTX 2060,11844.0,NVIDIA,GEFORCE RTX 2060,1349.0,1339.0,1920.0,16,15.6,MATTE,250,0,5.0
118,HP,1.8,6777.0,INTEL,CORE I7,0.0,1,NVIDIA GEFORCE MX250,2660.0,NVIDIA,GEFORCE MX250,1140.32,1079.99,3840.0,16,13.3,GLOSSY,512,1,2.82
119,HP,1.0,7773.0,INTEL,CORE I5,0.0,0,INTEL UHD,345.0,INTEL,UHD,579.0,579.0,1366.0,8,15.6,GLOSSY,512,1,3.75
120,HP,2.4,2806.0,INTEL,CORE I3,0.0,0,INTEL HD 620,888.0,INTEL,HD 620,538.99,421.0,1366.0,8,15.6,GLOSSY,0,1,4.6
121,HP,2.7,3500.0,INTEL,CORE I7,0.0,0,INTEL HD 620,888.0,INTEL,HD 620,855.0,850.0,1600.0,8,17.3,GLOSSY,0,0,5.84
122,HP,2.6,11636.0,INTEL,CORE I7,0.0,1,NVIDIA GEFORCE RTX 2080,14482.0,NVIDIA,GEFORCE RTX 2080,1799.99,1799.99,1920.0,16,17.3,MATTE,256,0,6.54
123,DELL,2.3,2989.0,INTEL,CORE I5,0.0,0,INTEL HD,10.0,INTEL,HD,699.99,699.99,1920.0,8,13.3,GLOSSY,256,1,3.66
124,ASUS,1.1,1123.0,INTEL,CELERON,0.0,0,INTEL HD 500,317.0,INTEL,HD 500,215.0,199.0,1366.0,4,14.0,MATTE,32,0,2.7
125,DELL,2.5,2275.0,INTEL,CORE I5,0.0,0,INTEL HD 3000,95.0,INTEL,HD 3000,178.89,154.99,1366.0,4,14.0,MATTE,0,0,4.6
126,DELL,1.8,6134.0,INTEL,CORE I7,0.0,0,INTEL UHD 620,888.0,INTEL,UHD 620,1660.0,1499.99,3840.0,16,13.3,GLOSSY,512,1,2.87
127,ACER,1.1,1123.0,INTEL,CELERON,0.0,0,INTEL HD 500,317.0,INTEL,HD 500,299.99,259.0,1920.0,4,15.6,GLOSSY,32,1,3.97
128,DELL,1.6,1422.0,INTEL,PENTIUM,0.0,0,INTEL HD 405,,INTEL,HD 405,389.0,365.0,1366.0,4,11.6,GLOSSY,0,1,3.09
129,APPLE,1.6,3296.0,INTEL,CORE I5,0.0,0,INTEL UHD 617,878.0,INTEL,UHD 617,799.99,749.66,2560.0,8,13.3,GLOSSY,128,0,2.75
130,ASUS,2.2,10418.0,INTEL,CORE I7,0.0,1,NVIDIA GEFORCE GTX 1050 TI,5612.0,NVIDIA,GEFORCE GTX 1050 TI,1249.0,1249.0,1920.0,16,17.3,MATTE,128,0,6.72
131,ALIENWARE,2.2,10418.0,INTEL,CORE I7,0.0,1,NVIDIA GEFORCE GTX 1060,6406.0,NVIDIA,GEFORCE GTX 1060,1382.0,1382.0,1920.0,8,17.3,MATTE,0,0,9.74
132,ASUS,1.1,2995.0,INTEL,CORE M3,0.0,0,INTEL UHD 615,835.0,INTEL,UHD 615,608.51,548.98,1920.0,8,14.0,GLOSSY,64,1,3.19
133,DELL,1.6,6372.0,INTEL,CORE I5,0.0,0,INTEL UHD 620,888.0,INTEL,UHD 620,599.99,599.99,1920.0,8,13.3,GLOSSY,256,1,3.59
134,HP,2.5,1032.0,AMD,A6,0.0,0,AMD RADEON R4,346.0,AMD,RADEON R4,449.01,379.99,1366.0,4,15.6,GLOSSY,0,0,4.52
135,ASUS,2.6,11636.0,INTEL,CORE I7,0.0,1,NVIDIA GEFORCE RTX 2070,11018.0,NVIDIA,GEFORCE RTX 2070,1999.99,1849.99,1920.0,16,15.6,MATTE,0,0,5.66
136,DELL,2.6,6661.0,INTEL,CORE I7,0.0,1,NVIDIA GEFORCE GTX 960M,3467.0,NVIDIA,GEFORCE GTX 960M,1189.99,1189.99,3840.0,16,15.6,GLOSSY,128,1,6.0
137,DELL,2.5,3369.0,INTEL,CORE I7,0.0,0,INTEL HD 5500,568.0,INTEL,HD 5500,999.99,999.99,3200.0,8,13.3,GLOSSY,256,1,2.8
138,LENOVO,1.6,6372.0,INTEL,CORE I5,0.0,0,INTEL UHD 620,888.0,INTEL,UHD 620,649.0,595.0,1920.0,8,15.6,MATTE,256,0,4.85
139,HP,1.6,759.0,INTEL,CELERON,0.0,0,INTEL HD 400,329.0,INTEL,HD 400,123.0,120.94,1366.0,4,11.6,MATTE,16,0,2.54
140,MICROSOFT,2.6,3780.0,INTEL,CORE I5,0.0,0,INTEL HD 620,888.0,INTEL,HD 620,599.0,599.0,2736.0,8,12.3,GLOSSY,256,1,1.7
141,HP,2.6,1274.0,AMD,A6,0.0,0,AMD RADEON R4,346.0,AMD,RADEON R4,388.56,379.99,1366.0,4,15.6,GLOSSY,0,0,4.61
142,OTHER,2.6,11636.0,INTEL,CORE I7,0.0,1,NVIDIA GEFORCE RTX 2070,11018.0,NVIDIA,GEFORCE RTX 2070,1699.0,1599.0,1920.0,16,15.6,MATTE,500,0,4.6
143,LENOVO,1.6,759.0,INTEL,CELERON,0.0,0,INTEL HD 400,329.0,INTEL,HD 400,380.0,380.0,1366.0,4,14.0,MATTE,16,0,3.3
144,ACER,2.3,7584.0,INTEL,CORE I5,0.0,1,NVIDIA GEFORCE GTX 1050 TI,5612.0,NVIDIA,GEFORCE GTX 1050 TI,674.9,674.7,1920.0,8,15.6,MATTE,256,0,5.95
145,ASUS,1.8,6134.0,INTEL,CORE I7,0.0,1,NVIDIA GEFORCE MX150,2387.0,NVIDIA,GEFORCE MX150,929.0,929.0,1920.0,8,15.6,MATTE,256,0,3.3
146,HP,2.7,3500.0,INTEL,CORE I7,0.0,0,INTEL HD 620,888.0,INTEL,HD 620,799.0,799.0,1366.0,16,15.6,GLOSSY,0,0,4.83
147,ASUS,1.6,6372.0,INTEL,CORE I5,0.0,0,INTEL UHD 620,888.0,INTEL,UHD 620,659.0,659.0,1920.0,8,15.6,MATTE,256,0,3.5
148,ACER,2.0,6317.0,AMD,RYZEN 5,0.0,0,AMD RADEON VEGA 8,1406.0,AMD,RADEON VEGA 8,625.0,480.98,1920.0,8,15.6,GLOSSY,256,0,4.85
149,HP,2.4,2806.0,INTEL,CORE I3,0.0,0,INTEL HD 620,888.0,INTEL,HD 620,475.99,459.95,1600.0,8,17.3,GLOSSY,0,0,5.29
150,ACER,1.6,759.0,INTEL,CELERON,0.0,0,INTEL HD,10.0,INTEL,HD,214.77,185.83,1920.0,4,14.0,MATTE,32,0,3.42
151,LENOVO,2.6,11636.0,INTEL,CORE I7,0.0,1,NVIDIA GEFORCE GTX 1050,3909.0,NVIDIA,GEFORCE GTX 1050,983.0,949.99,1920.0,8,15.6,MATTE,256,0,4.83
152,ASUS,2.5,3522.0,INTEL,CORE I5,0.0,0,INTEL HD 620,888.0,INTEL,HD 620,589.0,568.35,1920.0,12,15.6,GLOSSY,0,1,5.07
153,OTHER,2.6,11636.0,INTEL,CORE I7,0.0,1,NVIDIA GEFORCE GTX 1660 TI,8738.0,NVIDIA,GEFORCE GTX 1660 TI,1199.0,1149.0,1920.0,16,15.6,MATTE,500,0,4.85
154,SAMSUNG,2.5,3522.0,INTEL,CORE I5,1.0,0,INTEL HD 620,888.0,INTEL,HD 620,999.99,999.99,2160.0,8,12.0,GLOSSY,256,1,1.66
155,DELL,1.6,6372.0,INTEL,CORE I5,0.0,0,INTEL UHD 620,888.0,INTEL,UHD 620,665.0,559.0,1920.0,8,15.6,GLOSSY,0,1,4.85
156,LENOVO,1.9,6620.0,INTEL,CORE I7,0.0,0,INTEL UHD 620,888.0,INTEL,UHD 620,1645.69,1543.99,2560.0,16,14.0,MATTE,512,0,2.49
157,MICROSOFT,1.3,8923.0,INTEL,CORE I7,1.0,0,INTEL IRIS PLUS,1377.0,INTEL,IRIS PLUS,1818.97,1629.99,2736.0,16,12.3,GLOSSY,512,1,1.74
158,LENOVO,2.6,861.0,INTEL,CORE I5,0.0,0,INTEL HD 4000,329.0,INTEL,HD 4000,238.0,186.08,1600.0,8,14.0,MATTE,128,0,4.92
159,MSI,2.6,11636.0,INTEL,CORE I7,0.0,1,NVIDIA GEFORCE GTX 1050 TI,5612.0,NVIDIA,GEFORCE GTX 1050 TI,829.98,829.98,1920.0,8,17.3,MATTE,256,0,4.85
160,ACER,1.6,1294.0,INTEL,CELERON,0.0,0,INTEL HD 400,329.0,INTEL,HD 400,149.99,149.99,1920.0,4,14.0,MATTE,32,0,3.42
161,APPLE,2.5,5904.0,INTEL,CORE I7,0.0,1,NVIDIA GEFORCE GT 750M,1232.0,NVIDIA,GEFORCE GT 750M,928.9,899.99,2880.0,16,15.4,GLOSSY,512,0,4.46
162,ACER,2.6,11636.0,INTEL,CORE I7,0.0,1,NVIDIA GEFORCE GTX 1660 TI,8738.0,NVIDIA,GEFORCE GTX 1660 TI,1099.99,1094.0,1920.0,16,15.6,MATTE,256,0,5.51
163,DELL,2.5,3522.0,INTEL,CORE I5,0.0,0,INTEL HD 620,888.0,INTEL,HD 620,537.97,537.0,1366.0,8,15.6,GLOSSY,0,1,5.07
164,HP,1.6,759.0,INTEL,CELERON,0.0,0,INTEL HD 400,329.0,INTEL,HD 400,243.95,243.9,1366.0,4,14.0,GLOSSY,32,0,3.18
165,DELL,2.2,10418.0,INTEL,CORE I7,0.0,1,NVIDIA GEFORCE GTX 1050 TI,5612.0,NVIDIA,GEFORCE GTX 1050 TI,1558.0,1510.0,1920.0,16,15.6,MATTE,512,0,4.0
166,LENOVO,1.8,6134.0,INTEL,CORE I7,0.0,0,INTEL UHD 620,888.0,INTEL,UHD 620,1418.97,1418.97,3840.0,16,13.9,GLOSSY,512,1,3.02
167,ASUS,2.3,2989.0,INTEL,CORE I5,0.0,0,INTEL HD,10.0,INTEL,HD,1499.11,1499.11,1920.0,8,13.3,MATTE,256,0,2.86
168,ASUS,1.1,1123.0,INTEL,CELERON,0.0,0,INTEL HD 500,317.0,INTEL,HD 500,178.4,161.99,1366.0,4,11.6,MATTE,32,0,2.2
169,SAMSUNG,1.6,759.0,INTEL,CELERON,0.0,0,INTEL HD 400,329.0,INTEL,HD 400,165.9,150.19,1366.0,4,11.6,MATTE,32,0,2.54
170,ACER,2.8,7069.0,INTEL,CORE I7,0.0,1,NVIDIA GEFORCE GTX 1050 TI,5612.0,NVIDIA,GEFORCE GTX 1050 TI,1199.99,1199.99,1920.0,16,15.6,MATTE,256,0,5.51
171,DELL,2.0,6317.0,AMD,RYZEN 5,0.0,0,AMD RADEON VEGA 8,1406.0,AMD,RADEON VEGA 8,559.5,559.5,1920.0,16,13.3,GLOSSY,256,1,3.86
172,ACER,2.16,530.0,INTEL,CELERON,0.0,0,INTEL HD,10.0,INTEL,HD,215.0,215.0,1366.0,2,15.6,MATTE,16,0,4.9
173,DELL,2.5,2275.0,INTEL,CORE I5,0.0,0,INTEL HD 3000,95.0,INTEL,HD 3000,198.49,179.0,1366.0,8,14.0,MATTE,128,0,5.0
174,DELL,1.0,7773.0,INTEL,CORE I5,0.0,0,INTEL UHD,345.0,INTEL,UHD,609.0,546.49,1920.0,8,15.6,MATTE,256,0,4.52
175,LG,1.6,6372.0,INTEL,CORE I5,0.0,0,INTEL UHD 620,888.0,INTEL,UHD 620,968.0,967.98,1920.0,8,15.6,GLOSSY,256,0,2.41
176,HP,1.6,1895.0,AMD,A8,0.0,0,AMD RADEON R6,363.0,AMD,RADEON R6,499.67,499.67,1920.0,8,14.0,MATTE,128,0,3.41
177,DELL,1.8,6134.0,INTEL,CORE I7,0.0,0,INTEL UHD 620,888.0,INTEL,UHD 620,829.0,828.98,1920.0,12,15.6,GLOSSY,512,1,4.85
178,DELL,,,INTEL,CELERON,0.0,0,INTEL HD,10.0,INTEL,HD,294.99,294.99,1366.0,4,15.6,GLOSSY,0,0,4.54
179,DELL,2.5,3522.0,INTEL,CORE I5,0.0,0,INTEL HD 620,888.0,INTEL,HD 620,648.99,648.99,1920.0,8,15.6,GLOSSY,256,1,4.83
180,ASUS,1.1,2257.0,INTEL,PENTIUM,0.0,0,INTEL HD 505,411.0,INTEL,HD 505,419.98,419.98,1366.0,4,15.6,,0,0,4.41
181,OTHER,2.6,11636.0,INTEL,CORE I7,0.0,1,NVIDIA GEFORCE RTX 2060,11844.0,NVIDIA,GEFORCE RTX 2060,1299.0,1299.0,1920.0,16,15.6,MATTE,500,0,5.0
182,DELL,2.2,2546.0,INTEL,CORE I5,0.0,0,INTEL HD 5500,568.0,INTEL,HD 5500,579.5,579.5,1366.0,8,15.6,GLOSSY,0,1,4.85
183,DELL,2.2,10418.0,INTEL,CORE I7,0.0,1,NVIDIA GEFORCE GTX 1050 TI,5612.0,NVIDIA,GEFORCE GTX 1050 TI,1799.0,1649.53,3840.0,16,15.6,GLOSSY,512,1,4.0
184,RCA,1.33,522.0,INTEL,ATOM,1.0,0,INTEL HD,10.0,INTEL,HD,133.95,133.95,1280.0,2,10.1,GLOSSY,32,1,
185,MSI,2.2,10418.0,INTEL,CORE I7,0.0,1,NVIDIA GEFORCE GTX 1070,10472.0,NVIDIA,GEFORCE GTX 1070,1449.99,1399.99,1920.0,16,15.6,MATTE,256,0,4.14
186,HP,,,INTEL,PENTIUM,0.0,0,INTEL HD,10.0,INTEL,HD,330.0,330.0,1366.0,4,15.6,GLOSSY,0,0,6.5
187,LENOVO,1.33,522.0,INTEL,ATOM,0.0,0,INTEL HD,10.0,INTEL,HD,468.88,468.88,1366.0,2,11.6,GLOSSY,32,0,2.2
188,DELL,2.2,2546.0,INTEL,CORE I5,0.0,0,INTEL HD 5500,568.0,INTEL,HD 5500,1099.0,1099.0,1920.0,8,13.3,GLOSSY,0,1,3.7
189,MSI,2.2,10418.0,INTEL,CORE I7,0.0,1,NVIDIA GEFORCE GTX 1050 TI,5612.0,NVIDIA,GEFORCE GTX 1050 TI,1199.99,1078.95,1920.0,16,15.6,MATTE,128,0,4.85
190,ALIENWARE,2.8,7069.0,INTEL,CORE I7,0.0,1,NVIDIA GEFORCE GTX 1070,10472.0,NVIDIA,GEFORCE GTX 1070,1599.0,1445.0,1920.0,16,17.3,MATTE,0,0,9.7
191,LENOVO,2.5,2275.0,INTEL,CORE I5,0.0,0,INTEL HD 3000,95.0,INTEL,HD 3000,209.69,189.0,1366.0,8,14.0,MATTE,0,0,4.9
192,TOSHIBA,1.6,1243.0,INTEL,PENTIUM,0.0,0,INTEL HD,10.0,INTEL,HD,527.0,527.0,1366.0,4,11.6,GLOSSY,0,1,2.9
193,ASUS,2.1,4248.0,INTEL,CORE I3,0.0,0,INTEL UHD 620,888.0,INTEL,UHD 620,391.49,363.53,1920.0,8,15.6,MATTE,128,0,3.5
194,HP,2.0,5745.0,AMD,RYZEN 3,0.0,0,AMD RADEON VEGA 6,1553.0,AMD,RADEON VEGA 6,549.0,549.0,1920.0,8,14.0,MATTE,128,0,3.37
195,HP,1.44,985.0,INTEL,ATOM,1.0,0,INTEL HD 400,329.0,INTEL,HD 400,399.99,389.98,1280.0,2,10.1,GLOSSY,32,1,2.4
196,ASUS,1.6,672.0,INTEL,CELERON,0.0,0,INTEL HD,10.0,INTEL,HD,219.72,219.72,1366.0,2,11.6,GLOSSY,32,1,2.6
197,DELL,1.8,6134.0,INTEL,CORE I7,0.0,0,INTEL UHD 620,888.0,INTEL,UHD 620,730.0,730.0,1920.0,8,15.6,GLOSSY,128,0,4.8
198,ALIENWARE,2.6,6661.0,INTEL,CORE I7,0.0,1,NVIDIA GEFORCE GTX1070,,NVIDIA,GEFORCE GTX1070,1677.6,1667.81,1920.0,16,15.6,MATTE,256,0,8.0
199,LENOVO,1.8,6134.0,INTEL,CORE I7,0.0,0,INTEL UHD 620,888.0,INTEL,UHD 620,769.99,759.99,1920.0,8,15.6,GLOSSY,256,1,4.17
200,LENOVO,2.5,3522.0,INTEL,CORE I5,0.0,0,INTEL HD 620,888.0,INTEL,HD 620,684.0,658.9,1920.0,8,13.3,GLOSSY,256,1,2.87
201,ACER,2.0,6317.0,AMD,RYZEN 5,0.0,1,AMD RADEON RX 560X,3520.0,AMD,RADEON RX 560X,529.99,529.0,1920.0,8,15.6,MATTE,0,0,5.95
202,LENOVO,1.5,1505.0,INTEL,PENTIUM,0.0,0,INTEL HD 515,688.0,INTEL,HD 515,599.0,575.0,1920.0,4,11.6,GLOSSY,128,1,2.36
203,ASUS,2.3,7584.0,INTEL,CORE I5,0.0,1,NVIDIA GEFORCE GTX 1050,3909.0,NVIDIA,GEFORCE GTX 1050,640.0,624.0,1920.0,8,15.6,MATTE,256,0,5.07
204,ASUS,1.8,6134.0,INTEL,CORE I7,0.0,0,INTEL UHD 620,888.0,INTEL,UHD 620,1098.98,999.99,1920.0,16,14.0,GLOSSY,512,0,2.4
205,HP,1.8,1978.0,AMD,E2,0.0,0,AMD RADEON R2,242.0,AMD,RADEON R2,329.99,329.99,1366.0,4,15.6,GLOSSY,0,0,4.4
206,ACER,1.8,6134.0,INTEL,CORE I7,0.0,1,NVIDIA GEFORCE GTX 1050,3909.0,NVIDIA,GEFORCE GTX 1050,899.0,789.0,1920.0,8,15.6,GLOSSY,0,1,4.85
207,HP,1.3,8923.0,INTEL,CORE I7,0.0,0,INTEL IRIS PLUS,1377.0,INTEL,IRIS PLUS,789.0,789.0,1366.0,8,15.6,GLOSSY,512,1,3.74
208,ACER,1.6,759.0,INTEL,CELERON,0.0,0,INTEL HD 400,329.0,INTEL,HD 400,214.9,199.99,1366.0,4,11.6,GLOSSY,32,1,2.76
209,APPLE,2.2,10418.0,INTEL,CORE I7,0.0,1,AMD RADEON PRO 555X,,AMD,RADEON PRO 555X,2048.0,1749.0,2880.0,16,15.4,GLOSSY,256,0,4.02
210,APPLE,2.4,8264.0,INTEL,CORE I5,0.0,0,INTEL IRIS PLUS 655,1790.0,INTEL,IRIS PLUS 655,1692.5,1499.0,2560.0,8,13.3,GLOSSY,256,0,3.02
211,RAZER,2.8,7069.0,INTEL,CORE I7,0.0,1,NVIDIA GEFORCE GTX 1060,6406.0,NVIDIA,GEFORCE GTX 1060,1799.99,1749.0,1920.0,16,17.3,MATTE,256,0,6.78
212,LENOVO,2.6,1274.0,AMD,A6,0.0,0,AMD RADEON R4,346.0,AMD,RADEON R4,260.0,251.18,1366.0,4,15.6,MATTE,0,0,4.63
213,HP,2.5,3369.0,INTEL,CORE I7,0.0,0,INTEL HD 520,830.0,INTEL,HD 520,1499.77,1499.77,2560.0,16,13.3,GLOSSY,512,1,3.17
214,APPLE,2.3,8543.0,INTEL,CORE I5,0.0,0,INTEL IRIS PLUS 655,1790.0,INTEL,IRIS PLUS 655,1875.95,1869.95,2560.0,8,13.3,GLOSSY,512,0,3.02
215,ASUS,2.0,6317.0,AMD,RYZEN 5,0.0,1,NVIDIA GEFORCE GTX 1050,3909.0,NVIDIA,GEFORCE GTX 1050,771.45,761.35,1920.0,8,15.6,MATTE,256,0,4.32
216,HP,2.5,3522.0,INTEL,CORE I5,0.0,0,INTEL HD 620,888.0,INTEL,HD 620,698.0,681.0,1366.0,8,15.6,GLOSSY,512,1,4.51
217,LENOVO,2.0,6317.0,AMD,RYZEN 5,0.0,0,AMD RADEON VEGA 8,1406.0,AMD,RADEON VEGA 8,699.99,699.99,1920.0,8,13.3,MATTE,256,0,2.4
218,DELL,2.7,3500.0,INTEL,CORE I7,0.0,0,INTEL HD 620,888.0,INTEL,HD 620,999.66,999.66,3200.0,16,13.3,GLOSSY,512,1,2.89
219,DELL,1.6,6372.0,INTEL,CORE I5,0.0,0,INTEL UHD 620,888.0,INTEL,UHD 620,649.0,649.0,1920.0,8,15.6,GLOSSY,0,1,
220,APPLE,2.3,4675.0,INTEL,CORE I5,0.0,0,INTEL IRIS PLUS 640,1377.0,INTEL,IRIS PLUS 640,1402.49,1299.0,2560.0,8,13.3,GLOSSY,256,0,3.02
221,HP,2.7,3500.0,INTEL,CORE I7,0.0,0,INTEL HD 620,888.0,INTEL,HD 620,673.98,673.98,1600.0,8,17.3,GLOSSY,0,0,5.84
222,HP,2.1,2184.0,INTEL,PENTIUM,0.0,0,INTEL HD 510,582.0,INTEL,HD 510,337.14,328.0,1366.0,8,11.6,MATTE,128,1,3.76
223,ALIENWARE,2.2,10418.0,INTEL,CORE I7,0.0,1,NVIDIA GEFORCE GTX 1070 MAX-Q,,NVIDIA,GEFORCE GTX 1070 MAX-Q,1774.4,1598.36,1920.0,16,15.6,MATTE,128,0,4.78
224,ACER,2.2,3676.0,INTEL,CORE I3,0.0,0,INTEL UHD 620,888.0,INTEL,UHD 620,449.99,434.29,1920.0,6,15.6,,0,0,5.27
225,MICROSOFT,1.0,2756.0,INTEL,CORE M3,0.0,0,INTEL HD 615,799.0,INTEL,HD 615,640.0,550.0,2256.0,4,13.5,GLOSSY,128,1,2.76
226,DELL,2.6,6661.0,INTEL,CORE I7,0.0,1,NVIDIA GEFORCE GTX 960M,3467.0,NVIDIA,GEFORCE GTX 960M,1999.11,1099.0,3840.0,16,15.6,GLOSSY,128,1,4.6
227,SAMSUNG,1.6,672.0,INTEL,CELERON,0.0,0,INTEL HD,10.0,INTEL,HD,145.97,138.0,1366.0,4,11.6,MATTE,16,0,2.54
228,ASUS,1.8,6777.0,INTEL,CORE I7,0.0,0,INTEL UHD 620,888.0,INTEL,UHD 620,890.67,799.99,1920.0,8,14.0,GLOSSY,512,0,3.19
229,MICROSOFT,2.5,4565.0,INTEL,CORE I7,0.0,0,INTEL IRIS PLUS 640,1377.0,INTEL,IRIS PLUS 640,773.0,770.0,2256.0,8,13.5,GLOSSY,256,1,2.83
230,DELL,2.2,2546.0,INTEL,CORE I5,0.0,0,INTEL HD 5500,568.0,INTEL,HD 5500,639.0,639.0,1366.0,8,15.6,GLOSSY,0,1,5.3
231,ASUS,2.2,10418.0,INTEL,CORE I7,0.0,1,NVIDIA GEFORCE GTX 1080,10174.0,NVIDIA,GEFORCE GTX 1080,1489.0,1479.0,1920.0,16,15.6,MATTE,512,0,5.0
232,ASUS,1.1,1278.0,INTEL,CELERON,0.0,0,INTEL UHD 600,345.0,INTEL,UHD 600,266.0,237.9,1366.0,2,11.6,GLOSSY,32,0,2.18
233,ASUS,2.8,2928.0,INTEL,CORE I7,0.0,0,INTEL IRIS 5100,963.0,INTEL,IRIS 5100,999.99,999.99,2560.0,8,13.3,GLOSSY,0,1,2.6
234,MICROSOFT,1.3,8923.0,INTEL,CORE I7,0.0,0,INTEL IRIS PLUS,1377.0,INTEL,IRIS PLUS,2099.0,2059.0,2256.0,16,13.5,GLOSSY,1000,1,2.84
235,DELL,2.4,2806.0,INTEL,CORE I3,0.0,0,INTEL HD 620,888.0,INTEL,HD 620,390.0,390.0,1366.0,8,15.6,GLOSSY,128,0,4.63
236,DELL,1.8,6777.0,INTEL,CORE I7,0.0,0,INTEL UHD 620,888.0,INTEL,UHD 620,1699.0,1649.0,3840.0,16,13.3,GLOSSY,512,1,2.81
237,HP,2.5,3522.0,INTEL,CORE I5,0.0,0,INTEL HD 620,888.0,INTEL,HD 620,545.18,529.88,1366.0,8,15.6,GLOSSY,0,1,4.52
238,OTHER,2.6,11636.0,INTEL,CORE I7,0.0,1,NVIDIA GEFORCE GTX 1650,6318.0,NVIDIA,GEFORCE GTX 1650,1239.0,1229.0,1920.0,16,15.6,MATTE,1000,0,4.85
239,APPLE,1.6,2142.0,INTEL,CORE I5,0.0,0,INTEL HD 6000,829.0,INTEL,HD 6000,519.99,449.98,1440.0,4,13.3,GLOSSY,128,0,2.96
240,ASUS,2.3,2825.0,INTEL,CORE I3,0.0,0,INTEL HD 520,830.0,INTEL,HD 520,799.11,799.11,1366.0,4,15.6,GLOSSY,128,1,4.85
241,DELL,1.6,672.0,INTEL,CELERON,0.0,0,INTEL HD,10.0,INTEL,HD,248.88,248.88,1366.0,2,11.6,MATTE,32,0,2.6
242,DELL,1.8,1888.0,AMD,A6,0.0,1,AMD RADEON R4,346.0,AMD,RADEON R4,317.88,317.88,1366.0,4,15.6,GLOSSY,0,0,6.0
243,SAMSUNG,0.9,1862.0,INTEL,CORE M3,0.0,0,INTEL HD 515,688.0,INTEL,HD 515,699.99,649.0,2400.0,4,12.3,GLOSSY,32,1,2.38
244,ASUS,1.1,1278.0,INTEL,CELERON,0.0,0,INTEL UHD 600,345.0,INTEL,UHD 600,320.55,305.0,1920.0,4,14.0,GLOSSY,64,1,3.3
245,DELL,2.1,1936.0,INTEL,CORE I3,0.0,0,INTEL HD,10.0,INTEL,HD,399.0,399.0,1366.0,6,15.6,GLOSSY,0,0,5.3
246,ACER,2.6,4065.0,AMD,RYZEN 3,0.0,0,AMD RADEON VEGA 3,904.0,AMD,RADEON VEGA 3,313.51,313.38,1920.0,4,15.6,MATTE,128,0,4.19
247,DELL,2.5,3369.0,INTEL,CORE I7,0.0,0,INTEL HD 520,830.0,INTEL,HD 520,884.99,884.99,1920.0,8,13.3,GLOSSY,256,1,3.66
248,DELL,2.8,7069.0,INTEL,CORE I7,0.0,1,NVIDIA GEFORCE GTX 1050,3909.0,NVIDIA,GEFORCE GTX 1050,1129.0,999.0,1920.0,8,15.6,MATTE,128,0,5.66
249,ACER,1.6,759.0,INTEL,CELERON,0.0,0,INTEL HD 400,329.0,INTEL,HD 400,187.0,186.94,1366.0,4,11.6,MATTE,16,0,2.43
250,ACER,1.1,1278.0,INTEL,CELERON,0.0,0,INTEL UHD 600,345.0,INTEL,UHD 600,275.99,246.81,1920.0,4,14.0,MATTE,64,0,3.64
251,LENOVO,2.3,2989.0,INTEL,CORE I5,0.0,0,INTEL HD 520,830.0,INTEL,HD 520,600.0,600.0,1920.0,8,14.0,GLOSSY,256,1,3.85
252,HP,2.16,1179.0,INTEL,PENTIUM,0.0,0,INTEL HD,10.0,INTEL,HD,350.0,329.0,1366.0,4,15.6,GLOSSY,0,0,5.05
253,LENOVO,1.6,6068.0,INTEL,CORE I5,0.0,0,INTEL UHD 620,888.0,INTEL,UHD 620,766.0,766.0,1920.0,8,15.6,MATTE,256,0,4.68
254,MSI,2.6,11636.0,INTEL,CORE I7,0.0,1,NVIDIA GEFORCE GTX 1660 TI,8738.0,NVIDIA,GEFORCE GTX 1660 TI,1396.99,1299.7,1920.0,16,17.3,MATTE,512,0,5.95
255,LENOVO,1.9,6620.0,INTEL,CORE I7,0.0,0,INTEL UHD 620,888.0,INTEL,UHD 620,1529.98,1217.32,1920.0,16,15.6,MATTE,512,1,4.29
256,HP,2.0,6317.0,AMD,RYZEN 5,0.0,0,AMD RADEON VEGA 8,1406.0,AMD,RADEON VEGA 8,678.0,659.99,1920.0,8,15.6,GLOSSY,256,1,4.49
257,ASUS,1.8,6777.0,INTEL,CORE I7,0.0,1,NVIDIA GEFORCE GTX 1650 MAX-Q,,NVIDIA,GEFORCE GTX 1650 MAX-Q,1399.99,1399.99,1920.0,16,15.6,GLOSSY,1000,0,3.68
258,ASUS,1.8,6134.0,INTEL,CORE I7,0.0,0,INTEL UHD 620,888.0,INTEL,UHD 620,849.0,849.0,1920.0,8,13.3,MATTE,256,0,2.5
259,LENOVO,2.1,7248.0,AMD,RYZEN 5,0.0,0,AMD RADEON VEGA 8,1406.0,AMD,RADEON VEGA 8,537.95,528.48,1920.0,12,14.0,GLOSSY,256,1,3.64
260,LENOVO,2.6,861.0,INTEL,CORE I5,0.0,0,INTEL HD 4000,329.0,INTEL,HD 4000,224.95,196.0,1366.0,8,14.0,MATTE,0,0,3.94
261,APPLE,1.6,3296.0,INTEL,CORE I5,0.0,0,INTEL UHD 617,878.0,INTEL,UHD 617,999.99,899.99,2560.0,8,13.3,GLOSSY,128,0,2.75
262,ASUS,0.9,1862.0,INTEL,CORE M3,0.0,0,INTEL HD,10.0,INTEL,HD,999.11,899.99,1920.0,8,13.3,MATTE,256,0,2.65
263,ASUS,1.6,,ROCKCHIP,,0.0,0,MALI-T860 MP4,,MALI-T860,MP4,241.0,230.0,1280.0,4,10.1,GLOSSY,16,1,2.0
264,ASUS,2.2,10418.0,INTEL,CORE I7,0.0,1,NVIDIA GEFORCE RTX 2070 MAX-Q,,NVIDIA,GEFORCE RTX 2070 MAX-Q,1926.26,1699.99,1920.0,16,15.6,MATTE,512,0,4.63
265,LENOVO,3.1,1687.0,AMD,A9,0.0,0,AMD RADEON R5,148.0,AMD,RADEON R5,335.0,334.38,1366.0,8,15.6,MATTE,0,0,4.85
266,HP,2.16,1179.0,INTEL,PENTIUM,0.0,0,INTEL HD,10.0,INTEL,HD,420.0,399.99,1366.0,4,15.6,GLOSSY,0,1,4.7
267,ASUS,1.8,6134.0,INTEL,CORE I7,0.0,1,NVIDIA GEFORCE MX150,2387.0,NVIDIA,GEFORCE MX150,1349.0,1299.0,1920.0,16,14.0,GLOSSY,512,1,3.3
268,MICROSOFT,1.9,6620.0,INTEL,CORE I7,1.0,1,NVIDIA GEFORCE GTX 1060,6406.0,NVIDIA,GEFORCE GTX 1060,2329.99,2054.45,3240.0,16,15.0,GLOSSY,512,1,4.2
269,ACER,1.1,1123.0,INTEL,CELERON,0.0,0,INTEL HD 500,317.0,INTEL,HD 500,160.5,145.99,1366.0,4,11.6,MATTE,32,0,2.98
270,ASUS,1.6,6372.0,INTEL,CORE I5,0.0,0,INTEL UHD 620,888.0,INTEL,UHD 620,829.0,790.79,1920.0,8,13.3,MATTE,256,0,2.5
271,HUAWEI,1.6,6372.0,INTEL,CORE I5,0.0,0,INTEL UHD 620,888.0,INTEL,UHD 620,1259.99,1259.99,3000.0,8,13.9,GLOSSY,256,1,2.93
272,HP,2.6,11636.0,INTEL,CORE I7,0.0,1,NVIDIA GEFORCE RTX 2070,11018.0,NVIDIA,GEFORCE RTX 2070,1599.99,1199.99,1920.0,32,15.6,MATTE,512,0,5.11
273,ACER,1.6,759.0,INTEL,CELERON,0.0,0,INTEL HD 400,329.0,INTEL,HD 400,200.98,200.0,1366.0,4,15.6,MATTE,16,0,4.3
274,ASUS,2.8,7069.0,INTEL,CORE I7,0.0,1,NVIDIA GEFORCE GTX 1050,3909.0,NVIDIA,GEFORCE GTX 1050,1499.98,1499.98,1920.0,16,15.6,MATTE,256,0,5.6
275,DELL,2.5,3522.0,INTEL,CORE I5,0.0,0,INTEL HD 620,888.0,INTEL,HD 620,457.99,450.0,1366.0,8,15.6,MATTE,256,0,5.2
276,DELL,2.4,3368.0,INTEL,CORE I5,0.0,0,INTEL HD 520,830.0,INTEL,HD 520,949.95,940.0,1920.0,8,14.0,MATTE,256,0,3.32
277,RAZER,1.3,8923.0,INTEL,CORE I7,0.0,1,NVIDIA GEFORCE GTX 1650,6318.0,NVIDIA,GEFORCE GTX 1650,1799.99,1499.99,1920.0,16,13.3,MATTE,512,0,3.13
278,HP,,,INTEL,CELERON,0.0,0,INTEL HD,10.0,INTEL,HD,169.99,164.99,1366.0,2,11.6,MATTE,32,0,2.6
279,LENOVO,1.8,6134.0,INTEL,CORE I7,0.0,0,INTEL UHD 620,888.0,INTEL,UHD 620,630.0,618.0,1366.0,12,15.6,MATTE,0,1,4.84
280,DELL,1.6,6372.0,INTEL,CORE I5,0.0,0,INTEL HD 620,888.0,INTEL,HD 620,629.0,616.0,1920.0,12,15.6,GLOSSY,0,1,4.8
281,ACER,1.1,2257.0,INTEL,PENTIUM,0.0,0,INTEL HD 505,411.0,INTEL,HD 505,265.99,265.99,1920.0,4,13.3,MATTE,64,0,2.87
282,RAZER,2.2,10418.0,INTEL,CORE I7,0.0,1,NVIDIA GEFORCE RTX 2080 MAX-Q,,NVIDIA,GEFORCE RTX 2080 MAX-Q,2499.99,2299.99,1920.0,16,15.6,MATTE,512,0,4.63
283,APPLE,1.6,3296.0,INTEL,CORE I5,0.0,0,INTEL UHD 617,878.0,INTEL,UHD 617,1232.0,1099.0,2560.0,8,13.3,GLOSSY,256,0,2.75
284,ALIENWARE,2.5,5439.0,INTEL,CORE I7,0.0,1,NVIDIA GEFORCE GTX 980M,7779.0,NVIDIA,GEFORCE GTX 980M,2045.0,1899.0,1920.0,16,17.3,MATTE,128,0,8.3
285,DELL,2.4,2806.0,INTEL,CORE I3,0.0,0,INTEL HD 620,888.0,INTEL,HD 620,389.0,362.0,1366.0,8,15.6,GLOSSY,0,0,4.85
286,APPLE,1.6,3296.0,INTEL,CORE I5,0.0,0,INTEL UHD 617,878.0,INTEL,UHD 617,899.99,899.0,2560.0,8,13.3,GLOSSY,128,0,2.75
287,LENOVO,2.6,6661.0,INTEL,CORE I7,0.0,1,NVIDIA QUADRO M1000M,2939.0,NVIDIA,QUADRO M1000M,1419.99,1419.99,1920.0,8,15.6,MATTE,0,0,5.6
288,GOOGLE,1.1,2995.0,INTEL,CORE M3,0.0,0,INTEL UHD 615,835.0,INTEL,UHD 615,649.0,642.49,1920.0,8,13.3,GLOSSY,64,1,2.3
289,HP,1.0,2756.0,INTEL,CORE M3,1.0,0,INTEL HD 615,799.0,INTEL,HD 615,541.99,499.99,2400.0,4,12.3,GLOSSY,32,1,3.06
290,HP,2.7,3500.0,INTEL,CORE I7,0.0,0,INTEL HD 620,888.0,INTEL,HD 620,749.99,749.99,1920.0,12,15.6,GLOSSY,0,0,4.19
291,LENOVO,1.6,672.0,INTEL,CELERON,0.0,0,INTEL HD,10.0,INTEL,HD,360.0,360.0,1366.0,4,11.6,GLOSSY,0,1,3.0
292,LENOVO,1.83,970.0,INTEL,CELERON,0.0,0,INTEL HD,10.0,INTEL,HD,445.0,445.0,1366.0,4,11.6,GLOSSY,128,1,3.1
293,LENOVO,2.1,,MEDIATEK,,0.0,0,POWERVR GX6250,,POWERVR,GX6250,368.0,368.0,1366.0,4,11.6,MATTE,32,1,3.0
294,OTHER,2.6,11636.0,INTEL,CORE I7,0.0,1,NVIDIA GEFORCE RTX 2060,11844.0,NVIDIA,GEFORCE RTX 2060,1349.0,1349.0,1920.0,16,15.6,MATTE,500,0,5.0
295,HP,1.1,1278.0,INTEL,CELERON,0.0,0,INTEL UHD 600,345.0,INTEL,UHD 600,227.98,194.99,1366.0,4,15.6,GLOSSY,0,0,4.5
296,HP,2.2,6903.0,AMD,RYZEN 7,0.0,0,AMD RADEON VEGA 10,1569.0,AMD,RADEON VEGA 10,655.89,623.65,1920.0,8,14.0,MATTE,256,0,3.27
297,DELL,1.6,6068.0,INTEL,CORE I5,0.0,0,INTEL UHD 620,888.0,INTEL,UHD 620,619.0,596.0,1920.0,12,15.6,GLOSSY,0,1,4.3
298,LENOVO,1.8,6134.0,INTEL,CORE I7,0.0,0,INTEL UHD 620,888.0,INTEL,UHD 620,689.0,689.0,1366.0,12,15.6,GLOSSY,0,1,4.83
299,ACER,1.6,672.0,INTEL,CELERON,0.0,0,INTEL HD,10.0,INTEL,HD,229.99,229.99,1366.0,2,14.0,MATTE,32,0,3.53
300,LENOVO,1.6,759.0,INTEL,CELERON,0.0,0,INTEL HD 400,329.0,INTEL,HD 400,309.99,309.99,1366.0,4,15.6,,0,0,4.31
301,APPLE,1.8,2559.0,INTEL,CORE I5,0.0,0,INTEL HD 6000,829.0,INTEL,HD 6000,749.99,749.99,1440.0,8,13.3,GLOSSY,128,0,2.96
302,DELL,1.6,672.0,INTEL,CELERON,0.0,0,INTEL HD,10.0,INTEL,HD,249.99,249.99,1366.0,2,14.0,GLOSSY,32,0,3.9
303,LENOVO,2.2,10418.0,INTEL,CORE I7,0.0,1,NVIDIA GEFORCE GTX 1060,6406.0,NVIDIA,GEFORCE GTX 1060,1129.0,1129.0,1920.0,16,15.6,MATTE,128,0,5.17
304,MSI,2.6,11636.0,INTEL,CORE I7,0.0,1,NVIDIA GEFORCE GTX 1650,6318.0,NVIDIA,GEFORCE GTX 1650,1022.0,899.99,1920.0,16,17.3,MATTE,512,0,4.85
305,HP,2.0,2076.0,AMD,A6,0.0,0,AMD RADEON R4,346.0,AMD,RADEON R4,499.0,499.0,1366.0,8,15.6,GLOSSY,0,0,4.74
306,DELL,1.6,2325.0,INTEL,CORE I5,0.0,0,INTEL HD 4400,530.0,INTEL,HD 4400,243.0,226.0,1366.0,8,14.0,MATTE,128,0,3.7
307,LENOVO,2.1,,MEDIATEK,,0.0,0,IMAGINATION POWERVR GX6250,,IMAGINATION,POWERVR GX6250,125.9,119.98,1366.0,4,11.6,MATTE,16,0,2.68
308,LG,1.8,6777.0,INTEL,CORE I7,0.0,0,INTEL UHD 620,888.0,INTEL,UHD 620,1479.0,1344.0,2560.0,16,17.0,GLOSSY,512,0,2.95
309,ASUS,1.6,6372.0,INTEL,CORE I5,0.0,0,INTEL UHD 620,888.0,INTEL,UHD 620,799.99,799.99,1920.0,8,15.6,MATTE,0,0,3.7
310,DELL,,,INTEL,CORE I5,,0,INTEL HD 3000,95.0,INTEL,HD 3000,189.97,175.99,1366.0,4,14.0,MATTE,128,0,4.56
311,ASUS,1.6,759.0,INTEL,CELERON,0.0,0,INTEL HD,10.0,INTEL,HD,229.99,229.99,1366.0,4,13.3,MATTE,16,0,2.98
312,HP,2.16,618.0,INTEL,CELERON,0.0,0,INTEL HD,10.0,INTEL,HD,178.85,178.85,1366.0,2,11.6,MATTE,16,0,2.83
313,LENOVO,1.1,1278.0,INTEL,CELERON,0.0,0,INTEL UHD 600,345.0,INTEL,UHD 600,209.88,189.05,1366.0,4,11.6,MATTE,64,0,2.54
314,DELL,1.6,759.0,INTEL,CELERON,0.0,0,INTEL HD 400,329.0,INTEL,HD 400,156.99,140.0,1366.0,4,11.6,,16,0,3.09
315,ASUS,1.1,2995.0,INTEL,CORE M3,0.0,0,INTEL UHD 615,835.0,INTEL,UHD 615,489.79,482.9,1920.0,4,14.0,GLOSSY,64,1,3.19
316,ACER,2.2,10418.0,INTEL,CORE I7,0.0,1,NVIDIA GEFORCE GTX 1050 TI,5612.0,NVIDIA,GEFORCE GTX 1050 TI,834.95,834.93,1920.0,8,15.6,MATTE,128,0,5.29
317,DELL,2.5,5260.0,INTEL,CORE I5,0.0,1,NVIDIA GEFORCE GTX 1060,6406.0,NVIDIA,GEFORCE GTX 1060,909.0,819.0,1920.0,8,15.6,MATTE,128,0,6.28
318,OTHER,2.6,11636.0,INTEL,CORE I7,0.0,1,NVIDIA GEFORCE RTX 2060,11844.0,NVIDIA,GEFORCE RTX 2060,1499.0,1399.0,1920.0,32,17.3,MATTE,500,0,5.9
319,ASUS,1.1,2995.0,INTEL,CORE M3,0.0,0,INTEL UHD 615,835.0,INTEL,UHD 615,429.97,369.99,1920.0,8,14.0,MATTE,64,0,2.93
320,DELL,2.5,3522.0,INTEL,CORE I5,0.0,0,INTEL HD 620,888.0,INTEL,HD 620,799.0,799.0,1920.0,8,13.3,GLOSSY,128,1,2.9
321,APPLE,1.4,2440.0,INTEL,CORE I5,0.0,0,INTEL HD 5000,478.0,INTEL,HD 5000,399.0,339.99,1366.0,4,11.6,GLOSSY,128,0,2.38
322,ACER,2.5,5260.0,INTEL,CORE I5,0.0,1,NVIDIA GEFORCE GTX 1050 TI,5612.0,NVIDIA,GEFORCE GTX 1050 TI,748.0,705.98,1920.0,8,15.6,MATTE,256,0,5.95
323,MICROSOFT,2.6,3780.0,INTEL,CORE I5,0.0,0,INTEL HD 620,888.0,INTEL,HD 620,740.0,734.99,2736.0,8,12.3,GLOSSY,256,1,1.7
324,MSI,2.6,11636.0,INTEL,CORE I7,0.0,1,NVIDIA GEFORCE GTX 1050 TI,5612.0,NVIDIA,GEFORCE GTX 1050 TI,848.0,649.0,1920.0,8,15.6,MATTE,256,0,4.1
325,OTHER,1.44,112.0,INTEL,CELERON,0.0,0,INTEL HD 4000,329.0,INTEL,HD 4000,165.05,165.05,1366.0,3,12.5,,32,0,2.42
326,ASUS,2.6,11636.0,INTEL,CORE I7,0.0,1,NVIDIA GEFORCE RTX 2070,11018.0,NVIDIA,GEFORCE RTX 2070,2499.97,2299.97,1920.0,16,17.3,MATTE,1000,0,5.73
327,HP,2.5,3522.0,INTEL,CORE I5,0.0,0,INTEL HD 620,888.0,INTEL,HD 620,520.0,498.56,1366.0,8,15.6,GLOSSY,0,1,4.73
328,OTHER,2.6,11636.0,INTEL,CORE I7,0.0,1,NVIDIA GEFORCE GTX 1650,6318.0,NVIDIA,GEFORCE GTX 1650,1319.0,1319.0,1920.0,32,15.6,MATTE,500,0,4.85
329,DELL,2.5,3522.0,INTEL,CORE I5,0.0,0,INTEL HD 620,888.0,INTEL,HD 620,498.0,498.0,1366.0,8,15.6,GLOSSY,0,0,4.95
330,DELL,1.6,6372.0,INTEL,CORE I5,0.0,0,INTEL UHD 620,888.0,INTEL,UHD 620,675.0,661.0,1920.0,16,15.6,GLOSSY,512,1,4.8
331,MICROSOFT,2.6,3807.0,INTEL,CORE I7,1.0,1,NVIDIA GEFORCE,2.0,NVIDIA,GEFORCE,1300.0,1299.81,3000.0,16,13.5,GLOSSY,1000,1,3.34
332,HP,2.4,2806.0,INTEL,CORE I3,0.0,0,INTEL HD 620,888.0,INTEL,HD 620,519.0,497.88,1366.0,8,15.6,GLOSSY,0,1,4.6
333,MICROSOFT,2.6,3807.0,INTEL,CORE I7,0.0,1,NVIDIA GEFORCE 940M,1048.0,NVIDIA,GEFORCE 940M,1428.81,1329.0,3000.0,16,13.5,GLOSSY,1000,1,3.34
334,ASUS,1.6,6372.0,INTEL,CORE I5,0.0,0,INTEL UHD 620,888.0,INTEL,UHD 620,588.0,535.0,1920.0,8,15.6,MATTE,256,0,3.7
335,DELL,2.5,3522.0,INTEL,CORE I5,0.0,0,INTEL HD 620,888.0,INTEL,HD 620,444.0,443.88,1366.0,8,15.6,GLOSSY,256,1,5.07
336,MSI,2.8,7069.0,INTEL,CORE I7,0.0,1,NVIDIA GEFORCE GTX 1060,6406.0,NVIDIA,GEFORCE GTX 1060,1999.11,1999.11,1920.0,16,15.6,MATTE,256,0,3.96
337,MICROSOFT,2.6,3807.0,INTEL,CORE I7,1.0,1,NVIDIA GEFORCE GTX 965M,3683.0,NVIDIA,GEFORCE GTX 965M,949.99,729.0,3000.0,8,13.5,GLOSSY,256,1,3.63
338,MICROSOFT,2.5,4565.0,INTEL,CORE I7,1.0,0,INTEL IRIS PLUS 640,1377.0,INTEL,IRIS PLUS 640,999.66,975.82,2736.0,16,12.3,GLOSSY,512,1,1.73
339,JUMPER,1.6,2049.0,INTEL,ATOM,1.0,0,INTEL HD 505,411.0,INTEL,HD 505,249.9,249.9,1920.0,6,11.6,GLOSSY,64,1,1.54
340,DELL,2.1,1936.0,INTEL,CORE I3,0.0,0,INTEL HD 4400,530.0,INTEL,HD 4400,479.99,479.99,1366.0,6,15.6,GLOSSY,0,1,4.85
341,ASUS,2.5,3522.0,INTEL,CORE I5,0.0,0,INTEL HD 620,888.0,INTEL,HD 620,479.0,479.0,1920.0,6,13.3,GLOSSY,0,1,3.31
342,ASUS,2.16,530.0,INTEL,CELERON,0.0,0,INTEL HD,10.0,INTEL,HD,349.0,349.0,1366.0,4,15.6,GLOSSY,0,0,4.7
343,LENOVO,2.3,2989.0,INTEL,CORE I5,0.0,0,INTEL HD 520,830.0,INTEL,HD 520,649.0,649.0,1366.0,8,15.6,,0,0,5.06
344,MICROSOFT,1.7,2380.0,INTEL,CORE I7,0.0,0,INTEL HD 5000,478.0,INTEL,HD 5000,999.99,999.99,2160.0,8,12.0,GLOSSY,256,1,1.76
345,ASUS,2.2,10418.0,INTEL,CORE I7,0.0,1,NVIDIA GEFORCE GTX 1060,6406.0,NVIDIA,GEFORCE GTX 1060,1358.0,1294.0,1920.0,16,15.6,MATTE,256,0,5.29
346,SAMSUNG,1.7,500.0,SAMSUNG,EXYNOS,0.0,0,INTEL HD,10.0,INTEL,HD,76.0,69.99,1366.0,2,11.6,MATTE,16,0,2.43
347,ASUS,2.8,7069.0,INTEL,CORE I7,0.0,1,NVIDIA GEFORCE GTX 1050,3909.0,NVIDIA,GEFORCE GTX 1050,938.0,938.0,1920.0,16,15.6,MATTE,256,0,5.1
348,DELL,2.2,2546.0,INTEL,CORE I5,0.0,0,INTEL HD 5500,568.0,INTEL,HD 5500,849.88,849.88,1920.0,4,13.3,MATTE,128,0,2.6
349,LENOVO,1.9,1863.0,INTEL,CORE I3,0.0,0,INTEL HD,10.0,INTEL,HD,439.88,439.88,1366.0,4,15.6,GLOSSY,0,0,4.63
350,ASUS,2.5,3522.0,INTEL,CORE I5,0.0,0,INTEL HD 620,888.0,INTEL,HD 620,589.99,589.99,1920.0,8,15.6,MATTE,0,0,3.7
351,RAZER,2.6,11636.0,INTEL,CORE I7,0.0,1,NVIDIA GEFORCE RTX 2060,11844.0,NVIDIA,GEFORCE RTX 2060,1999.99,1799.99,1920.0,16,15.6,MATTE,512,0,4.63
352,LENOVO,1.6,1373.0,INTEL,CORE I5,0.0,0,INTEL HD 4200,90.0,INTEL,HD 4200,779.99,779.99,1920.0,4,11.6,GLOSSY,128,1,3.06
353,DELL,1.6,6372.0,INTEL,CORE I5,0.0,0,INTEL UHD 620,888.0,INTEL,UHD 620,779.99,769.99,1600.0,8,17.3,MATTE,0,0,6.39
354,ACER,2.3,2825.0,INTEL,CORE I3,0.0,0,INTEL HD 520,830.0,INTEL,HD 520,449.99,449.99,1366.0,4,15.6,GLOSSY,0,0,5.29
355,LENOVO,2.5,2365.0,AMD,A12,0.0,0,AMD RADEON R7,551.0,AMD,RADEON R7,484.0,412.0,1366.0,8,15.6,GLOSSY,0,0,4.85
356,DELL,2.7,3190.0,INTEL,CORE I3,0.0,0,INTEL HD 620,888.0,INTEL,HD 620,378.98,368.0,1366.0,8,15.6,GLOSSY,0,0,5.07
357,DELL,1.1,9314.0,INTEL,CORE I5,0.0,0,INTEL IRIS PLUS,1377.0,INTEL,IRIS PLUS,328.94,318.0,1366.0,4,14.0,MATTE,128,0,3.77
358,RAZER,1.8,6134.0,INTEL,CORE I7,0.0,0,INTEL UHD 620,888.0,INTEL,UHD 620,1198.0,1198.0,3200.0,16,13.3,GLOSSY,256,1,2.98
359,HP,1.6,6372.0,INTEL,CORE I5,0.0,0,INTEL UHD 620,888.0,INTEL,UHD 620,559.0,545.37,1366.0,12,15.6,GLOSSY,0,0,4.3
360,LENOVO,1.6,759.0,INTEL,CELERON,0.0,0,INTEL HD 400,329.0,INTEL,HD 400,264.99,259.99,1366.0,4,15.6,,0,0,4.85
361,ASUS,1.1,2801.0,INTEL,PENTIUM,0.0,0,INTEL UHD 605,355.0,INTEL,UHD 605,409.0,409.0,1920.0,4,14.0,GLOSSY,64,1,3.3
362,ACER,1.8,6777.0,INTEL,CORE I7,0.0,1,NVIDIA GEFORCE MX250,2660.0,NVIDIA,GEFORCE MX250,739.0,738.0,1920.0,12,15.6,MATTE,512,0,3.97
363,HP,1.0,7773.0,INTEL,CORE I5,0.0,0,INTEL UHD,345.0,INTEL,UHD,528.0,521.38,1366.0,16,15.6,GLOSSY,512,1,3.75
364,DELL,2.6,3807.0,INTEL,CORE I7,0.0,0,INTEL HD 520,830.0,INTEL,HD 520,454.0,379.99,1366.0,8,14.0,MATTE,256,0,3.13
365,MICROSOFT,1.2,9026.0,INTEL,CORE I5,0.0,0,INTEL IRIS PLUS,1377.0,INTEL,IRIS PLUS,929.0,798.0,2256.0,8,13.5,GLOSSY,128,1,2.79
366,ASUS,2.6,11636.0,INTEL,CORE I7,0.0,1,NVIDIA GEFORCE RTX 2060,11844.0,NVIDIA,GEFORCE RTX 2060,1798.98,1684.03,1920.0,16,15.6,MATTE,1000,0,5.7
367,HP,,,INTEL,CELERON,0.0,0,INTEL HD,10.0,INTEL,HD,298.0,298.0,1366.0,2,13.3,MATTE,32,0,3.42
368,ACER,1.04,1196.0,INTEL,ATOM,0.0,0,INTEL HD,10.0,INTEL,HD,197.99,197.97,1366.0,4,15.6,MATTE,16,0,4.3
369,HP,1.6,759.0,INTEL,CELERON,0.0,0,INTEL HD 400,329.0,INTEL,HD 400,199.99,188.38,1366.0,4,11.6,MATTE,32,0,2.57
370,DELL,2.3,2989.0,INTEL,CORE I5,0.0,0,INTEL HD,10.0,INTEL,HD,545.0,545.0,1366.0,8,15.6,GLOSSY,0,0,5.4
371,ASUS,1.6,759.0,INTEL,CELERON,0.0,0,INTEL HD 400,329.0,INTEL,HD 400,299.0,299.0,1920.0,4,14.0,GLOSSY,32,0,3.2
372,LENOVO,1.6,6372.0,INTEL,CORE I5,0.0,0,INTEL UHD 620,888.0,INTEL,UHD 620,608.98,580.0,1920.0,8,13.3,GLOSSY,256,1,2.62
373,DELL,1.6,672.0,INTEL,CELERON,0.0,0,INTEL HD,10.0,INTEL,HD,299.0,299.0,1366.0,4,15.6,GLOSSY,0,0,4.9
374,LENOVO,2.8,4789.0,INTEL,XEON,0.0,1,NVIDIA QUADRO M1000M,2939.0,NVIDIA,QUADRO M1000M,2099.5,2099.5,1920.0,16,15.6,MATTE,256,0,5.6
375,ACER,2.2,10418.0,INTEL,CORE I7,0.0,1,NVIDIA GEFORCE GTX 1060,6406.0,NVIDIA,GEFORCE GTX 1060,1999.11,1999.11,1920.0,16,17.3,MATTE,256,0,6.61
376,ACER,1.6,1043.0,INTEL,CELERON,0.0,0,INTEL HD,10.0,INTEL,HD,262.98,256.35,1366.0,4,11.6,GLOSSY,32,1,2.76
377,ACER,1.1,1842.0,INTEL,CELERON,0.0,0,INTEL HD 500,317.0,INTEL,HD 500,295.99,219.99,1920.0,4,14.0,,32,0,3.64
378,LENOVO,1.6,6372.0,INTEL,CORE I5,0.0,0,INTEL UHD 620,888.0,INTEL,UHD 620,557.0,547.0,1920.0,8,14.0,GLOSSY,128,1,3.85
379,ACER,1.7,2343.0,INTEL,CORE I5,0.0,0,INTEL HD 4400,530.0,INTEL,HD 4400,527.0,513.7,1366.0,4,15.6,GLOSSY,0,1,5.95
380,HP,2.4,2806.0,INTEL,CORE I3,0.0,0,INTEL HD 620,888.0,INTEL,HD 620,599.99,529.01,1366.0,8,15.6,GLOSSY,0,1,4.68
381,HP,1.7,2343.0,INTEL,CORE I5,0.0,0,INTEL HD 4400,530.0,INTEL,HD 4400,649.0,649.0,1600.0,4,17.3,GLOSSY,0,0,6.17
382,OTHER,2.6,11636.0,INTEL,CORE I7,0.0,1,NVIDIA GEFORCE RTX 2060,11844.0,NVIDIA,GEFORCE RTX 2060,1549.0,1549.0,1920.0,32,15.6,MATTE,1000,0,5.0
383,ASUS,1.6,6068.0,INTEL,CORE I5,0.0,0,INTEL UHD 620,888.0,INTEL,UHD 620,699.99,699.97,1920.0,8,13.3,MATTE,512,0,2.5
384,MICROSOFT,2.5,3522.0,INTEL,CORE I5,0.0,0,INTEL HD 620,888.0,INTEL,HD 620,668.0,664.0,2256.0,8,13.5,GLOSSY,256,1,2.76
385,APPLE,1.3,2293.0,INTEL,CORE I5,0.0,0,INTEL HD 5000,478.0,INTEL,HD 5000,358.0,341.0,1366.0,4,11.6,GLOSSY,128,0,2.5
386,HP,1.8,1240.0,INTEL,CORE I3,0.0,0,INTEL HD,10.0,INTEL,HD,390.0,390.0,1366.0,4,15.6,MATTE,0,0,4.83
387,DELL,2.6,6661.0,INTEL,CORE I7,0.0,1,NVIDIA GEFORCE GTX 960M,3467.0,NVIDIA,GEFORCE GTX 960M,1599.33,1599.33,1920.0,8,15.6,GLOSSY,256,0,3.9
388,SAMSUNG,1.6,759.0,INTEL,CELERON,0.0,0,INTEL HD 400,329.0,INTEL,HD 400,108.97,99.83,1366.0,4,11.6,MATTE,16,0,2.54
389,ACER,2.7,3500.0,INTEL,CORE I7,0.0,0,INTEL HD 620,888.0,INTEL,HD 620,599.99,573.6,1920.0,8,15.6,MATTE,0,0,4.92
390,DELL,2.8,7069.0,INTEL,CORE I7,0.0,1,NVIDIA GEFORCE GTX 1060,6406.0,NVIDIA,GEFORCE GTX 1060,1199.99,1199.99,3840.0,16,15.6,MATTE,128,0,6.28
391,ASUS,1.6,759.0,INTEL,CELERON,0.0,0,INTEL HD 400,329.0,INTEL,HD 400,299.0,299.0,1366.0,4,11.6,GLOSSY,32,1,2.61
392,HP,2.3,7584.0,INTEL,CORE I5,0.0,1,NVIDIA GEFORCE GTX 1050 TI,5612.0,NVIDIA,GEFORCE GTX 1050 TI,899.99,869.0,1920.0,12,15.6,GLOSSY,128,0,5.38
393,DELL,2.5,3522.0,INTEL,CORE I5,0.0,0,INTEL HD 620,888.0,INTEL,HD 620,567.99,515.7,1366.0,8,15.6,GLOSSY,256,0,4.85
394,ACER,2.0,6317.0,AMD,RYZEN 5,0.0,0,AMD RADEON VEGA 8,1406.0,AMD,RADEON VEGA 8,466.0,449.0,1920.0,8,15.6,MATTE,0,0,5.07
395,APPLE,2.5,2503.0,INTEL,CORE I5,,0,INTEL HD,10.0,INTEL,HD,388.71,348.69,1280.0,4,13.3,GLOSSY,0,0,4.5
396,ACER,1.6,759.0,INTEL,CELERON,0.0,0,INTEL HD 400,329.0,INTEL,HD 400,149.99,149.99,1366.0,4,11.6,MATTE,32,0,2.87
397,LENOVO,2.1,7248.0,AMD,RYZEN 5,0.0,0,AMD RADEON VEGA 8,1406.0,AMD,RADEON VEGA 8,552.13,548.94,1920.0,8,14.0,GLOSSY,256,1,3.64
398,MICROSOFT,2.6,3807.0,INTEL,CORE I7,1.0,1,NVIDIA GEFORCE,2.0,NVIDIA,GEFORCE,759.99,678.0,3000.0,8,13.5,GLOSSY,256,1,3.34
399,HP,1.6,759.0,INTEL,CELERON,0.0,0,INTEL HD 400,329.0,INTEL,HD 400,159.99,159.99,1366.0,4,14.0,GLOSSY,32,0,3.17
400,OTHER,2.6,11636.0,INTEL,CORE I7,0.0,1,NVIDIA GEFORCE RTX 2060,11844.0,NVIDIA,GEFORCE RTX 2060,1499.0,1429.0,1920.0,32,17.3,MATTE,500,0,5.9
401,ASUS,2.1,7248.0,AMD,RYZEN 5,0.0,0,AMD RADEON VEGA 8,1406.0,AMD,RADEON VEGA 8,479.99,472.61,1920.0,8,15.6,MATTE,256,0,3.5
402,LENOVO,1.9,6620.0,INTEL,CORE I7,0.0,0,INTEL UHD 620,888.0,INTEL,UHD 620,1649.99,1649.99,2560.0,16,14.0,GLOSSY,1000,0,2.49
403,ASUS,2.2,2546.0,INTEL,CORE I5,0.0,0,INTEL HD,10.0,INTEL,HD,642.0,642.0,1920.0,8,13.3,GLOSSY,256,1,3.2
404,LENOVO,2.7,2741.0,AMD,A12,0.0,0,AMD RADEON R7,551.0,AMD,RADEON R7,430.0,430.0,1366.0,8,15.6,MATTE,0,0,4.85
405,DELL,2.2,3555.0,INTEL,CORE I7,0.0,0,INTEL IRIS 540,1251.0,INTEL,IRIS 540,1499.44,1199.0,3200.0,8,13.3,GLOSSY,256,1,2.8
406,LENOVO,1.6,6068.0,INTEL,CORE I5,0.0,0,INTEL UHD 620,888.0,INTEL,UHD 620,775.0,729.99,1920.0,8,15.6,MATTE,256,0,4.68
407,APPLE,1.4,2440.0,INTEL,CORE I5,0.0,0,INTEL HD 5000,478.0,INTEL,HD 5000,465.61,390.0,1440.0,4,13.3,GLOSSY,128,0,2.94
408,MICROSOFT,1.9,6620.0,INTEL,CORE I7,1.0,1,NVIDIA GEFORCE GTX 1050,3909.0,NVIDIA,GEFORCE GTX 1050,1875.0,1865.0,3000.0,16,13.5,GLOSSY,512,1,3.62
409,SAMSUNG,1.5,1253.0,INTEL,CELERON,0.0,0,INTEL HD 615,799.0,INTEL,HD 615,365.0,349.99,1920.0,4,12.2,GLOSSY,32,1,2.98
410,DELL,2.0,6317.0,AMD,RYZEN 5,0.0,0,AMD RADEON VEGA 8,1406.0,AMD,RADEON VEGA 8,425.61,425.61,1920.0,8,15.6,MATTE,0,0,4.89
411,MICROSOFT,1.1,9314.0,INTEL,CORE I5,1.0,0,INTEL IRIS PLUS,1377.0,INTEL,IRIS PLUS,749.0,688.0,2736.0,8,12.3,GLOSSY,128,1,1.7
412,LENOVO,2.7,3500.0,INTEL,CORE I7,0.0,1,NVIDIA GEFORCE 940MX,1603.0,NVIDIA,GEFORCE 940MX,1999.11,1999.11,1920.0,12,15.6,MATTE,256,0,4.84
413,OTHER,2.6,11636.0,INTEL,CORE I7,0.0,1,NVIDIA GEFORCE RTX 2070,11018.0,NVIDIA,GEFORCE RTX 2070,1929.0,1829.0,1920.0,32,15.6,MATTE,1000,0,4.6
414,HP,2.2,10418.0,INTEL,CORE I7,0.0,1,NVIDIA GEFORCE GTX 1060,6406.0,NVIDIA,GEFORCE GTX 1060,2499.11,2499.11,1920.0,16,15.6,MATTE,128,0,5.56
415,OTHER,2.6,11636.0,INTEL,CORE I7,0.0,1,NVIDIA GEFORCE GTX 1660 TI,8738.0,NVIDIA,GEFORCE GTX 1660 TI,1229.0,1209.0,1920.0,16,15.6,MATTE,250,0,4.85
416,MICROSOFT,2.6,3780.0,INTEL,CORE I5,1.0,0,INTEL HD 620,888.0,INTEL,HD 620,959.99,928.0,3000.0,8,13.5,GLOSSY,128,1,3.38
417,ACER,2.1,4248.0,INTEL,CORE I3,0.0,0,INTEL UHD 620,888.0,INTEL,UHD 620,379.99,379.99,1920.0,4,15.6,MATTE,128,0,3.97
418,LENOVO,2.8,7069.0,INTEL,CORE I7,0.0,1,NVIDIA GEFORCE GTX 1050,3909.0,NVIDIA,GEFORCE GTX 1050,1048.88,1048.88,3840.0,16,15.6,GLOSSY,512,1,4.41
419,DELL,2.6,11636.0,INTEL,CORE I7,0.0,1,NVIDIA GEFORCE GTX 1650,6318.0,NVIDIA,GEFORCE GTX 1650,2099.99,1749.97,3840.0,16,15.6,GLOSSY,1000,0,4.5
420,ASUS,2.3,7584.0,INTEL,CORE I5,0.0,1,NVIDIA GEFORCE GTX 1050,3909.0,NVIDIA,GEFORCE GTX 1050,799.99,699.0,1920.0,8,15.6,MATTE,0,0,5.07
421,HP,2.2,10418.0,INTEL,CORE I7,0.0,1,NVIDIA GEFORCE GTX 1060,6406.0,NVIDIA,GEFORCE GTX 1060,1549.0,1549.0,1920.0,16,17.3,MATTE,128,0,8.33
422,OTHER,2.6,11636.0,INTEL,CORE I7,0.0,1,NVIDIA GEFORCE RTX 2070,11018.0,NVIDIA,GEFORCE RTX 2070,1599.0,1549.0,1920.0,16,15.6,MATTE,500,0,4.6
423,OTHER,2.6,11636.0,INTEL,CORE I7,0.0,1,NVIDIA GEFORCE RTX 2070,11018.0,NVIDIA,GEFORCE RTX 2070,1749.0,1649.0,1920.0,32,15.6,MATTE,500,0,4.6
424,HP,2.5,3369.0,INTEL,CORE I7,0.0,1,NVIDIA GEFORCE 940MX,1603.0,NVIDIA,GEFORCE 940MX,787.0,787.0,1366.0,12,15.6,GLOSSY,0,0,4.27
425,HP,1.9,2579.0,INTEL,CORE I5,0.0,0,INTEL HD 4400,530.0,INTEL,HD 4400,276.96,254.99,1366.0,8,14.0,MATTE,256,0,3.5
426,DELL,2.4,4519.0,INTEL,CORE I7,0.0,0,INTEL IRIS PLUS 640,1377.0,INTEL,IRIS PLUS 640,1799.33,1799.33,3200.0,16,13.3,GLOSSY,1000,1,2.7
427,ACER,1.1,2257.0,INTEL,PENTIUM,0.0,0,INTEL HD 505,411.0,INTEL,HD 505,325.12,322.0,1920.0,4,15.6,GLOSSY,32,1,4.3
428,HP,2.3,2825.0,INTEL,CORE I3,0.0,0,INTEL HD 520,830.0,INTEL,HD 520,399.0,399.0,1366.0,8,15.6,GLOSSY,0,1,4.68
429,HP,2.6,1274.0,AMD,A6,0.0,0,AMD RADEON R4,346.0,AMD,RADEON R4,408.0,395.0,1366.0,8,15.6,GLOSSY,0,0,4.63
430,DELL,2.4,2715.0,INTEL,CORE I7,0.0,0,INTEL HD 5500,568.0,INTEL,HD 5500,1499.44,1499.44,3200.0,8,13.3,GLOSSY,256,1,2.8
431,APPLE,1.7,2093.0,INTEL,CORE I5,0.0,0,INTEL HD 4000,329.0,INTEL,HD 4000,399.99,303.43,1366.0,4,11.6,GLOSSY,64,0,2.38
432,APPLE,1.4,8395.0,INTEL,CORE I5,0.0,0,INTEL IRIS PLUS 645,2054.0,INTEL,IRIS PLUS 645,1230.08,1099.99,2560.0,8,13.3,GLOSSY,128,0,3.02
433,HP,3.0,1131.0,AMD,A9,0.0,0,AMD RADEON R5,148.0,AMD,RADEON R5,449.99,449.99,1600.0,4,17.3,GLOSSY,0,0,5.62
434,APPLE,1.6,2142.0,INTEL,CORE I5,,0,INTEL HD 6000,829.0,INTEL,HD 6000,418.0,418.0,1366.0,4,11.6,GLOSSY,128,0,2.38
435,LENOVO,2.5,3522.0,INTEL,CORE I5,0.0,0,INTEL HD 620,888.0,INTEL,HD 620,648.0,499.0,1366.0,8,14.0,MATTE,256,0,3.74
436,ASUS,2.6,11636.0,INTEL,CORE I7,0.0,1,NVIDIA GEFORCE GTX 1660 TI,8738.0,NVIDIA,GEFORCE GTX 1660 TI,1196.99,1085.99,1920.0,16,17.3,MATTE,512,0,6.28
437,ACER,1.6,6372.0,INTEL,CORE I5,0.0,1,NVIDIA GEFORCE MX150,2387.0,NVIDIA,GEFORCE MX150,605.99,583.99,1920.0,8,15.6,MATTE,256,0,4.85
438,DELL,2.7,3190.0,INTEL,CORE I3,0.0,0,INTEL HD 620,888.0,INTEL,HD 620,358.0,313.0,1366.0,8,15.6,GLOSSY,128,1,5.07
439,APPLE,1.6,2142.0,INTEL,CORE I5,0.0,0,INTEL HD 6000,829.0,INTEL,HD 6000,490.78,479.0,1440.0,8,13.3,GLOSSY,128,0,2.96
440,HP,,,INTEL,CELERON,0.0,0,INTEL HD,10.0,INTEL,HD,246.0,219.0,1920.0,4,14.0,MATTE,16,0,3.74
441,DELL,1.6,759.0,INTEL,CELERON,0.0,0,INTEL HD 400,329.0,INTEL,HD 400,289.0,289.0,1366.0,4,11.6,MATTE,32,1,2.6
442,HP,2.7,2741.0,AMD,A12,0.0,0,AMD RADEON R7,551.0,AMD,RADEON R7,532.39,528.9,1366.0,8,15.6,GLOSSY,0,1,4.52
443,RAZER,1.8,6134.0,INTEL,CORE I7,0.0,0,INTEL UHD 620,888.0,INTEL,UHD 620,1799.99,1799.99,3200.0,16,13.3,GLOSSY,512,1,2.98
444,DELL,2.5,3369.0,INTEL,CORE I7,0.0,0,INTEL HD 520,830.0,INTEL,HD 520,999.11,999.11,1366.0,12,15.6,GLOSSY,0,0,4.94
445,HP,2.16,618.0,INTEL,CELERON,0.0,0,INTEL HD,10.0,INTEL,HD,412.0,409.98,1366.0,4,15.6,GLOSSY,0,1,5.05
446,ACER,1.6,6068.0,INTEL,CORE I5,0.0,0,INTEL UHD 620,888.0,INTEL,UHD 620,523.27,508.98,1920.0,8,15.6,MATTE,256,0,4.19
447,ASUS,1.8,6777.0,INTEL,CORE I7,0.0,0,INTEL UHD 620,888.0,INTEL,UHD 620,1099.99,1099.99,1920.0,16,14.0,GLOSSY,512,0,2.6
448,DELL,2.7,3190.0,INTEL,CORE I3,0.0,0,INTEL HD 620,888.0,INTEL,HD 620,395.99,395.99,1366.0,4,15.6,MATTE,128,0,4.96
449,MSI,2.2,10418.0,INTEL,CORE I7,0.0,1,NVIDIA GEFORCE GTX 1060,6406.0,NVIDIA,GEFORCE GTX 1060,2099.0,2099.0,1920.0,16,15.6,MATTE,512,0,4.14
450,ASUS,2.2,10418.0,INTEL,CORE I7,0.0,1,NVIDIA GEFORCE RTX 2070,11018.0,NVIDIA,GEFORCE RTX 2070,1749.99,1689.99,1920.0,16,15.6,MATTE,512,0,5.29
451,MSI,2.6,11636.0,INTEL,CORE I7,0.0,1,NVIDIA GEFORCE RTX 2060,11844.0,NVIDIA,GEFORCE RTX 2060,1763.02,1699.98,1920.0,16,17.3,MATTE,512,0,5.75
452,SAMSUNG,1.0,2756.0,INTEL,CORE M3,0.0,0,INTEL HD 615,799.0,INTEL,HD 615,458.99,433.25,1920.0,4,12.2,GLOSSY,64,1,2.98
453,APPLE,2.8,7462.0,INTEL,CORE I7,0.0,1,NVIDIA GEFORCE GT 750M,1232.0,NVIDIA,GEFORCE GT 750M,1099.0,1006.27,2880.0,16,15.4,GLOSSY,512,0,4.46
454,ASUS,2.2,10418.0,INTEL,CORE I7,0.0,1,NVIDIA GEFORCE GTX 1070,10472.0,NVIDIA,GEFORCE GTX 1070,1579.99,1568.0,1920.0,16,15.6,MATTE,512,0,4.63
455,ALIENWARE,2.8,7069.0,INTEL,CORE I7,0.0,1,NVIDIA GEFORCE GTX 1070,10472.0,NVIDIA,GEFORCE GTX 1070,1652.02,1299.0,1920.0,16,15.6,MATTE,256,0,7.69
456,HP,2.7,2256.0,AMD,FX,0.0,0,AMD RADEON R7,551.0,AMD,RADEON R7,459.99,444.0,1920.0,8,15.6,GLOSSY,0,1,4.74
457,DELL,2.3,7584.0,INTEL,CORE I5,0.0,1,NVIDIA GEFOCE GTX 1060,,NVIDIA,GEFOCE GTX 1060,1149.0,1149.0,1920.0,8,15.6,MATTE,128,0,6.28
458,HP,2.7,3500.0,INTEL,CORE I7,0.0,0,INTEL HD 620,888.0,INTEL,HD 620,624.99,589.95,1366.0,8,15.6,GLOSSY,0,1,4.4
459,OTHER,2.6,11636.0,INTEL,CORE I7,0.0,1,NVIDIA GEFORCE RTX 2070,11018.0,NVIDIA,GEFORCE RTX 2070,2149.0,2149.0,1920.0,32,17.3,MATTE,1000,0,4.71
460,SAMSUNG,0.9,1862.0,INTEL,CORE M3,0.0,0,INTEL HD 515,688.0,INTEL,HD 515,489.99,444.44,2400.0,4,12.3,GLOSSY,32,1,2.4
461,ASUS,2.1,8163.0,AMD,RYZEN 5,0.0,1,NVIDIA GEFORCE GTX 1650,6318.0,NVIDIA,GEFORCE GTX 1650,649.99,649.99,1920.0,8,15.6,MATTE,256,0,4.85
462,MICROSOFT,1.6,6372.0,INTEL,CORE I5,0.0,0,INTEL UHD 620,888.0,INTEL,UHD 620,899.99,789.0,2256.0,8,13.5,GLOSSY,128,1,2.76
463,DELL,1.6,1032.0,AMD,A6,0.0,0,AMD RADEON R4,346.0,AMD,RADEON R4,168.88,165.0,1366.0,4,11.6,MATTE,32,0,2.98
464,HP,2.4,2806.0,INTEL,CORE I3,0.0,0,INTEL HD 620,888.0,INTEL,HD 620,579.0,574.0,1366.0,12,15.6,GLOSSY,0,1,4.52
465,HP,0.9,1862.0,INTEL,CORE M3,1.0,0,INTEL HD 515,688.0,INTEL,HD 515,449.99,449.0,1920.0,4,12.0,GLOSSY,128,1,2.68
466,ASUS,2.8,7069.0,INTEL,CORE I7,0.0,1,NVIDIA GEFORCE GTX 1070,10472.0,NVIDIA,GEFORCE GTX 1070,1950.14,1112.57,1920.0,16,15.6,MATTE,256,0,5.0
467,DELL,2.6,11636.0,INTEL,CORE I7,0.0,1,NVIDIA GEFORCE GTX 1650,6318.0,NVIDIA,GEFORCE GTX 1650,1779.8,1589.99,3840.0,16,15.6,GLOSSY,256,0,4.4
468,SAMSUNG,1.1,1278.0,INTEL,CELERON,0.0,0,INTEL UHD 600,345.0,INTEL,UHD 600,299.99,265.99,1920.0,6,15.6,MATTE,64,0,3.75
469,ASUS,1.8,6134.0,INTEL,CORE I7,0.0,0,INTEL UHD 620,888.0,INTEL,UHD 620,1024.14,1024.14,1920.0,16,14.0,MATTE,512,0,2.76
470,ASUS,2.7,2741.0,AMD,A12,0.0,0,AMD RADEON R7,551.0,AMD,RADEON R7,339.0,335.0,1366.0,8,15.6,GLOSSY,128,0,5.07
471,HP,2.4,2426.0,AMD,A10,0.0,0,AMD RADEON R5,148.0,AMD,RADEON R5,435.82,421.99,1366.0,6,15.6,GLOSSY,0,1,4.72
472,ALIENWARE,2.2,10418.0,INTEL,CORE I7,0.0,1,NVIDIA GEFORCE GTX 1070,10472.0,NVIDIA,GEFORCE GTX 1070,1645.0,1645.0,1920.0,16,17.3,MATTE,256,0,9.74
473,ASUS,2.0,2761.0,INTEL,CORE I7,0.0,0,INTEL HD 4400,530.0,INTEL,HD 4400,649.99,649.99,1366.0,8,15.6,GLOSSY,0,1,5.0
474,JUMPER,1.1,1123.0,INTEL,CELERON,0.0,0,INTEL HD 500,317.0,INTEL,HD 500,229.0,219.0,1920.0,6,13.3,MATTE,64,0,2.7
475,HP,1.6,6372.0,INTEL,CORE I5,0.0,0,INTEL UHD 620,888.0,INTEL,UHD 620,621.99,621.0,1366.0,12,15.6,GLOSSY,0,1,4.23
476,HP,1.6,6372.0,INTEL,CORE I5,0.0,0,INTEL UHD 620,888.0,INTEL,UHD 620,638.0,638.0,1366.0,8,15.6,GLOSSY,0,0,4.67
477,RAZER,1.8,6777.0,INTEL,CORE I7,0.0,1,NVIDIA GEFORCE MX150,2387.0,NVIDIA,GEFORCE MX150,1699.99,1699.99,3840.0,16,13.3,GLOSSY,512,1,3.04
478,DELL,1.6,759.0,INTEL,CELERON,0.0,0,INTEL HD 400,329.0,INTEL,HD 400,166.99,164.0,1366.0,4,11.6,MATTE,16,0,3.09
479,LENOVO,2.0,2076.0,AMD,A6,0.0,0,AMD RADEON R4,346.0,AMD,RADEON R4,285.0,249.99,1366.0,4,15.6,GLOSSY,0,0,4.85
480,DELL,2.2,6903.0,AMD,RYZEN 7,0.0,0,AMD RADEON VEGA 10,1569.0,AMD,RADEON VEGA 10,517.99,512.99,1920.0,12,13.3,GLOSSY,256,1,3.86
481,OTHER,2.6,11636.0,INTEL,CORE I7,0.0,1,NVIDIA GEFORCE RTX 2070,11018.0,NVIDIA,GEFORCE RTX 2070,1809.0,1809.0,1920.0,32,17.3,MATTE,500,0,5.51
482,DELL,1.8,6134.0,INTEL,CORE I7,0.0,0,INTEL UHD 620,888.0,INTEL,UHD 620,844.97,829.99,1920.0,8,13.3,GLOSSY,256,1,3.72
483,DELL,2.5,1032.0,AMD,A6,0.0,0,AMD RADEON R4,346.0,AMD,RADEON R4,298.95,287.97,1366.0,4,15.6,GLOSSY,0,0,5.07
484,LENOVO,2.3,2989.0,INTEL,CORE I5,0.0,0,INTEL HD 520,830.0,INTEL,HD 520,549.0,549.0,1920.0,8,15.6,GLOSSY,256,1,4.19
485,APPLE,2.3,4675.0,INTEL,CORE I5,0.0,0,INTEL IRIS PLUS 640,1377.0,INTEL,IRIS PLUS 640,1299.0,1169.0,2560.0,8,13.3,GLOSSY,128,0,3.02
486,HP,2.16,1179.0,INTEL,PENTIUM,0.0,0,INTEL HD,10.0,INTEL,HD,344.0,344.0,1366.0,4,15.6,GLOSSY,0,1,5.05
487,RAZER,2.6,11636.0,INTEL,CORE I7,0.0,1,NVIDIA GEFORCE RTX 2080 MAX-Q,,NVIDIA,GEFORCE RTX 2080 MAX-Q,2699.99,2693.39,1920.0,16,15.6,MATTE,512,0,4.74
488,ACER,1.4,849.0,INTEL,CELERON,0.0,0,INTEL HD,10.0,INTEL,HD,90.9,84.99,1366.0,4,11.6,GLOSSY,16,1,2.98
489,ASUS,2.3,2989.0,INTEL,CORE I5,0.0,0,INTEL HD 520,830.0,INTEL,HD 520,502.59,502.59,1920.0,6,13.3,GLOSSY,0,1,3.31
490,MICROSOFT,1.6,1348.0,INTEL,ATOM,1.0,0,,,,,429.99,429.99,1920.0,2,10.8,,64,1,1.37
491,LENOVO,2.16,759.0,INTEL,CELERON,0.0,0,INTEL HD 400,329.0,INTEL,HD 400,287.9,287.9,1366.0,4,15.6,,0,0,4.31
492,LENOVO,1.6,672.0,INTEL,CELERON,0.0,0,INTEL HD,10.0,INTEL,HD,348.9,348.9,1366.0,4,11.6,MATTE,64,0,2.8
493,HP,1.6,6372.0,INTEL,CORE I5,0.0,0,INTEL UHD 620,888.0,INTEL,UHD 620,779.0,749.0,1600.0,8,17.3,GLOSSY,0,0,
494,MSI,2.4,8167.0,INTEL,CORE I5,0.0,1,NVIDIA GEFORCE GTX 1050 TI,5612.0,NVIDIA,GEFORCE GTX 1050 TI,829.99,689.0,1920.0,8,15.6,MATTE,512,0,4.1
495,ASUS,2.1,8163.0,AMD,RYZEN 5,0.0,1,AMD RADEON RX 560X,3520.0,AMD,RADEON RX 560X,689.99,669.0,1920.0,8,15.6,MATTE,256,0,4.85
496,GOOGLE,1.2,2958.0,INTEL,CORE I5,0.0,0,INTEL HD 615,799.0,INTEL,HD 615,875.0,860.0,2400.0,8,12.3,GLOSSY,128,1,2.4
497,LG,1.8,6777.0,INTEL,CORE I7,0.0,0,INTEL UHD 620,888.0,INTEL,UHD 620,1599.0,1496.99,2560.0,16,17.0,GLOSSY,1000,0,2.95
498,LENOVO,1.7,6987.0,INTEL,CORE I5,0.0,0,INTEL UHD 620,888.0,INTEL,UHD 620,829.95,829.95,1920.0,16,14.0,MATTE,256,0,2.9
499,DELL,2.6,861.0,INTEL,CORE I5,0.0,0,INTEL HD 4000,329.0,INTEL,HD 4000,214.99,179.68,1366.0,8,14.0,MATTE,0,0,4.44
500,DELL,2.1,4248.0,INTEL,CORE I3,0.0,0,INTEL UHD 620,888.0,INTEL,UHD 620,329.99,322.98,1366.0,4,14.0,GLOSSY,128,1,3.84
501,DELL,1.8,6134.0,INTEL,CORE I7,0.0,0,INTEL UHD 620,888.0,INTEL,UHD 620,1799.33,1577.94,3840.0,16,13.3,GLOSSY,1000,1,2.67
502,ASUS,1.6,1243.0,INTEL,PENTIUM,0.0,0,INTEL HD,10.0,INTEL,HD,338.87,335.0,1366.0,4,15.6,GLOSSY,0,0,4.41
503,OTHER,2.6,11636.0,INTEL,CORE I7,0.0,1,NVIDIA GEFORCE RTX 2060,11844.0,NVIDIA,GEFORCE RTX 2060,1349.0,1299.0,1920.0,16,17.3,MATTE,500,0,5.9
504,LENOVO,1.1,1123.0,INTEL,CELERON,0.0,0,INTEL HD 500,317.0,INTEL,HD 500,342.0,299.99,1366.0,4,15.6,MATTE,0,0,4.85
505,DELL,1.9,1863.0,INTEL,CORE I3,0.0,0,INTEL HD 4400,530.0,INTEL,HD 4400,383.51,383.51,1366.0,4,15.6,GLOSSY,0,1,6.0
506,ASUS,2.8,7069.0,INTEL,CORE I7,0.0,1,NVIDIA GEFORCE GTX 1070,10472.0,NVIDIA,GEFORCE GTX 1070,1899.99,1899.99,1920.0,12,17.3,MATTE,128,0,6.39
507,ASUS,1.6,6372.0,INTEL,CORE I5,0.0,0,INTEL UHD 620,888.0,INTEL,UHD 620,669.97,499.99,1920.0,8,15.6,MATTE,128,0,3.7
508,HP,2.5,3522.0,INTEL,CORE I5,0.0,0,INTEL HD 620,888.0,INTEL,HD 620,548.29,548.29,1600.0,8,17.3,GLOSSY,0,0,5.84
509,OTHER,2.6,11636.0,INTEL,CORE I7,0.0,1,NVIDIA GEFORCE RTX 2070,11018.0,NVIDIA,GEFORCE RTX 2070,1699.0,1659.0,1920.0,32,15.6,MATTE,500,0,4.6
0,ASUS,1.8,6134.0,INTEL,CORE I7,0.0,0,INTEL UHD 620,888.0,INTEL,UHD 620,,,1920.0,16,13.3,GLOSSY,512,1,2.42
1,DELL,2.7,3190.0,INTEL,CORE I3,0.0,0,INTEL HD 620,888.0,INTEL,HD 620,,,1366.0,8,15.6,MATTE,0,0,4.95
2,ASUS,1.8,6777.0,INTEL,CORE I7,0.0,0,INTEL UHD 620,888.0,INTEL,UHD 620,,,1920.0,8,15.6,MATTE,256,0,4.0
3,HP,2.5,3522.0,INTEL,CORE I5,0.0,0,INTEL HD 620,888.0,INTEL,HD 620,,,1366.0,8,15.6,GLOSSY,128,1,4.52
4,MSI,2.2,10418.0,INTEL,CORE I7,0.0,1,NVIDIA GEFORCE RTX 2080 MAX-Q,,NVIDIA,GEFORCE RTX 2080 MAX-Q,,,1920.0,32,17.3,MATTE,512,0,4.96
5,ALIENWARE,3.6,18993.0,INTEL,CORE I9,0.0,1,NVIDIA GEFORCE RTX 2080,14482.0,NVIDIA,GEFORCE RTX 2080,,,1920.0,32,17.3,MATTE,512,0,8.54
6,MICROSOFT,1.6,1705.0,INTEL,PENTIUM,1.0,0,INTEL HD 615,799.0,INTEL,HD 615,,,1800.0,8,10.0,GLOSSY,128,1,1.15
7,ACER,1.6,759.0,INTEL,CELERON,0.0,0,INTEL HD 400,329.0,INTEL,HD 400,,,1366.0,4,11.6,GLOSSY,16,1,2.76
8,LENOVO,1.6,6068.0,INTEL,CORE I5,0.0,0,INTEL UHD 620,888.0,INTEL,UHD 620,,,1366.0,16,15.6,MATTE,256,0,4.7
9,LENOVO,2.1,,MEDIATEK,,0.0,0,POWERVR GX6250,,POWERVR,GX6250,,,1920.0,4,14.0,MATTE,64,0,3.24
10,LENOVO,2.8,7069.0,INTEL,CORE I7,0.0,0,INTEL HD 630,184.0,INTEL,HD 630,,,1920.0,8,15.6,GLOSSY,256,1,4.41
11,MSI,2.2,10418.0,INTEL,CORE I7,0.0,1,NVIDIA GEFORCE RTX 2070 MAX-Q,,NVIDIA,GEFORCE RTX 2070 MAX-Q,,,1920.0,32,15.6,MATTE,512,0,4.19
12,ASUS,2.3,7584.0,INTEL,CORE I5,0.0,1,NVIDIA GEFORCE GTX 1050 TI,5612.0,NVIDIA,GEFORCE GTX 1050 TI,,,1920.0,8,15.6,MATTE,0,0,5.07
13,LENOVO,1.1,2801.0,INTEL,PENTIUM,0.0,0,INTEL UHD 605,355.0,INTEL,UHD 605,,,1366.0,4,11.6,GLOSSY,64,1,2.75
14,HP,1.6,6372.0,INTEL,CORE I5,0.0,0,INTEL UHD 620,888.0,INTEL,UHD 620,,,1366.0,12,15.6,GLOSSY,0,1,4.65
15,ASUS,2.3,8464.0,AMD,RYZEN 7,0.0,1,NVIDIA GEFORCE GTX 1660 TI,8738.0,NVIDIA,GEFORCE GTX 1660 TI,,,1920.0,16,15.6,MATTE,256,0,4.85
16,MICROSOFT,2.4,3368.0,INTEL,CORE I5,1.0,0,INTEL HD 520,830.0,INTEL,HD 520,,,3000.0,8,13.5,GLOSSY,128,1,3.48
17,LENOVO,2.4,3368.0,INTEL,CORE I5,0.0,0,INTEL HD 520,830.0,INTEL,HD 520,,,1920.0,16,14.0,MATTE,512,0,3.6
18,LENOVO,1.9,1863.0,INTEL,CORE I3,0.0,0,INTEL HD 4400,530.0,INTEL,HD 4400,,,1366.0,6,15.6,GLOSSY,0,0,4.63
19,HP,2.5,3522.0,INTEL,CORE I5,0.0,0,INTEL HD 620,888.0,INTEL,HD 620,,,1366.0,12,15.6,GLOSSY,0,1,4.83
20,DELL,2.6,11636.0,INTEL,CORE I7,0.0,1,NVIDIA GEFORCE GTX 1650,6318.0,NVIDIA,GEFORCE GTX 1650,,,1920.0,16,15.6,MATTE,256,0,5.9
21,HP,1.9,2579.0,INTEL,CORE I5,0.0,0,INTEL HD 4400,530.0,INTEL,HD 4400,,,1366.0,8,14.0,MATTE,0,0,3.48
22,HP,,,AMD,A6,0.0,0,AMD RADEON R4,346.0,AMD,RADEON R4,,,1366.0,4,15.6,GLOSSY,0,0,4.73
23,LENOVO,2.7,3500.0,INTEL,CORE I7,0.0,0,INTEL HD 620,888.0,INTEL,HD 620,,,1366.0,12,15.6,GLOSSY,0,0,4.83
24,ACER,1.6,1294.0,INTEL,CELERON,0.0,0,INTEL HD 400,329.0,INTEL,HD 400,,,1366.0,4,11.6,GLOSSY,32,1,2.75
25,ACER,1.8,6777.0,INTEL,CORE I7,0.0,0,INTEL UHD 620,888.0,INTEL,UHD 620,,,1920.0,16,15.6,GLOSSY,512,1,2.2
26,SAMSUNG,1.5,1253.0,INTEL,CELERON,0.0,0,INTEL UHD 615,835.0,INTEL,UHD 615,,,1920.0,4,12.2,GLOSSY,64,1,2.98
27,MSI,2.2,10418.0,INTEL,CORE I7,0.0,1,NVIDIA GEFORCE GTX 1070,10472.0,NVIDIA,GEFORCE GTX 1070,,,1920.0,32,15.6,MATTE,1000,0,4.14
28,DELL,2.2,2546.0,INTEL,CORE I5,0.0,0,INTEL HD,10.0,INTEL,HD,,,1366.0,8,15.6,GLOSSY,0,1,5.4
29,ACER,2.2,6903.0,AMD,RYZEN 7,0.0,0,AMD RADEON VEGA 10,1569.0,AMD,RADEON VEGA 10,,,1920.0,8,15.6,MATTE,256,0,5.07
30,ASUS,1.1,1123.0,INTEL,CELERON,0.0,0,INTEL HD 500,317.0,INTEL,HD 500,,,1366.0,4,11.6,MATTE,32,1,2.7
31,ASUS,2.2,10418.0,INTEL,CORE I7,0.0,1,NVIDIA GEFORCE RTX 2080 MAX-Q,,NVIDIA,GEFORCE RTX 2080 MAX-Q,,,1920.0,16,17.3,MATTE,1000,0,5.95
32,HP,1.6,759.0,INTEL,CELERON,0.0,0,INTEL HD 400,329.0,INTEL,HD 400,,,1366.0,4,11.6,MATTE,32,0,2.57
33,LENOVO,2.5,3522.0,INTEL,CORE I5,0.0,0,INTEL HD 620,888.0,INTEL,HD 620,,,1920.0,8,15.6,MATTE,256,0,3.74
34,ASUS,1.1,1278.0,INTEL,CELERON,0.0,0,INTEL UHD 600,345.0,INTEL,UHD 600,,,1366.0,4,11.6,GLOSSY,64,0,2.2
35,ASUS,1.6,672.0,INTEL,CELERON,0.0,0,INTEL HD,10.0,INTEL,HD,,,1366.0,4,15.6,,0,0,4.8
36,ACER,2.16,618.0,INTEL,CELERON,0.0,0,INTEL HD,10.0,INTEL,HD,,,1366.0,4,11.6,MATTE,16,0,2.43
37,ASUS,2.2,10418.0,INTEL,CORE I7,0.0,1,NVIDIA GEFORCE GTX 1050 TI,5612.0,NVIDIA,GEFORCE GTX 1050 TI,,,1920.0,8,15.6,MATTE,256,0,5.07
38,MSI,2.3,7584.0,INTEL,CORE I5,0.0,1,NVIDIA GEFORCE GTX 1050 TI,5612.0,NVIDIA,GEFORCE GTX 1050 TI,,,1920.0,8,15.6,MATTE,256,0,4.85
39,DELL,2.1,1936.0,INTEL,CORE I3,0.0,0,INTEL HD 5500,568.0,INTEL,HD 5500,,,1366.0,4,15.6,GLOSSY,0,0,4.85
40,APPLE,2.4,1932.0,INTEL,CORE I5,0.0,0,INTEL HD 3000,95.0,INTEL,HD 3000,,,1280.0,4,13.3,GLOSSY,0,0,4.5
41,DELL,2.2,2546.0,INTEL,CORE I5,0.0,0,INTEL HD GRAPHICS 5500,,INTEL,HD GRAPHICS 5500,,,1920.0,4,13.3,GLOSSY,128,0,2.6
42,MSI,2.2,10418.0,INTEL,CORE I7,0.0,1,NVIDIA GEFORCE GTX 1070,10472.0,NVIDIA,GEFORCE GTX 1070,,,1920.0,32,15.6,MATTE,512,0,4.14
43,MICROSOFT,1.6,6372.0,INTEL,CORE I5,0.0,0,INTEL UHD 620,888.0,INTEL,UHD 620,,,2256.0,8,13.5,GLOSSY,256,1,2.76
44,ASUS,1.8,6134.0,INTEL,CORE I7,0.0,1,NVIDIA GEFORCE GTX 1050,3909.0,NVIDIA,GEFORCE GTX 1050,,,1920.0,16,15.6,MATTE,256,0,4.2
45,ASUS,1.6,6372.0,INTEL,CORE I5,0.0,0,INTEL UHD 620,888.0,INTEL,UHD 620,,,1920.0,8,13.3,MATTE,256,0,2.64
46,APPLE,1.3,2293.0,INTEL,CORE I5,0.0,0,INTEL HD 5000,478.0,INTEL,HD 5000,,,1440.0,4,13.3,GLOSSY,128,0,2.96
47,HP,1.6,759.0,INTEL,CELERON,0.0,0,INTEL HD 400,329.0,INTEL,HD 400,,,1366.0,4,14.0,GLOSSY,32,0,3.17
48,ASUS,2.6,11636.0,INTEL,CORE I7,0.0,1,NVIDIA GEFORCE RTX 2070,11018.0,NVIDIA,GEFORCE RTX 2070,,,1920.0,16,15.6,MATTE,512,0,5.66
49,LENOVO,2.7,2741.0,AMD,A12,0.0,0,AMD RADEON R7,551.0,AMD,RADEON R7,,,1366.0,8,15.6,MATTE,0,0,4.85
50,OTHER,2.6,11636.0,INTEL,CORE I7,0.0,1,NVIDIA GEFORCE RTX 2070,11018.0,NVIDIA,GEFORCE RTX 2070,,,1920.0,16,15.6,MATTE,500,0,4.6
51,HP,2.0,2076.0,AMD,A6,0.0,0,AMD RADEON R4,346.0,AMD,RADEON R4,,,1366.0,4,15.6,GLOSSY,0,0,4.74
52,LENOVO,1.8,6134.0,INTEL,CORE I7,0.0,0,INTEL UHD 620,888.0,INTEL,UHD 620,,,1920.0,16,15.6,MATTE,1000,0,4.7
53,DELL,2.5,5260.0,INTEL,CORE I5,0.0,1,NVIDIA GEFORCE GTX 1050,3909.0,NVIDIA,GEFORCE GTX 1050,,,1920.0,8,15.6,MATTE,0,0,5.78
54,LENOVO,1.1,1842.0,INTEL,CELERON,0.0,0,INTEL HD 500,317.0,INTEL,HD 500,,,1366.0,4,11.6,GLOSSY,64,1,3.19
55,HP,1.8,6134.0,INTEL,CORE I7,0.0,1,NVIDIA GEFORCE MX150,2387.0,NVIDIA,GEFORCE MX150,,,3840.0,16,15.6,GLOSSY,512,1,4.4
56,HP,2.6,1274.0,AMD,A6,0.0,0,AMD RADEON R4,346.0,AMD,RADEON R4,,,1366.0,4,15.6,GLOSSY,0,0,4.61
57,LENOVO,1.6,1294.0,INTEL,CELERON,0.0,0,INTEL HD 400,329.0,INTEL,HD 400,,,1366.0,4,11.6,GLOSSY,128,1,3.5
58,LENOVO,2.5,3369.0,INTEL,CORE I7,0.0,0,INTEL HD 520,830.0,INTEL,HD 520,,,2560.0,8,14.0,GLOSSY,512,1,3.0
59,HP,2.16,618.0,INTEL,CELERON,0.0,0,INTEL HD,10.0,INTEL,HD,,,1366.0,4,11.6,MATTE,16,0,2.83
60,LENOVO,1.1,1123.0,INTEL,CELERON,0.0,0,INTEL HD 500,317.0,INTEL,HD 500,,,1366.0,2,14.0,MATTE,32,0,3.17
61,ACER,1.1,1842.0,INTEL,CELERON,0.0,0,INTEL HD 500,317.0,INTEL,HD 500,,,1920.0,4,14.0,MATTE,32,0,3.6
62,DELL,2.7,3500.0,INTEL,CORE I7,0.0,1,AMD RADEON R7,551.0,AMD,RADEON R7,,,1920.0,16,15.6,GLOSSY,0,1,4.85
63,DELL,2.2,2546.0,INTEL,CORE I5,0.0,0,INTEL HD,10.0,INTEL,HD,,,1366.0,8,15.6,GLOSSY,0,0,5.4
64,ASUS,2.8,7069.0,INTEL,CORE I7,0.0,1,NVIDIA GEFORCE GTX 1080,10174.0,NVIDIA,GEFORCE GTX 1080,,,1920.0,16,15.6,MATTE,1024,0,4.9
65,SAMSUNG,1.6,759.0,INTEL,CELERON,0.0,0,INTEL HD 400,329.0,INTEL,HD 400,,,1366.0,2,11.6,MATTE,16,0,2.54
66,HP,2.2,10418.0,INTEL,CORE I7,0.0,1,NVIDIA GEFORCE GTX 1060,6406.0,NVIDIA,GEFORCE GTX 1060,,,1920.0,16,15.6,MATTE,256,0,5.55
67,HP,2.0,2151.0,INTEL,CORE I3,0.0,0,INTEL HD 5500,568.0,INTEL,HD 5500,,,1600.0,6,17.3,GLOSSY,0,0,5.84
68,RAZER,2.7,3500.0,INTEL,CORE I7,0.0,0,INTEL HD 620,888.0,INTEL,HD 620,,,3200.0,16,13.3,GLOSSY,512,1,2.93
69,LENOVO,2.2,2546.0,INTEL,CORE I5,0.0,0,INTEL HD 5500,568.0,INTEL,HD 5500,,,1920.0,8,14.0,GLOSSY,256,1,3.52
70,HP,1.6,759.0,INTEL,CELERON,0.0,0,INTEL HD 400,329.0,INTEL,HD 400,,,1366.0,4,14.0,GLOSSY,32,0,3.15
71,DELL,2.7,3500.0,INTEL,CORE I7,0.0,1,AMD RADEON R7 M445,1040.0,AMD,RADEON R7 M445,,,1920.0,16,15.6,GLOSSY,0,1,5.1
72,HP,1.6,6068.0,INTEL,CORE I5,0.0,0,INTEL UHD 620,888.0,INTEL,UHD 620,,,1920.0,8,15.6,MATTE,256,0,4.4
73,ALIENWARE,2.2,10418.0,INTEL,CORE I7,0.0,1,NVIDIA GEFORCE GTX 1070,10472.0,NVIDIA,GEFORCE GTX 1070,,,1920.0,16,17.3,MATTE,0,0,9.74
74,DELL,2.0,6317.0,AMD,RYZEN 5,0.0,0,AMD RADEON VEGA 8,1406.0,AMD,RADEON VEGA 8,,,1920.0,8,13.3,GLOSSY,256,1,3.86
75,SAMSUNG,1.7,500.0,SAMSUNG,EXYNOS,0.0,0,MALI-T604,,MALI-T604,,,,1366.0,2,11.6,MATTE,16,0,2.43
76,OTHER,2.6,11636.0,INTEL,CORE I7,0.0,1,NVIDIA GEFORCE RTX 2060,11844.0,NVIDIA,GEFORCE RTX 2060,,,1920.0,32,17.3,MATTE,500,0,5.9
77,HP,2.5,3522.0,INTEL,CORE I5,0.0,0,INTEL HD 620,888.0,INTEL,HD 620,,,1600.0,8,17.3,GLOSSY,0,0,5.4
78,ASUS,1.44,985.0,INTEL,ATOM,1.0,0,INTEL HD 400,329.0,INTEL,HD 400,,,1280.0,4,10.1,GLOSSY,128,1,1.9
79,HP,2.0,6317.0,AMD,RYZEN 5,0.0,0,AMD RADEON VEGA 8,1406.0,AMD,RADEON VEGA 8,,,1920.0,8,15.6,GLOSSY,0,1,4.49
80,HP,2.5,2275.0,INTEL,CORE I5,0.0,0,INTEL HD 3000,95.0,INTEL,HD 3000,,,1366.0,8,14.0,MATTE,0,0,4.6
81,HP,2.3,7584.0,INTEL,CORE I5,0.0,1,NVIDIA GEFORCE GTX 1050 TI,5612.0,NVIDIA,GEFORCE GTX 1050 TI,,,1920.0,8,15.6,MATTE,0,0,5.18
82,HUAWEI,1.8,6134.0,INTEL,CORE I7,0.0,1,NVIDIA GEFORCE MX150,2387.0,NVIDIA,GEFORCE MX150,,,3000.0,16,13.9,GLOSSY,512,1,2.93
83,ASUS,2.7,3500.0,INTEL,CORE I7,0.0,0,INTEL HD 620,888.0,INTEL,HD 620,,,1920.0,16,14.0,GLOSSY,512,0,2.4
84,SAMSUNG,1.6,759.0,INTEL,CELERON,0.0,0,INTEL HD 400,329.0,INTEL,HD 400,,,1366.0,4,11.6,MATTE,64,0,2.54
85,ALIENWARE,2.6,6661.0,INTEL,CORE I7,0.0,1,NVIDIA GEFORCE GTX 970M,5175.0,NVIDIA,GEFORCE GTX 970M,,,1920.0,16,17.3,GLOSSY,256,0,8.33
86,HP,2.2,10418.0,INTEL,CORE I7,0.0,1,NVIDIA GEFORCE GTX 1070,10472.0,NVIDIA,GEFORCE GTX 1070,,,1920.0,32,15.6,MATTE,512,0,5.0
87,DELL,2.2,10418.0,INTEL,CORE I7,0.0,1,NVIDIA GEFORCE GTX 1050 TI,5612.0,NVIDIA,GEFORCE GTX 1050 TI,,,1920.0,16,15.6,MATTE,128,0,6.28
88,DELL,2.4,2715.0,INTEL,CORE I7,0.0,0,INTEL HD,10.0,INTEL,HD,,,1366.0,6,15.6,GLOSSY,0,0,5.31
89,DELL,2.8,6803.0,INTEL,CORE I7,0.0,1,NVIDIA QUADRO K2100M,1365.0,NVIDIA,QUADRO K2100M,,,1920.0,16,15.6,MATTE,0,0,6.35
90,LENOVO,1.8,6134.0,INTEL,CORE I7,0.0,1,NVIDIA GEFORCE 940MX,1603.0,NVIDIA,GEFORCE 940MX,,,1920.0,16,15.6,GLOSSY,512,1,4.4
91,ASUS,1.8,6777.0,INTEL,CORE I7,0.0,0,INTEL UHD 620,888.0,INTEL,UHD 620,,,1920.0,16,13.3,GLOSSY,512,0,2.6
92,DELL,1.6,6372.0,INTEL,CORE I5,0.0,0,INTEL UHD 620,888.0,INTEL,UHD 620,,,1920.0,12,15.6,GLOSSY,0,1,4.8
93,ASUS,1.8,6777.0,INTEL,CORE I7,0.0,1,NVIDIA GEFORCE GTX 1050,3909.0,NVIDIA,GEFORCE GTX 1050,,,1920.0,16,17.3,MATTE,256,0,4.85
94,ALIENWARE,2.2,10418.0,INTEL,CORE I7,0.0,1,NVIDIA GEFORCE RTX 2060,11844.0,NVIDIA,GEFORCE RTX 2060,,,1920.0,16,15.6,MATTE,512,0,4.78
95,ASUS,2.8,7069.0,INTEL,CORE I7,0.0,1,NVIDIA GEFORCE GTX 1050,3909.0,NVIDIA,GEFORCE GTX 1050,,,1920.0,16,15.6,MATTE,0,0,5.6
96,MSI,2.2,10418.0,INTEL,CORE I7,0.0,1,NVIDIA GEFORCE RTX 2060,11844.0,NVIDIA,GEFORCE RTX 2060,,,1920.0,16,15.6,MATTE,512,0,4.19
97,DELL,2.5,2275.0,INTEL,CORE I5,0.0,0,INTEL HD 3000,95.0,INTEL,HD 3000,,,1366.0,8,14.1,MATTE,128,0,4.56
98,SAMSUNG,2.0,6317.0,AMD,RYZEN 5,0.0,0,AMD RADEON VEGA 8,1406.0,AMD,RADEON VEGA 8,,,1920.0,8,15.6,MATTE,0,0,4.3
99,HP,1.1,1278.0,INTEL,CELERON,0.0,0,INTEL UHD 600,345.0,INTEL,UHD 600,,,1366.0,4,14.0,MATTE,64,0,4.4
100,ASUS,2.6,11636.0,INTEL,CORE I7,0.0,1,NVIDIA GEFORCE RTX 2080 MAX-Q,,NVIDIA,GEFORCE RTX 2080 MAX-Q,,,1920.0,32,17.3,MATTE,1000,0,5.73
101,HP,2.0,2076.0,AMD,A6,0.0,0,AMD RADEON R4,346.0,AMD,RADEON R4,,,1366.0,8,15.6,GLOSSY,128,0,
102,LENOVO,1.6,1043.0,INTEL,CELERON,0.0,0,INTEL HD,10.0,INTEL,HD,,,1366.0,4,11.6,GLOSSY,128,1,3.5
103,MSI,2.2,10418.0,INTEL,CORE I7,0.0,1,NVIDIA GEFORCE GTX 1050 TI,5612.0,NVIDIA,GEFORCE GTX 1050 TI,,,1920.0,8,15.6,MATTE,128,0,4.8
104,LENOVO,1.1,1278.0,INTEL,CELERON,0.0,0,INTEL UHD 600,345.0,INTEL,UHD 600,,,1366.0,4,11.6,GLOSSY,64,1,2.75
105,OTHER,2.6,11636.0,INTEL,CORE I7,0.0,1,NVIDIA GEFORCE RTX 2060,11844.0,NVIDIA,GEFORCE RTX 2060,,,1920.0,32,15.6,MATTE,500,0,5.0
106,ACER,2.8,7069.0,INTEL,CORE I7,0.0,1,NVIDIA GEFORCE GTX 1060,6406.0,NVIDIA,GEFORCE GTX 1060,,,1920.0,16,15.6,MATTE,256,0,5.95
107,APPLE,1.6,3296.0,INTEL,CORE I5,0.0,0,INTEL UHD 617,878.0,INTEL,UHD 617,,,2560.0,8,13.3,GLOSSY,128,0,2.75
108,ASUS,2.6,11636.0,INTEL,CORE I7,0.0,1,NVIDIA GEFORCE GTX 1650,6318.0,NVIDIA,GEFORCE GTX 1650,,,1920.0,16,15.6,MATTE,1000,0,5.3
109,ASUS,2.5,2365.0,AMD,A12,0.0,0,AMD RADEON R7,551.0,AMD,RADEON R7,,,1366.0,8,15.6,MATTE,0,0,4.5
110,HP,2.3,2490.0,INTEL,PENTIUM,0.0,0,INTEL HD 610,619.0,INTEL,HD 610,,,1366.0,4,14.0,GLOSSY,128,0,3.15
111,ACER,1.6,6372.0,INTEL,CORE I5,0.0,1,NVIDIA GEFORCE MX150,2387.0,NVIDIA,GEFORCE MX150,,,1920.0,8,15.6,MATTE,256,0,5.27
112,LENOVO,2.2,3676.0,INTEL,CORE I3,0.0,0,INTEL UHD 620,888.0,INTEL,UHD 620,,,1920.0,8,14.0,GLOSSY,128,1,3.68
113,LENOVO,2.1,,MEDIATEK,,0.0,0,POWERVR GX6250,,POWERVR,GX6250,,,1366.0,4,11.6,GLOSSY,32,1,2.65
114,MICROSOFT,2.2,3864.0,INTEL,CORE I7,1.0,0,INTEL IRIS,925.0,INTEL,IRIS,,,2736.0,4,12.3,GLOSSY,512,1,1.73
115,DELL,2.0,2761.0,INTEL,CORE I7,0.0,1,AMD RADEON HD R7 M265,,AMD,RADEON HD R7 M265,,,1920.0,16,15.6,GLOSSY,0,1,6.0
116,HP,,,INTEL,CORE I3,0.0,0,INTEL HD 4400,530.0,INTEL,HD 4400,,,1366.0,4,15.6,GLOSSY,0,1,5.05
117,HP,1.8,6134.0,INTEL,CORE I7,0.0,1,NVIDIA GEFORCE MX150,2387.0,NVIDIA,GEFORCE MX150,,,1920.0,16,17.3,GLOSSY,512,1,6.63
118,HP,2.16,618.0,INTEL,CELERON,0.0,0,INTEL HD,10.0,INTEL,HD,,,1366.0,4,14.0,GLOSSY,16,0,3.74
119,LENOVO,1.6,759.0,INTEL,CELERON,0.0,0,INTEL HD 400,329.0,INTEL,HD 400,,,1366.0,2,11.6,,32,0,2.53
120,ACER,1.6,990.0,AMD,A4,0.0,0,AMD RADEON R4,346.0,AMD,RADEON R4,,,1366.0,4,15.6,MATTE,32,0,3.97
121,DELL,1.6,6068.0,INTEL,CORE I5,0.0,0,INTEL UHD 620,888.0,INTEL,UHD 620,,,1920.0,12,15.6,GLOSSY,256,1,4.3
122,ASUS,2.8,7069.0,INTEL,CORE I7,0.0,1,NVIDIA GEFORCE GTX 1050,3909.0,NVIDIA,GEFORCE GTX 1050,,,1920.0,16,17.3,MATTE,0,0,6.7
123,ASUS,2.3,7584.0,INTEL,CORE I5,0.0,1,NVIDIA GEFORCE GTX 1060,6406.0,NVIDIA,GEFORCE GTX 1060,,,1920.0,8,15.6,MATTE,256,0,5.07
124,ACER,1.4,849.0,INTEL,CELERON,0.0,0,INTEL HD,10.0,INTEL,HD,,,1366.0,4,11.6,MATTE,16,0,2.75
125,LENOVO,2.3,7365.0,AMD,RYZEN 7,0.0,0,AMD RADEON RX VEGA 10,1569.0,AMD,RADEON RX VEGA 10,,,1920.0,8,14.0,MATTE,256,0,3.87
126,DELL,2.3,2989.0,INTEL,CORE I5,0.0,0,INTEL HD 5500,568.0,INTEL,HD 5500,,,3200.0,8,13.3,GLOSSY,256,1,2.8
127,DELL,2.2,10418.0,INTEL,CORE I7,0.0,1,NVIDIA GEFORCE GTX 1050 TI,5612.0,NVIDIA,GEFORCE GTX 1050 TI,,,1920.0,8,17.3,MATTE,128,0,7.2
128,DELL,1.8,6134.0,INTEL,CORE I7,0.0,0,INTEL UHD 620,888.0,INTEL,UHD 620,,,1920.0,8,13.3,GLOSSY,0,1,3.43
129,SAMSUNG,1.1,2801.0,INTEL,PENTIUM,0.0,0,INTEL UHD 605,355.0,INTEL,UHD 605,,,1920.0,4,13.3,MATTE,64,0,3.02
130,ACER,2.0,,MEDIATEK,,0.0,0,IMAGINATION POWERVR GX6250,,IMAGINATION,POWERVR GX6250,,,1920.0,4,13.3,GLOSSY,32,1,3.28
131,LENOVO,1.6,6372.0,INTEL,CORE I5,0.0,0,INTEL UHD 620,888.0,INTEL,UHD 620,,,1366.0,12,15.6,MATTE,0,1,4.85
132,HP,2.8,2990.0,INTEL,CORE I5,0.0,0,INTEL HD 4000,329.0,INTEL,HD 4000,,,,8,14.0,MATTE,0,0,4.65
133,DELL,1.6,6372.0,INTEL,CORE I5,0.0,0,INTEL UHD 620,888.0,INTEL,UHD 620,,,1920.0,8,13.3,GLOSSY,0,1,3.56
134,ASUS,2.8,7069.0,INTEL,CORE I7,0.0,1,NVIDIA GEFORCE GTX 1050,3909.0,NVIDIA,GEFORCE GTX 1050,,,1920.0,8,15.6,MATTE,128,0,5.7
135,HP,2.3,7584.0,INTEL,CORE I5,0.0,1,NVIDIA GEFORCE GTX 1050 TI,5612.0,NVIDIA,GEFORCE GTX 1050 TI,,,1920.0,8,15.6,MATTE,128,0,5.18
136,ASUS,1.6,759.0,INTEL,CELERON,0.0,0,INTEL HD 400,329.0,INTEL,HD 400,,,1366.0,4,14.0,GLOSSY,32,0,3.6
137,LENOVO,1.6,6372.0,INTEL,CORE I5,0.0,0,INTEL UHD 620,888.0,INTEL,UHD 620,,,1920.0,8,14.0,GLOSSY,128,1,3.74
138,APPLE,2.9,3165.0,INTEL,CORE I5,0.0,0,INTEL IRIS 6100,989.0,INTEL,IRIS 6100,,,2560.0,8,13.3,GLOSSY,512,0,3.48
139,ALIENWARE,2.8,7069.0,INTEL,CORE I7,0.0,1,NVIDIA GEFORCE GTX 1060,6406.0,NVIDIA,GEFORCE GTX 1060,,,1920.0,16,17.3,MATTE,0,0,9.74
140,DELL,2.2,10418.0,INTEL,CORE I7,0.0,1,NVIDIA GEFORCE GTX 1050 TI,5612.0,NVIDIA,GEFORCE GTX 1050 TI,,,1920.0,8,15.6,MATTE,256,0,4.0
141,HP,1.6,6372.0,INTEL,CORE I5,0.0,0,INTEL UHD 620,888.0,INTEL,UHD 620,,,1920.0,8,15.6,GLOSSY,0,1,4.21
142,LENOVO,1.6,759.0,INTEL,CELERON,0.0,0,INTEL HD 400,329.0,INTEL,HD 400,,,1366.0,2,11.6,,32,0,2.53
143,MICROSOFT,2.2,3864.0,INTEL,CORE I7,1.0,0,INTEL IRIS,925.0,INTEL,IRIS,,,2736.0,8,12.3,GLOSSY,256,1,1.73
144,DELL,2.7,3500.0,INTEL,CORE I7,0.0,0,INTEL HD 620,888.0,INTEL,HD 620,,,1920.0,12,13.3,GLOSSY,256,1,3.53
145,ASUS,2.3,2989.0,INTEL,CORE I5,0.0,0,INTEL HD,10.0,INTEL,HD,,,1920.0,8,13.3,GLOSSY,256,1,3.2
146,SAMSUNG,1.6,6372.0,INTEL,CORE I5,0.0,0,INTEL UHD 620,888.0,INTEL,UHD 620,,,1920.0,8,13.3,GLOSSY,256,1,3.2
147,ASUS,2.2,10418.0,INTEL,CORE I7,0.0,1,NVIDIA GEFORCE RTX 2070,11018.0,NVIDIA,GEFORCE RTX 2070,,,1920.0,16,17.3,MATTE,512,0,6.39
148,HP,2.0,6317.0,AMD,RYZEN 5,0.0,0,AMD RADEON VEGA 8,1406.0,AMD,RADEON VEGA 8,,,1920.0,8,15.6,GLOSSY,256,1,4.74
149,DELL,1.7,1070.0,INTEL,CELERON,0.0,0,INTEL HD,10.0,INTEL,HD,,,1366.0,4,13.3,MATTE,0,0,4.41
150,APPLE,1.1,1588.0,INTEL,CORE M,0.0,0,INTEL HD 5300,401.0,INTEL,HD 5300,,,2304.0,8,12.0,GLOSSY,256,0,2.03
151,MICROSOFT,2.6,3780.0,INTEL,CORE I5,1.0,0,INTEL HD 620,888.0,INTEL,HD 620,,,3000.0,8,13.5,GLOSSY,256,1,3.38
152,OTHER,2.6,11636.0,INTEL,CORE I7,0.0,1,NVIDIA GEFORCE RTX 2060,11844.0,NVIDIA,GEFORCE RTX 2060,,,1920.0,16,15.6,MATTE,500,0,5.0
153,ACER,1.8,6134.0,INTEL,CORE I7,0.0,1,NVIDIA GEFORCE MX150,2387.0,NVIDIA,GEFORCE MX150,,,1920.0,8,15.6,MATTE,256,0,5.27
154,LENOVO,1.6,672.0,INTEL,CELERON,0.0,0,INTEL HD,10.0,INTEL,HD,,,1366.0,4,11.6,,32,0,2.2
155,LENOVO,1.6,6372.0,INTEL,CORE I5,0.0,0,INTEL UHD 620,888.0,INTEL,UHD 620,,,1366.0,8,15.6,GLOSSY,0,1,4.85
156,HP,2.5,3522.0,INTEL,CORE I5,0.0,0,INTEL HD 620,888.0,INTEL,HD 620,,,1366.0,8,15.6,GLOSSY,0,1,4.52
157,HP,1.8,6134.0,INTEL,CORE I7,0.0,0,INTEL UHD 620,888.0,INTEL,UHD 620,,,1920.0,16,13.3,GLOSSY,512,1,2.78
158,GOOGLE,1.3,2812.0,INTEL,CORE I7,0.0,0,INTEL HD 615,799.0,INTEL,HD 615,,,2400.0,16,12.3,GLOSSY,512,1,2.45
159,LENOVO,1.7,2343.0,INTEL,CORE I5,0.0,0,INTEL HD,10.0,INTEL,HD,,,1366.0,6,15.6,GLOSSY,0,0,4.63
160,ASUS,2.2,10418.0,INTEL,CORE I7,0.0,1,NVIDIA GEFORCE RTX 2060,11844.0,NVIDIA,GEFORCE RTX 2060,,,1920.0,16,17.3,MATTE,512,0,6.4
161,ASUS,2.8,7069.0,INTEL,CORE I7,0.0,1,NVIDIA GEFORCE GTX 1050 TI,5612.0,NVIDIA,GEFORCE GTX 1050 TI,,,1920.0,16,15.6,GLOSSY,512,1,3.97
162,ACER,1.6,6372.0,INTEL,CORE I5,0.0,1,NVIDIA GEFORCE MX150,2387.0,NVIDIA,GEFORCE MX150,,,1920.0,8,14.0,MATTE,256,0,3.97
163,HP,2.16,1068.0,INTEL,PENTIUM,0.0,0,INTEL HD,10.0,INTEL,HD,,,1366.0,4,14.88,GLOSSY,0,1,5.25
164,DELL,2.3,2989.0,INTEL,CORE I5,0.0,0,INTEL HD 520,830.0,INTEL,HD 520,,,1920.0,8,15.6,GLOSSY,0,1,5.36
165,DELL,2.4,2806.0,INTEL,CORE I3,0.0,0,INTEL HD 620,888.0,INTEL,HD 620,,,1366.0,6,15.6,GLOSSY,0,1,5.07
166,DELL,2.2,3555.0,INTEL,CORE I7,0.0,0,INTEL IRIS 540,1251.0,INTEL,IRIS 540,,,3200.0,16,13.3,GLOSSY,512,1,2.8
167,ALIENWARE,2.2,10418.0,INTEL,CORE I7,0.0,1,NVIDIA GEFORCE GTX 1060,6406.0,NVIDIA,GEFORCE GTX 1060,,,1920.0,16,15.6,MATTE,128,0,4.85
168,SAMSUNG,1.6,672.0,INTEL,CELERON,0.0,0,INTEL HD,10.0,INTEL,HD,,,1366.0,2,11.6,MATTE,16,0,2.54
169,ACER,2.2,6903.0,AMD,RYZEN 7,0.0,1,AMD RADEON RX 540,2288.0,AMD,RADEON RX 540,,,1920.0,8,15.6,GLOSSY,256,0,4.85
170,LENOVO,2.3,2989.0,INTEL,CORE I5,0.0,0,INTEL HD 520,830.0,INTEL,HD 520,,,1366.0,16,12.5,MATTE,256,0,3.18
171,MICROSOFT,2.5,4565.0,INTEL,CORE I7,1.0,0,INTELÂ IRIS PLUS 640,1377.0,INTELÂ IRIS,PLUS 640,,,2256.0,16,13.5,GLOSSY,512,1,2.83
172,HP,2.7,3500.0,INTEL,CORE I7,0.0,0,INTEL HD 620,888.0,INTEL,HD 620,,,1920.0,16,13.3,GLOSSY,512,1,2.89
173,MICROSOFT,2.4,3368.0,INTEL,CORE I5,0.0,1,NVIDIA GEFORCE 940M,1048.0,NVIDIA,GEFORCE 940M,,,3000.0,8,13.5,GLOSSY,256,1,3.34
174,LENOVO,3.1,1687.0,AMD,A9,0.0,0,AMD RADEON R5,148.0,AMD,RADEON R5,,,1366.0,8,15.6,MATTE,256,0,4.85
175,DELL,2.1,7248.0,AMD,RYZEN 5,0.0,0,AMD RADEON VEGA 8,1406.0,AMD,RADEON VEGA 8,,,1920.0,8,14.0,GLOSSY,128,1,3.81
176,LENOVO,2.0,2761.0,INTEL,CORE I7,0.0,0,INTEL HD,10.0,INTEL,HD,,,1366.0,8,15.6,GLOSSY,0,0,4.63
177,LENOVO,2.5,3522.0,INTEL,CORE I5,0.0,0,INTEL HD 620,888.0,INTEL,HD 620,,,1366.0,4,15.6,MATTE,0,0,4.7
178,ACER,1.6,6372.0,INTEL,CORE I5,0.0,0,INTEL UHD 620,888.0,INTEL,UHD 620,,,2256.0,8,13.5,GLOSSY,128,1,3.31
179,ASUS,2.6,11636.0,INTEL,CORE I7,0.0,1,NVIDIA GEFORCE RTX 2070,11018.0,NVIDIA,GEFORCE RTX 2070,,,1920.0,16,15.6,MATTE,1000,0,4.18
180,ASUS,2.5,3522.0,INTEL,CORE I5,0.0,0,INTEL HD 620,888.0,INTEL,HD 620,,,1920.0,12,15.6,GLOSSY,0,1,5.07
181,DELL,2.7,3500.0,INTEL,CORE I7,0.0,0,INTEL HD 620,888.0,INTEL,HD 620,,,3200.0,8,13.3,GLOSSY,256,1,2.7
182,APPLE,2.6,11636.0,INTEL,CORE I7,0.0,1,AMD RADEON PRO 5300M,5881.0,AMD,RADEON PRO 5300M,,,3072.0,16,16.0,GLOSSY,512,0,4.3
183,DELL,2.5,5260.0,INTEL,CORE I5,0.0,1,NVIDIA GEFORCE GTX 1050,3909.0,NVIDIA,GEFORCE GTX 1050,,,3840.0,8,15.6,GLOSSY,256,1,4.5
184,ASUS,0.9,1862.0,INTEL,CORE M3,0.0,0,INTEL HD 515,688.0,INTEL,HD 515,,,1920.0,8,13.3,GLOSSY,256,1,2.9
185,DELL,1.6,6372.0,INTEL,CORE I5,0.0,0,INTEL UHD 620,888.0,INTEL,UHD 620,,,1920.0,8,13.3,GLOSSY,128,1,2.9
186,DELL,2.7,3500.0,INTEL,CORE I7,0.0,0,INTEL HD 620,888.0,INTEL,HD 620,,,1920.0,12,15.6,GLOSSY,512,1,4.83
187,HP,2.5,3522.0,INTEL,CORE I5,0.0,0,INTEL HD 620,888.0,INTEL,HD 620,,,1366.0,8,15.6,GLOSSY,0,1,4.85
188,DELL,2.2,10418.0,INTEL,CORE I7,0.0,1,NVIDIA GEFORCE GTX 1050 TI,5612.0,NVIDIA,GEFORCE GTX 1050 TI,,,3840.0,32,15.6,GLOSSY,1000,1,4.5
189,ASUS,2.6,6661.0,INTEL,CORE I7,0.0,1,NVIDIA GEFORCE GTX 960M,3467.0,NVIDIA,GEFORCE GTX 960M,,,1920.0,16,15.6,MATTE,0,0,5.6
190,ASUS,1.1,1278.0,INTEL,CELERON,0.0,0,INTEL UHD 600,345.0,INTEL,UHD 600,,,1366.0,4,11.6,GLOSSY,64,0,2.2
191,ASUS,1.1,1123.0,INTEL,CELERON,0.0,0,INTEL HD 500,317.0,INTEL,HD 500,,,1366.0,4,15.6,MATTE,32,0,3.1
192,HP,2.4,2806.0,INTEL,CORE I3,0.0,0,INTEL HD 620,888.0,INTEL,HD 620,,,1366.0,4,15.6,GLOSSY,0,0,4.52
193,ASUS,2.2,10418.0,INTEL,CORE I7,0.0,1,NVIDIA GEFORCE GTX 1060,6406.0,NVIDIA,GEFORCE GTX 1060,,,1920.0,16,15.6,MATTE,256,0,5.07
194,RAZER,1.8,6777.0,INTEL,CORE I7,0.0,1,NVIDIA GEFORCE MX150,2387.0,NVIDIA,GEFORCE MX150,,,1920.0,16,13.3,MATTE,256,0,2.89
195,ALIENWARE,2.5,5260.0,INTEL,CORE I5,0.0,1,NVIDIA GEFORCE GTX 1060,6406.0,NVIDIA,GEFORCE GTX 1060,,,1920.0,8,15.6,MATTE,0,0,7.69
196,ASUS,0.8,1630.0,INTEL,CORE M,1.0,0,INTEL HD 5300,401.0,INTEL,HD 5300,,,1920.0,4,12.5,GLOSSY,128,1,3.2
197,LENOVO,2.1,,MEDIATEK,,0.0,0,POWERVR GX6250,,POWERVR,GX6250,,,1366.0,4,11.6,GLOSSY,64,1,2.64
198,MICROSOFT,2.6,3807.0,INTEL,CORE I7,1.0,1,NVIDIA GEFORCE GTX 965M,3683.0,NVIDIA,GEFORCE GTX 965M,,,3000.0,16,13.5,GLOSSY,512,1,3.48
199,DELL,2.6,861.0,INTEL,CORE I5,0.0,0,INTEL HD 4000,329.0,INTEL,HD 4000,,,1366.0,8,14.0,MATTE,128,0,4.6
200,LENOVO,1.6,6372.0,INTEL,CORE I5,0.0,0,INTEL UHD 620,888.0,INTEL,UHD 620,,,1920.0,8,15.6,GLOSSY,256,1,4.17
201,HP,2.0,6317.0,AMD,RYZEN 5,0.0,0,AMD RADEON VEGA 8,1406.0,AMD,RADEON VEGA 8,,,1366.0,8,15.6,GLOSSY,0,1,4.6
202,DELL,2.1,1155.0,INTEL,CORE I3,0.0,0,INTEL HD 3000,95.0,INTEL,HD 3000,,,,4,14.0,MATTE,0,0,4.5
203,MICROSOFT,1.9,6620.0,INTEL,CORE I7,1.0,1,NVIDIA GEFORCE GTX 1060,6406.0,NVIDIA,GEFORCE GTX 1060,,,3240.0,16,15.0,GLOSSY,256,1,4.2
204,LENOVO,1.9,6620.0,INTEL,CORE I7,0.0,0,INTEL UHD 620,888.0,INTEL,UHD 620,,,1920.0,16,14.0,MATTE,512,0,2.49
205,LENOVO,1.8,6777.0,INTEL,CORE I7,0.0,0,INTEL UHD 620,888.0,INTEL,UHD 620,,,1920.0,16,14.0,GLOSSY,512,1,2.65
206,LENOVO,2.6,11636.0,INTEL,CORE I7,0.0,1,NVIDIA GEFORCE GTX 1650,6318.0,NVIDIA,GEFORCE GTX 1650,,,1920.0,24,15.6,MATTE,512,0,5.1
207,DELL,2.3,2989.0,INTEL,CORE I5,0.0,0,INTEL HD 520,830.0,INTEL,HD 520,,,1920.0,8,13.3,MATTE,128,0,2.7
208,LENOVO,2.1,4248.0,INTEL,CORE I3,0.0,0,INTEL UHD 620,888.0,INTEL,UHD 620,,,1366.0,4,14.0,GLOSSY,128,1,3.65
209,DELL,2.3,7584.0,INTEL,CORE I5,0.0,1,NVIDIA GEFORCE GTX 1050,3909.0,NVIDIA,GEFORCE GTX 1050,,,1920.0,8,15.6,MATTE,128,0,5.95
210,HP,2.5,1032.0,AMD,A6,0.0,0,AMD RADEON R5,148.0,AMD,RADEON R5,,,1366.0,4,15.6,GLOSSY,0,1,4.67
211,RAZER,2.8,7069.0,INTEL,CORE I7,0.0,1,NVIDIA GEFORCE GTX 1060,6406.0,NVIDIA,GEFORCE GTX 1060,,,1920.0,16,14.0,MATTE,512,0,4.1
212,DELL,2.5,3522.0,INTEL,CORE I5,0.0,0,INTEL HD 620,888.0,INTEL,HD 620,,,1366.0,8,15.6,GLOSSY,256,0,4.85
213,OTHER,2.6,11636.0,INTEL,CORE I7,0.0,1,NVIDIA GEFORCE RTX 2070,11018.0,NVIDIA,GEFORCE RTX 2070,,,1920.0,32,15.6,MATTE,1500,0,4.6
214,APPLE,2.3,8543.0,INTEL,CORE I5,0.0,0,INTEL IRIS PLUS 655,1790.0,INTEL,IRIS PLUS 655,,,2560.0,8,13.3,GLOSSY,256,0,3.02
215,ASUS,1.6,759.0,INTEL,CELERON,0.0,0,INTEL HD,10.0,INTEL,HD,,,1366.0,4,11.6,MATTE,16,0,2.65
216,LENOVO,3.1,1687.0,AMD,A9,0.0,0,AMD RADEON R5,148.0,AMD,RADEON R5,,,1366.0,4,15.6,MATTE,128,0,4.63
217,ASUS,0.8,1630.0,INTEL,CORE M3,0.0,0,INTEL HD 5300,401.0,INTEL,HD 5300,,,1920.0,8,13.3,MATTE,256,0,2.65
218,LG,1.8,6134.0,INTEL,CORE I7,0.0,0,INTEL UHD 620,888.0,INTEL,UHD 620,,,1920.0,16,15.6,GLOSSY,1000,1,2.41
219,RAZER,2.2,10418.0,INTEL,CORE I7,0.0,1,NVIDIA GEFORCE GTX 1070,10472.0,NVIDIA,GEFORCE GTX 1070,,,1920.0,16,15.6,MATTE,512,0,4.63
220,MSI,2.3,7584.0,INTEL,CORE I5,0.0,1,NVIDIA GEFORCE GTX 1650,6318.0,NVIDIA,GEFORCE GTX 1650,,,1920.0,8,15.6,MATTE,256,0,4.1
221,APPLE,2.6,10295.0,INTEL,CORE I7,0.0,1,AMD RADEON PRO 560X,3677.0,AMD,RADEON PRO 560X,,,2880.0,16,15.4,GLOSSY,512,0,4.02
