,id,name,brand,base_name,screen_size,pixels_x,pixels_y,screen_surface,touchscreen,cpu,cpu_details,detachable_keyboard,discrete_gpu,gpu,os,os_details,ram,ssd,storage,weight,act_min_price,act_max_price,index,pred_min_price,pred_max_price
0,27414,"2019 Newest Lenovo IdeaPad 15.6"" HD High Performance Laptop PC |7th Gen AMD A9-9425 Dual-Core 3.10 GHz| 4GB RAM | 128GB SSD | 802.11ac | Bluetooth | DVD+/-RW | HDMI | Win 10",Lenovo,Lenovo Ideapad 130,15.6,1366.0,768.0,Matte,0,AMD A9,AMD A9-9425 3.1 GHz (7th gen Stoney Ridge Dual-Core),0.0,0,AMD Radeon R5,Windows,Windows 10 Home,4,128,128,4.63,260.6,267.15,216,283.9453533333318,295.87922666666594
1,25055,"Lenovo Chromebook C330 2-in-1 Convertible Laptop, 11.6-Inch HD (1366 x 768) IPS Display, MediaTek MT8173C Processor, 4GB LPDDR3, 64 GB eMMC, Chrome OS, 81HY0000US, Blizzard White",Lenovo,Lenovo Chromebook C330,11.6,1366.0,768.0,Glossy,1,MediaTek,MediaTek MT8173C 2.1 GHz (Quad-Core),0.0,0,PowerVR GX6250,Chrome OS,Chrome OS,4,64,64,2.64,239.39,259.99,197,353.98080999999814,363.2126266666666
2,16241,"Model HP Spectre x360 - 13t Stylus(16GB RAM, 512GB SSD, 7th Gen. Intel i7-7500U, Windows Ink) 2-in-1 Convertible 13.3"" Tablet Kaby Lake Touchscreen Bang & Olufsen Thunderbolt Gyroscope - Dark Ash",HP,HP Spectre x360-13t,13.3,1920.0,1080.0,Glossy,1,Intel Core i7,Intel Core i7-7500U 2.7 GHz (7th gen Kaby Lake Dual-Core with Hyper-Threading),0.0,0,Intel HD 620,Windows,Windows 10,16,512,512,2.89,1299.95,1299.95,172,1310.299823333328,1345.2638033333144
3,29841,"New Apple MacBook Pro (16-Inch, 16GB RAM, 512GB Storage, 2.6GHz Intel Core i7) - Silver",Apple,Apple MacBook Pro (2019),16.0,3072.0,1920.0,Glossy,0,Intel Core i7,Intel Core i7-9750H 2.6 GHz (9th gen Coffee Lake Hexa-Core with Hyper-Threading),0.0,1,AMD Radeon Pro 5300M,macOS,macOS Catalina,16,512,512,4.3,2182.92,2230.16,182,1438.4520399999972,1567.075463333331
4,29849,"Dell Latitude E5420 Laptop, HDMI, Intel Core i3 2.1GHz, 4GB DDR3, 160GB SATA HDD, DVDRW, Windows 10 Home 64bit w/ Restore Partition (Renewed)",Dell,Dell Latitude E5420,14.0,,,Matte,0,Intel Core i3,Intel Core i3-2310M 2.1 GHz (Sandy Bridge Dual-Core with Hyper-Threading),0.0,0,Intel HD 3000,Windows,Windows 10 Home,4,0,160,4.5,187.9,195.88,202,285.9355333333305,305.46636666666564
5,9286,"ASUS Chromebook C202SA-YS02 11.6"" Ruggedized and Water Resistant Design with 180 Degree (Intel Celeron 4 GB, 16GB eMMC, Dark Blue, Silver)",Asus,Asus Chromebook C202SA-YS02,11.6,1366.0,768.0,Matte,0,Intel Celeron,Intel Celeron N3060 1.6 GHz (Braswell Dual-Core),0.0,0,Intel HD,Chrome OS,Chrome OS,4,16,16,2.65,170.0,189.98,215,175.78978666666643,180.32144333333227
6,31194,"Lenovo Ideapad 330 15.6"" Anti Glared HD Premium Business Laptop (AMD A9-9425 up to 3.7 GHz, 8GB DDR4 Memory, 256GB SSD, AMD Radeon R5 Graphic, DVD-RW, HDMI, Windows 10 Home) - Red",Lenovo,Lenovo IdeaPad 330,15.6,1366.0,768.0,Matte,0,AMD A9,AMD A9-9425 3.1 GHz (7th gen Stoney Ridge Dual-Core),0.0,0,AMD Radeon R5,Windows,Windows 10 Home,8,256,256,4.85,314.99,318.0,174,470.42946666666546,489.9502999999964
7,27108,"Acer Swift 3 SF315-41G-R6MP Laptop, 15.6"" Full HD IPS Display, AMD Ryzen 7 2700U, AMD Radeon RX 540 Graphics, 8GB DDR4, 256GB SSD, Windows 10",Acer,Acer Swift 3 SF315-41G,15.6,1920.0,1080.0,Glossy,0,AMD Ryzen 7,AMD Ryzen 7 2700U 2.2 GHz (Quad-Core with Simultaneous Multi-Threading),0.0,1,AMD Radeon RX 540,Windows,Windows 10 Home,8,256,256,4.85,569.99,579.0,169,576.0835499999946,618.3125499999974
8,25064,"Samsung Chromebook 3, 11.6"", 4GB Ram, 64GB eMMC (XE500C13-K06US)",Samsung,Samsung Chromebook 3,11.6,1366.0,768.0,Matte,0,Intel Celeron,Intel Celeron N3060 1.6 GHz (Braswell Dual-Core),0.0,0,Intel HD 400,Chrome OS,Chrome OS,4,64,64,2.54,197.0,208.9,84,213.21391999999892,227.93881000000064
9,7080,"Dell Inspiron 15 5000 Series  15.6 Inch Laptop (Intel Core i5 5200U, 8 GB RAM, 1 TB HDD, Silver) with MaxxAudio",Dell,Dell Inspiron 15 i5558-5002SLV,15.6,1366.0,768.0,glossy,1,Intel Core i5,Intel Core i5-5200U 2.20 GHz (5th gen Broadwell Dual-Core with Hyper-Threading),0.0,0,Intel HD,Windows,Windows 10,8,0,1000,5.4,629.99,629.99,28,557.473993333333,560.3123866666658
10,28979,"Lenovo ThinkPad X1 Carbon 7th Generation Ultrabook: Core i7-8565U, 16GB RAM, 512GB SSD, 14"" FHD Touchscreen Display, Backlit Keyboard",Lenovo,Lenovo ThinkPad X1 Carbon (7th Generation),14.0,1920.0,1080.0,Glossy,1,Intel Core i7,Intel Core i7-8565U 1.8 GHz (8th gen Whiskey Lake Quad-Core with Hyper-Threading),0.0,0,Intel UHD 620,Windows,Windows 10 Home,16,512,512,2.65,1481.35,1548.9,205,1166.0210499999946,1207.3707466666554
11,27738,"Samsung Notebook Flash Memory 4 GB, Storage 64 GB eMMC, 13.3"", Charcoal Gray (NP530XBB-K02US)",Samsung,Samsung Notebook Flash,13.3,1920.0,1080.0,Matte,0,Intel Pentium,Intel Pentium Silver N5000 1.1 GHz (Gemini Lake Quad-Core),0.0,0,Intel UHD 605,Windows,Windows 10 Home,4,64,64,3.02,359.95,359.95,129,317.72367333333,329.5850766666635
12,24020,"ASUS 10.1â€ Transformer Mini T103HA-D4-GR, 2 in 1 Touchscreen Laptop, Intel Quad-Core, 128GB SSD, Grey, pen and keyboard included",Asus,Asus Transformer Mini T103HA,10.1,1280.0,800.0,Glossy,1,Intel Atom,Intel Atom x5-Z8350 1.44 GHz (Cherry Trail Quad-Core),1.0,0,Intel HD 400,Windows,Windows 10 Home,4,128,128,1.9,403.19,469.99,78,420.24255666666306,430.06307333333035
13,19840,"ASUS ZenBook 13 Ultra-Slim Laptop, 13.3â€ Full HD, 8th Gen Intel i5-8250U Processor, 8GB RAM, 256GB M.2 SSD, Backlit Kbd, Fingerprint Reader, Windows 10, Grey, UX330UA-AH55",Asus,Asus ZenBook UX330UA,13.3,1920.0,1080.0,Matte,0,Intel Core i5,Intel Core i5-8250U 1.6 GHz (8th gen Kaby Lake R Quad-Core with Hyper-Threading),0.0,0,Intel UHD 620,Windows,Windows 10 Home,8,256,256,2.64,829.99,829.99,45,745.0593733333376,775.4580766666633
14,21215,"Dell Inspiron 15.6"" Full HD Touchscreen Flagship Laptop, i7-7500U, 16GB DDR4, 1TB HDD, AMD Radeon R7 M445 Graphics, 802.11ac, Bluetooth 4.2, HD Webcam, 2 x USB 3.0, HDMI, Win 10",Dell,Dell Inspiron,15.6,1920.0,1080.0,Glossy,1,Intel Core i7,Intel Core i7-7500U 2.7 GHz (7th gen Kaby Lake Dual-Core with Hyper-Threading),0.0,1,AMD Radeon R7 M445,Windows,Windows 10 Home,16,0,1000,5.1,744.0,744.0,71,1037.5826466666651,1086.1096499999978
15,22562,"Acer Aspire E 15, 15.6"" Full HD, 8th Gen Intel Core i7-8550U, GeForce MX150, 8GB RAM Memory, 256GB SSD, E5-576G-81GD",Acer,Acer Aspire E5-576G,15.6,1920.0,1080.0,Matte,0,Intel Core i7,Intel Core i7-8550U 1.8 GHz (8th gen Kaby Lake R Quad-Core with Hyper-Threading),0.0,1,NVIDIA GeForce MX150,Windows,Windows 10 Home,8,256,256,5.27,920.0,938.99,153,847.4671466666645,866.6494699999923
16,11530,HP Pavilion 15 Notebook PC,HP,HP 15-ba009dx,15.6,1366.0,768.0,Glossy,0,AMD A6,AMD A6-7310 2.0 GHz (Puma+ Quad-Core),0.0,0,AMD Radeon R4,Windows,Windows 10,4,0,500,4.74,427.0,427.0,51,426.8277866666653,433.27320000000043
17,22559,"Dell Inspiron 15 Intel Core i3-7130U 8GB 1TB HDD 15.6"" HD LED Win 10 Laptop",Dell,Dell Inspiron 3567,15.6,1366.0,768.0,Matte,0,Intel Core i3,Intel Core i3-7130U 2.7 GHz (7th gen Kaby Lake Dual-Core with Hyper-Threading),0.0,0,Intel HD 620,Windows,Windows 10 Home,8,0,1000,4.95,360.0,379.85,1,387.2608299999987,404.4411866666616
18,20746,"Microsoft Surface Book 2 13.5""(Intel Core i5, 8GB RAM, 256 GB)",Microsoft,Microsoft Surface Book 2,13.5,3000.0,2000.0,Glossy,1,Intel Core i5,Intel Core i5-7300U 2.6 GHz (7th gen Kaby Lake Dual-Core with Hyper-Threading),1.0,0,Intel HD 620,Windows,Windows 10 Pro,8,256,256,3.38,1088.0,1150.0,151,937.6335233333324,983.2439133333295
19,26129,"MSI GS65 Stealth THIN-068 144Hz 7ms Ultra Thin 4.9mm Gaming Laptop i7-8750H (6 cores), GTX 1070 8G, 32GB DRAM, 1TB NVMe SSD, 15.6"", Black w/ Gold Diamond Cut, RGB KB, Win 10 Pro 64 Bit",MSI,MSI GS65 Stealth Thin,15.6,1920.0,1080.0,Matte,0,Intel Core i7,Intel Core i7-8750H 2.2 GHz (8th gen Coffee Lake Hexa-Core with Hyper-Threading),0.0,1,NVIDIA GeForce GTX 1070,Windows,Windows 10 Pro,32,1000,1000,4.14,2999.0,2999.0,27,1754.0289700000042,1814.270430000014
20,26141,"Lenovo Yoga 720 2-in-1 15.6"" FHD IPS Touch-Screen Ultrabook, Quad Core Intel i7-7700HQ, 8GB DDR4 RAM, 256GB SSD, Thunderbolt, Fingerprint Reader, Backlit Keyboard, Built for Windows Ink-Win10",Lenovo,Lenovo Yoga 720,15.6,1920.0,1080.0,Glossy,1,Intel Core i7,Intel Core i7-7700HQ 2.8 GHz (7th gen Kaby Lake Quad-Core with Hyper-Threading),0.0,0,Intel HD 630,Windows,Windows 10 Home,8,256,256,4.41,724.99,749.29,10,967.9033999999969,999.3543566666633
21,22370,"HP Spectre x360 15-BL152NR 2-in-1 15.6in 4K UHD TouchScreen Laptop - Core i7-8550U, GeForce MX150, 16GB Memory, 512GB Solid State Drive (Renewed)",HP,HP Spectre x360,15.6,3840.0,2160.0,Glossy,1,Intel Core i7,Intel Core i7-8550U 1.8 GHz (8th gen Kaby Lake R Quad-Core with Hyper-Threading),0.0,1,NVIDIA GeForce MX150,Windows,Windows 10 Home,16,512,512,4.4,1499.77,1499.77,55,1354.5201299999987,1435.7640266666667
22,7261,"Microsoft Surface Book CR9-00001 Laptop (Windows 10, Intel Core i5, 13.5"" LCD Screen, Storage: 128 GB, RAM: 8 GB) silver",Microsoft,Microsoft Surface Book CR9,13.5,3000.0,2000.0,glossy,1,Intel Core i5,Intel Core i5-6300U 2.4 GHz (6th gen Skylake Dual-Core with Hyper-Threading),1.0,0,Intel HD 520,Windows,Windows 10,8,128,128,3.48,570.0,619.0,16,879.480956666665,924.598846666664
23,26962,"HP Spectre x360 13t Touch Laptop i7-8550U Quad Core,16GB RAM,512GB SSD,13.3"" IPS FHD Touch, Gorilla Glass, Win 10 Pro Pre-Installed by HP, Dark Ash Silver, 3 YRS McAfee Internet Security Antivirus",HP,HP Spectre x360 13t,13.3,1920.0,1080.0,Glossy,1,Intel Core i7,Intel Core i7-8550U 1.8 GHz (8th gen Kaby Lake R Quad-Core with Hyper-Threading),0.0,0,Intel UHD 620,Windows,Windows 10 Pro,16,512,512,2.78,1199.99,1199.99,157,1135.452870000015,1230.8819466666446
24,28220,"MSI GV62 8RD-275 15.6"" Performance Gaming Laptop NVIDIA GTX 1050Ti 4G, Intel Core i5-8300H, 8GB, 256GB NVMe SSD, Red Backlit KB, Win 10 Home, Aluminum Black",MSI,MSI GV62 8RD,15.6,1920.0,1080.0,Matte,0,Intel Core i5,Intel Core i5-8300H 2.3 GHz (8th gen Coffee Lake Quad-Core with Hyper-Threading),0.0,1,NVIDIA GeForce GTX 1050 Ti,Windows,Windows 10 Home,8,256,256,4.85,945.0,949.0,38,699.4265699999904,727.6560866666672
25,24213,"Lenovo Premium 15.6â€ FHD (1920x1080) Display Laptop PC, Intel i5-7200U 2.5Ghz Processor, 8GB DDR4, 256GB SSD, Backlit keyboard, Bluetooth, DVD-RW, Fingerprint Reader, Windows 10 Pro",Lenovo,Lenovo V330,15.6,1920.0,1080.0,Matte,0,Intel Core i5,Intel Core i5-7200U 2.5 GHz (7th gen Kaby Lake Dual-Core with Hyper-Threading),0.0,0,Intel HD 620,Windows,Windows 10 Pro,8,256,256,3.74,822.22,822.22,33,610.5553299999957,638.183313333331
26,21207,"Dell XPS 13 9360 Laptop (13.3"" InfinityEdge TouchScreen FHD (1920x1080), Intel 8th Gen Quad-Core i5-8250U, 128GB M.2 SSD, 8GB RAM, Backlit Keyboard, Windows 10)- Silver",Dell,Dell XPS 13 9360,13.3,1920.0,1080.0,Glossy,1,Intel Core i5,Intel Core i5-8250U 1.6 GHz (8th gen Kaby Lake R Quad-Core with Hyper-Threading),0.0,0,Intel UHD 620,Windows,Windows 10 Home,8,128,128,2.9,880.31,945.0,185,722.9813733333334,754.1719799999956
27,6782,"HP Touchsmart 15-f010dx 15.6"" Touch Screen Laptop - Intel Core i3 / 4GB Memory / 500GB Hard Drive / DVDÂ±RW/CD-RW / Webcam / Windows 8.1 64-bit",HP,HP Pavilion TouchSmart 15-f010dx,15.6,1366.0,768.0,glossy,1,Intel Core i3,Intel Core i3-4010U 1.7GHz (4th gen Haswell Dual-Core with Hyper-Threading),0.0,0,Intel HD 4400,Windows,Windows 8.1,4,0,500,5.05,397.88,397.88,116,412.09282666666485,423.55407333333164
28,26117,"2018 Newest Lenovo Ideapad 15.6"" HD Premium High Performance Laptop, AMD Quad-core A12-9720P processor 2.7GHz, 8GB DDR4, 1TB HDD, DVD, Webcam, 802.11AC, HDMI, USB Type-C, Bluetooth, Windows 10",Lenovo,Lenovo IdeaPad,15.6,1366.0,768.0,Matte,0,AMD A12,AMD A12-9720P 2.7 GHz (7th gen Bristol Ridge Quad-Core),0.0,0,AMD Radeon R7,Windows,Windows 10 Home,8,0,1000,4.85,398.0,449.0,49,422.9811399999927,427.60524666665935
29,17276,"Microsoft Surface Laptop (1st Gen) DAL-00001 Laptop (Windows 10 S, Intel Core i7, 13.5"" LED-Lit Screen, Storage: 512 GB, RAM: 16 GB) Platinum",Microsoft,Microsoft Surface Laptop,13.5,2256.0,1504.0,Glossy,1,Intel Core i7,Intel Core i7-7660U 2.5 GHz (7th gen Kaby Lake Dual-Core with Hyper-Threading),1.0,0,IntelÂ Iris Plus 640,Windows,Windows 10,16,512,512,2.83,859.99,919.0,171,1350.813623333336,1390.4325699999883
30,8219,"Alienware AW17R3-4175SLV 17.3-Inch FHD Laptop (6th Generation Intel Core i7, 16 GB RAM, 1 TB HDD + 256 GB SATA SSD,NVIDIA GeForce GTX 970M, Windows 10 Home), Silver)",Alienware,Alienware AW17R3-4175SLV,17.3,1920.0,1080.0,Glossy,0,Intel Core i7,Intel Core i7-6700HQ 2.6 GHz (6th gen Skylake Quad-Core with Hyper-Threading),0.0,1,NVIDIA GeForce GTX 970M,Windows,Windows 10,16,256,1256,8.33,2499.55,2499.55,85,1520.880166666681,1561.3481866666832
31,6719,"Dell Inspiron 15 5000 Series  15.6 Inch Laptop (Intel Core i5 5200U, 8 GB RAM, 1 TB HDD, Silver) with MaxxAudio",Dell,Dell Inspiron 15 i5558-2144SLV,15.6,1366.0,768.0,glossy,0,Intel Core i5,Intel Core i5-5200U 2.20 GHz (5th gen Broadwell Dual-Core with Hyper-Threading),0.0,0,Intel HD,Windows,Windows 10,8,0,1000,5.4,639.0,639.0,63,534.870966666666,538.0568933333324
32,10548,"Apple MacBook Pro MF841LL/A 13.3-Inch Laptop (Intel Core i5 512GB 8 GB DDR3 SDRAM, Mac OS X) Silver (Renewed)",Apple,Apple MacBook Pro 2015,13.3,2560.0,1600.0,glossy,0,Intel Core i5,Intel Core i5-5287U 2.9 GHz (Broadwell Dual-Core with Hyper-Threading),0.0,0,Intel Iris 6100,macOS,OS X Yosemite,8,512,512,3.48,599.99,707.73,138,1095.7740133333289,1157.620343333328
33,26362,"Asus Chromebook C523NA-DH02 15.6"" HD NanoEdge Display, 180 Degree, Intel Dual Core Celeron Processor, 4GB RAM, 32GB eMMC Storage, Silver Color",Asus,Asus Chromebook C523NA,15.6,1366.0,768.0,Matte,0,Intel Celeron,Intel Celeron N3350 1.1 GHz (Apollo Lake Dual-Core),0.0,0,Intel HD 500,Chrome OS,Chrome OS,4,32,32,3.1,229.0,239.99,191,210.8756566666653,223.28137999999888
34,21208,"Samsung XE303C12-A01US Samsung Exynos 5250 X2 1.7GHz 2GB 16GB SSD 11.6in,Silver(Renewed)",Samsung,Samsung Chromebook XE303C12,11.6,1366.0,768.0,Matte,0,Samsung Exynos,Samsung Exynos 5250 1.7 GHz (Dual-Core),0.0,0,Mali-T604,Chrome OS,Chrome OS,2,16,16,2.43,84.85,89.94,75,233.74479999999824,243.73269666666712
35,6998,"Lenovo - Yoga 3 2-in-1 14"" Touch-Screen Laptop - Intel Core i5 - 8GB - 256GB SSD - Black",Lenovo,Lenovo Yoga 3 80JH0025US,14.0,1920.0,1080.0,glossy,1,Intel Core i5,Intel Core i5-5200U 2.20 GHz (5th gen Broadwell Dual-Core with Hyper-Threading),0.0,0,Intel HD 5500,Windows,Windows 8.1,8,256,256,3.52,799.99,799.99,69,856.6962199999982,862.0170666666645
36,23611,"Dell XPS9560-5000SLV-PUS 15.6"" Ultra Thin and Light Laptop with 4K Touch Display, 7th Gen Core i5 ( up to 3.5 GHz), 8GB, 256GB SSD, Nvidia Gaming GTX 1050, Aluminum Chassis",Dell,Dell XPS 9560,15.6,3840.0,2160.0,Glossy,1,Intel Core i5,Intel Core i5-7300HQ 2.5 GHz (7th gen Kaby Lake Quad-Core),0.0,1,NVIDIA GeForce GTX 1050,Windows,Windows 10 Home,8,256,256,4.5,1053.96,1054.0,183,1041.0896933333297,1098.6824333333288
37,27579,"ASUS X555QA Laptop, 15.6â€ HD, AMD Quad Core A12-9700P (Up to 3.4GHz) Processor, 8GB DDR4 RAM, 1TB Hybrid HDD, Windows 10 64-bit - X555QA-DH12",Asus,Asus X555QA,15.6,1366.0,768.0,Matte,0,AMD A12,AMD A12-9700P 2.5 GHz (7th gen Bristol Ridge Quad-Core),0.0,0,AMD Radeon R7,Windows,Windows 10 Home,8,0,1000,4.5,482.18,484.06,109,436.3447266666655,461.78737999999913
38,22146,"Apple Macbook (Early 2015) 12â€ laptop, Retina Display, 256GB PCI-E SSD, 8GB, Bluetooth, MacOS Yosemite â€“ Gold (Renewed)",Apple,Apple MacBook 2015,12.0,2304.0,1440.0,Glossy,0,Intel Core M,Intel Core M-5Y51 1.1 GHz (5th gen Broadwell Dual-Core with Hyper-Threading),0.0,0,Intel HD 5300,macOS,OS X Yosemite,8,256,256,2.03,999.77,999.77,150,772.6154033333297,823.4162933333319
39,28641,"Lenovo wt-81FY000SUS 300e Winbook Touchscreen LCD 2 in 1 Notebook, Windows 10 Pro, Intel Celeron N3450, 1.1 GHz, 64 GB, 11.6""",Lenovo,Lenovo 300e,11.6,1366.0,768.0,Glossy,1,Intel Celeron,Intel Celeron N3450 1.1 GHz (Apollo Lake Quad-Core),0.0,0,Intel HD 500,Windows,Windows 10 Pro,4,64,64,3.19,209.97,209.99,54,335.85077666666473,346.1305299999987
40,7859,"ASUS ZenBook UX303UA 13.3-Inch FHD Touchscreen Laptop, Intel Core i5, 8 GB RAM, 256 GB SSD, Windows 10 (64 bit)",Asus,Asus ZenBook UX303UA,13.3,1920.0,1080.0,Glossy,1,Intel Core i5,Intel Core i5-6200U 2.3 GHz (6th gen Skylake Dual-Core with Hyper-Threading),0.0,0,Intel HD,Windows,Windows 10,8,256,256,3.2,1092.8,1092.8,145,807.7268433333312,813.4726433333323
41,28222,"ASUS VivoBook L203MA Ultra-Thin Laptop, 11.6â€ HD, Intel Celeron N4000 Processor (up to 2.6 GHz), 4GB RAM, 64GB eMMC, USB-C, Windows 10 in S Mode, One Year of Microsoft Office 365, L203MA-DS04",Asus,Asus VivoBook L203MA,11.6,1366.0,768.0,Glossy,0,Intel Celeron,Intel Celeron N4000 1.1 GHz (Gemini Lake Dual-Core),0.0,0,Intel UHD 600,Windows,Windows 10 S,4,64,64,2.2,204.0,209.01,190,260.6269266666652,281.2089266666659
42,30294,"2019 Lenovo ThinkPad X260 12.5"" IPS Anti-Glare HD Business Laptop (Intel Dual Core i5-6200U, 16GB DDR4 Memory, 256GB SSD) WiFi AC, Bluetooth, Fingerprint, Backlit, Ethernet, Windows 10 Professional",Lenovo,Lenovo ThinkPad X260,12.5,1366.0,768.0,Matte,0,Intel Core i5,Intel Core i5-6200U 2.3 GHz (6th gen Skylake Dual-Core with Hyper-Threading),0.0,0,Intel HD 520,Windows,Windows 10 Pro,16,256,256,3.18,729.99,749.99,170,744.799426666661,775.3397733333251
43,11094,"Apple MacBook Air MD760LL/A 13.3-Inch Laptop (Intel Core i5 Dual-Core 1.3GHz up to 2.6GHz, 4GB RAM, 128GB SSD, Wi-Fi, Bluetooth 4.0) (Renewed)",Apple,Apple MacBook Air 2013,13.3,1440.0,900.0,Glossy,0,Intel Core i5,Intel Core i5-4250U 1.3 GHz (4th gen Haswell Dual-Core  with Hyper-Threading),0.0,0,Intel HD 5000,macOS,OS X Mountain Lion,4,128,128,2.96,407.22,420.88,46,409.7786999999976,464.4170766666605
44,24629,"New 2018 Lenovo Yoga 730 2-in-1 15.6"" FHD IPS Touch-Screen Laptop, Intel i5-8250U, 8GB DDR4 RAM, 256GB PCIe SSD, Thunderbolt, Fingerprint Reader, Backlit Keyboard, Built for Windows Ink, Win10",Lenovo,Lenovo Yoga 730,15.6,1920.0,1080.0,Glossy,1,Intel Core i5,Intel Core i5-8250U 1.6 GHz (8th gen Quad-Core Kaby Lake R with Hyper-Threading),0.0,0,Intel UHD 620,Windows,Windows 10 Home,8,256,256,4.17,645.7,675.99,200,575.5028866666635,594.445306666667
45,23425,"Dell Gaming Laptop G3579-5941BLK-PUS G3 15 3579 - 15.6"" Full HD IPS Anti-Glare Display - 8th Gen Intel i5 Processor - 8GB DDR4 - 128GB SSD+1TB HDD - NVIDIA GeForce GTX 1050 4GB, Windows 10 64bit",Dell,Dell G3 15 3579,15.6,1920.0,1080.0,Matte,0,Intel Core i5,Intel Core i5-8300H 2.3 GHz (8th gen Coffee Lake Quad-Core with Hyper-Threading),0.0,1,NVIDIA GeForce GTX 1050,Windows,Windows 10 Home,8,128,1128,5.95,640.99,643.99,209,749.3018399999977,801.5192633333291
46,26774,"Newest HP 15.6 inch HD Touchscreen Flagship Premium Laptop PC, Intel Core i5-7200U Dual-Core, 8GB RAM, 1TB HDD, Bluetooth, WiFi, Stereo Speakers, Windows 10 Home",HP,HP,15.6,1366.0,768.0,Glossy,1,Intel Core i5,Intel Core i5-7200U 2.5 GHz (7th gen Kaby Lake Dual-Core with Hyper-Threading),0.0,0,Intel HD 620,Windows,Windows 10 Home,8,0,2000,4.52,538.86,542.99,156,537.3595500000041,553.7575433333408
47,26803,"Alienware M15 Gaming Laptop Intel i7-8750H, 15.6"" 300 Nits FHD 144hz Refresh Rate -16GB, 2x8GB, 512GB PCIe M.2 SSD, RTX 2060 6GB, 17.9mm Thick & 4.78lbs",Alienware,Alienware M15,15.6,1920.0,1080.0,Matte,0,Intel Core i7,Intel Core i7-8750H 2.2 GHz (8th gen Coffee Lake Hexa-Core with Hyper-Threading),0.0,1,NVIDIA GeForce RTX 2060,Windows,Windows 10 Home,16,512,512,4.78,1449.99,1499.99,94,1608.4748366666713,1661.7364800000187
48,18665,"Microsoft Surface Book (512 GB, 16 GB RAM, Intel Core i7, NVIDIA GeForce graphics) (Renewed)",Microsoft,Microsoft Surface Book CR7,13.5,3000.0,2000.0,glossy,1,Intel Core i7,Intel Core i7-6600U 2.6 GHz (6th gen Skylake Dual-Core with Hyper-Threading),1.0,1,NVIDIA GeForce GTX 965M,Windows,Windows 10,16,512,512,3.48,819.49,879.49,198,1444.5924733333406,1497.251410000003
49,8960,"2016 Dell XPS 13 High Performance Laptop with 13.3"" FHD IPS Infinity Borderless Display, Intel Core i5-6200U Processor, 8GB RAM, 128GB SSD, 11 hours battery life, Backlit Keyboard, Windows 10",Dell,Dell XPS 9350,13.3,1920.0,1080.0,Matte,0,Intel Core i5,Intel Core i5-6200U 2.3 GHz (6th gen Skylake Dual-Core with Hyper-Threading),0.0,0,Intel HD 520,Windows,Windows 10,8,128,128,2.7,999.99,999.99,207,817.8438933333318,834.2028999999918
50,22553,"Razer Blade 15: World's Smallest 15.6"" Gaming Laptop - 144Hz Full HD Thin Bezel - 8th Gen Intel Core i7-8750H 6 Core - NVIDIA GeForce GTX 1070 Max-Q - 16GB RAM - 512GB SSD - Windows 10 - CNC Aluminum",Razer,Razer Blade 15,15.6,1920.0,1080.0,Matte,0,Intel Core i7,Intel Core i7-8750H 2.2 GHz (8th gen Coffee Lake Hexa-Core with Hyper-Threading),0.0,1,NVIDIA GeForce GTX 1070,Windows,Windows 10 Home,16,512,512,4.63,2999.11,2999.11,219,2192.6674100000273,2257.956370000043
51,26100,"Asus ROG Strix Scar II Gaming Laptop, 17.3â€ 144Hz IPS-Type FHD, NVIDIA GeForce RTX 2070 8GB, Intel Core i7-8750H Processor, 16GB DDR4 RAM, 512GB PCIe SSD + 1TB SSHD, RGB KB, Windows 10 - GL704GW-DS76",Asus,Asus ROG Strix Scar II GL704GW,17.3,1920.0,1080.0,Matte,0,Intel Core i7,Intel Core i7-8750H 2.2 GHz (8th gen Coffee Lake Hexa-Core with Hyper-Threading),0.0,1,NVIDIA GeForce RTX 2070,Windows,Windows 10 Home,16,512,1512,6.39,1774.98,1999.99,147,1765.6601566666864,1828.6002433333574
52,30068,"Acer Swift 5 Ultra-Thin & Lightweight Laptop 15.6â€ FHD IPS Touch Display in a thin .23â€ bezel, 8th Gen Intel Core i7-8565U, 16GB DDR4, 512GB PCIe NVMe SSD, Back-lit Keyboard, Windows 10 SF515-51T-73TY",Acer,Acer Swift 5 SF515-51T,15.6,1920.0,1080.0,Glossy,1,Intel Core i7,Intel Core i7-8565U 1.8 GHz (8th gen Whiskey Lake Quad-Core with Hyper-Threading),0.0,0,Intel UHD 620,Windows,Windows 10 Home,16,512,512,2.2,899.98,979.0,25,1197.9411733333272,1259.1656199999863
53,26105,"Dell M4800 15.6in FHD Ultrapowerful Mobile Workstation Business Laptop Computer, Intel Core i7-4900MQ 3.8Ghz, 16GB RAM, 500GB HDD, WiFi AC, NVIDIA Quadro K2100M, Windows 10 Pro (Renewed)",Dell,Dell Precision M4800,15.6,1920.0,1080.0,Matte,0,Intel Core i7,Intel Core i7-4900MQ 2.8 GHz (4th gen Haswell Quad-Core with Hyper-Threading),0.0,1,NVIDIA Quadro K2100M,Windows,Windows 10 Pro,16,0,500,6.35,411.0,421.0,89,1136.950323333331,1158.2927966666632
54,23816,"Lenovo ThinkPad E580 Business Laptop - 15.6"" Anti-Glare (1366x768), Intel Core i5-7200U, 500GB HDD, 4GB DDR4, Wi-Fi + BlueTooth, Webcam, FingerPrint Reader, Windows 10 Professional - Black",Lenovo,Lenovo ThinkPad E580,15.6,1366.0,768.0,Matte,0,Intel Core i5,Intel Core i5-7200U 2.5 GHz (7th gen Kaby Lake Dual-Core with Hyper-Threading),0.0,0,Intel HD 620,Windows,Windows 10 Pro,4,0,500,4.7,999.11,999.11,177,444.05531333333255,473.63747666666484
55,28482,"Lenovo ThinkPad X1 Carbon Laptop, High Performance Windows Laptop, (Intel Core i7, 16 GB RAM, 512GB SSD, Windows 10 Pro), 20KH002JUS",Lenovo,Lenovo ThinkPad X1 Carbon (6th Generation),14.0,1920.0,1080.0,Matte,0,Intel Core i7,Intel Core i7-8650U 1.9 GHz (8th gen Quad-Core Kaby Lake R with Hyper-Threading),0.0,0,Intel UHD 620,Windows,Windows 10 Pro,16,512,512,2.49,1559.99,1609.99,204,1289.1487933333267,1360.9492366666452
56,23191,"2018 Dell Inspiron 13 7000 2-in-1 13.3"" FHD Touchscreen Laptop Computer, AMD Quad-Core Ryzen 5 2500U up to 3.6GHz(Beat i7-7500U), 8GB DDR4, 256GB SSD, AC WiFi + BT 4.1, USB Type-C, HDMI, Windows 10",Dell,Dell Inspiron 7375,13.3,1920.0,1080.0,Glossy,1,AMD Ryzen 5,AMD Ryzen 5 2500U 2.0 GHz (Quad-Core with Simultaneous Multi-Threading),0.0,0,AMD Radeon Vega 8,Windows,Windows 10 Home,8,256,256,3.86,487.88,499.0,74,555.3667466666594,574.5309833333314
57,26595,"Acer C720-2844 11.6-inch Chromebook, Intel Celeron 2955U 1.4GHz, 4GB RAM, 16GB SSD (Renewed)",Acer,Acer Chromebook C720,11.6,1366.0,768.0,Matte,0,Intel Celeron,Intel Celeron 2955U 1.4 GHz (Haswell Dual-Core),0.0,0,Intel HD,Chrome OS,Chrome OS,4,16,16,2.75,73.35,79.0,124,130.3429900000002,136.59033999999872
58,12293,Lenovo 110s Premium Built High Performance 11.6 inch HD Laptop pc Intel Celeron Dual-Core Processor 2GB RAM 32G eMMC Storage Webcam Bluetooth WiFi HDMI 1-Year Office Windows 10-White,Lenovo,Lenovo Ideapad 110s,11.6,1366.0,768.0,,0,Intel Celeron,Intel Celeron N3060 1.6 GHz (Braswell Dual-Core),0.0,0,Intel HD 400,Windows,Windows 10,2,32,32,2.53,199.99,308.99,119,248.92214666666604,256.33181333333323
59,26591,"Lenovo Ideapad 14"" HD Premium Performance Laptop, Intel Celeron Dual-Core N3350 up to 2.4GHz, 2GB RAM, 32GB eMMC, Webcam, HDMI, 802.11AC, Bluetooth, Windows 10, Office 365 1-Year Personal Subscription",Lenovo,Lenovo IdeaPad 120s,14.0,1366.0,768.0,Matte,0,Intel Celeron,Intel Celeron N3350 1.1 GHz (Apollo Lake Dual-Core),0.0,0,Intel HD 500,Windows,Windows 10 Home,2,32,32,3.17,188.0,188.0,60,282.22850666666557,289.92305999999996
60,29407,"Dell G5 15 Gaming Laptop (Windows 10 Home, 9th Gen Intel Core i7-9750H, NVIDIA GTX 1650, 15.6"" FHD LCD Screen, 256GB SSD and 1TB SATA, 16 GB RAM) G5590-7679BLK-PUS",Dell,Dell G5 5590,15.6,1920.0,1080.0,Matte,0,Intel Core i7,Intel Core i7-9750H 2.6 GHz (9th gen Coffee Lake Hexa-Core with Hyper-Threading),0.0,1,NVIDIA GeForce GTX 1650,Windows,Windows 10 Home,16,256,1256,5.9,1049.99,1099.99,20,1291.823746666663,1339.3345099999997
61,30992,"Prostar NH58RDQ 15.6 Inches FHD IPS 144Hz 5ms, Intel i7-9750H, NVIDIA RTX 2060, 32GB 2666Mhz DDR4, 500GB NVMe SSD, 2TB SSHD, Windows 10 Home, Slim Bezel Gaming Laptop, 1-Year Warranty",Other,Prostar NH58RDQ,15.6,1920.0,1080.0,Matte,0,Intel Core i7,Intel Core i7-9750H 2.6 GHz (9th gen Coffee Lake Hexa-Core with Hyper-Threading),0.0,1,NVIDIA GeForce RTX 2060,Windows,Windows 10 Home,32,500,2500,5.0,1479.0,1499.0,105,1414.883146666667,1454.0949433333337
62,26104,"2018 Dell XPS 9570 Laptop, 15.6"" UHD (3840 x 2160) InfinityEdge Touch Display, 8th Gen Intel Core i7-8750H, 32GB RAM, 1TB SSD, GeForce GTX 1050Ti, Fingerprint Reader, Windows 10 Home, Silver",Dell,Dell XPS 9570,15.6,3840.0,2160.0,Glossy,1,Intel Core i7,Intel Core i7-8750H 2.2 GHz (8th gen Coffee Lake Hexa-Core with Hyper-Threading),0.0,1,NVIDIA GeForce GTX 1050 Ti,Windows,Windows 10 Pro,32,1000,1000,4.5,1749.99,1749.99,188,1612.1128933333348,1804.6722733333527
63,26776,"HP Envy 17T Touch Intel Core i7-8550U Quad Core, 512GB SSD, 16GB RAM, Win 10 Pro HP Installed, 17.3 FHD touch, Nvidia 4GB DDR5,B&O speakers, Mcafee 3 Years Internet Security, WideVision HD Cam(not IR)",HP,HP Envy 17t-bw000,17.3,1920.0,1080.0,Glossy,1,Intel Core i7,Intel Core i7-8550U 1.8 GHz (8th gen Kaby Lake R Quad-Core with Hyper-Threading),0.0,1,NVIDIA GeForce MX150,Windows,Windows 10 Home,16,512,512,6.63,1179.0,1299.95,117,1371.8176866666704,1425.9975566666662
64,30071,"Sager NP8957 0.78 Inches Thin and Light Gaming Laptop, 15.6 Inches FHD 144Hz Display, Intel Core i7-9750H, RTX 2070 8GB DDR6, 16GB RAM, 500GB NVMe SSD, Windows 10 Home",Other,Sager NP8957,15.6,1920.0,1080.0,Matte,0,Intel Core i7,Intel Core i7-9750H 2.6 GHz (9th gen Coffee Lake Hexa-Core with Hyper-Threading),0.0,1,NVIDIA GeForce RTX 2070,Windows,Windows 10 Home,16,500,500,4.6,1499.0,1599.0,50,1512.8400866666677,1600.82118666667
65,20104,"ASUS ZenBook Pro 15 Thin & Light Ultrabook Laptop, 15.6â€ Full HD NanoEdge Touch, Intel Core i7-7700HQ, GTX 1050 Ti, 16GB DDR4 RAM, 512GB SSD, Backlit KB, Fingerprint, Windows 10 - UX550VE-DB71T, Black",Asus,Asus ZenBook Pro UX550VE,15.6,1920.0,1080.0,Glossy,1,Intel Core i7,Intel Core i7-7700HQ 2.8 GHz (7th gen Kaby Lake Quad-Core with Hyper-Threading),0.0,1,NVIDIA GeForce GTX 1050 Ti,Windows,Windows 10 Home,16,512,512,3.97,2999.11,2999.11,161,1334.0285233333288,1396.0400299999926
66,25264,"Omen by HP 2018 15-Inch Gaming Laptop, Intel i7-8750H Processor, NVIDIA GeForce GTX 1070, 32 GB RAM, 512 GB SSD, VR Ready, Windows 10 (15-dc0045nr, Black)",HP,HP OMEN 15-dc0045nr,15.6,1920.0,1080.0,Matte,0,Intel Core i7,Intel Core i7-8750H 2.2 GHz (8th gen Coffee Lake Hexa-Core with Hyper-Threading),0.0,1,NVIDIA GeForce GTX 1070,Windows,Windows 10 Home,32,512,512,5.0,1336.77,1658.49,86,1588.27246000001,1701.8263566666885
67,20103,"Alienware AW17R4-7005SLV-PUS 17"" Laptop (7th Generation Intel Core i7, 16GB RAM, 1TB HDD, Silver) with NVIDIA GTX 1060",Alienware,Alienware 17 R4,17.3,1920.0,1080.0,Matte,0,Intel Core i7,Intel Core i7-7700HQ 2.8 GHz (7th gen Kaby Lake Quad-Core with Hyper-Threading),0.0,1,NVIDIA GeForce GTX 1060,Windows,Windows 10 Home,16,0,1000,9.74,1549.0,1549.0,139,1480.6163566666726,1536.9195366666768
68,24845,"ASUS TUF Gaming Laptop FX504 15.6â€ Full HD, 8th-Gen Intel Core i5-8300H (up to 3.9GHz) Processor, GeForce GTX 1050 Ti, 8GB DDR4, 1TB FireCuda SSHD, Wi-Fi 5, Windows 10 Home, FX504GE-US52",Asus,Asus TUF Gaming FX504,15.6,1920.0,1080.0,Matte,0,Intel Core i5,Intel Core i5-8300H 2.3 GHz (8th gen Coffee Lake Quad-Core with Hyper-Threading),0.0,1,NVIDIA GeForce GTX 1050 Ti,Windows,Windows 10 Home,8,0,1000,5.07,739.96,739.96,12,712.2904033333311,772.8461533333285
69,27411,"Asus TUF Gaming Laptop FX504 15.6â€ 3ms Full HD IPS-LEVEL, Intel Core i5-8300H Processor, NVIDIA GeForce GTX 1060, 8GB DDR4, 256GB M.2 SSD, Gigabit WiFi, Windows 10 - FX504GM-WH51",Asus,Asus TUF Gaming FX504,15.6,1920.0,1080.0,Matte,0,Intel Core i5,Intel Core i5-8300H 2.3 GHz (8th gen Coffee Lake Quad-Core with Hyper-Threading),0.0,1,NVIDIA GeForce GTX 1060,Windows,Windows 10 Home,8,256,256,5.07,827.0,827.0,123,727.7052799999948,747.7555699999989
70,14448,"Lenovo 15.6 inch HD Laptop, Intel Core i7-7500U 2.7 GHz, 12 GB DDR4 RAM, 1 TB HDD, SuperMulti DVD, VGA, HDMI, Bluetooth, 802.11ac, HD Webcam, Windows10-Black",Lenovo,Lenovo Ideapad 310,15.6,1366.0,768.0,Glossy,0,Intel Core i7,Intel Core i7-7500U 2.7 GHz (7th gen Kaby Lake Dual-Core with Hyper-Threading),0.0,0,Intel HD 620,Windows,Windows 10,12,0,1000,4.83,748.88,748.88,23,720.6203299999919,735.1714266666622
71,20274,"2017 Business Flagship Dell Inspiron 15.6"" LED-Backlit Display Laptop PC Intel i5-7200U Processor 8GB DDR4 RAM 256GB SSD DVD-RW Backlit-keyboard HDMI 802.11ac Webcam Bluetooth Windows 10-Gray",Dell,Dell Inspiron,15.6,1366.0,768.0,Glossy,0,Intel Core i5,Intel Core i5-7200U 2.5 GHz (7th gen Kaby Lake Dual-Core with Hyper-Threading),0.0,0,Intel HD 620,Windows,Windows 10 Home,8,256,256,4.85,494.0,494.0,212,498.6002399999961,535.752773333328
72,23201,"HP 15-inch Laptop, AMD Ryzen 3 2200U Processor, 8 GB RAM, 1 TB Hard Drive, Windows 10 Home (15-db0030nr, Gray)",HP,HP 15-db0040nr,15.6,1366.0,768.0,Glossy,1,AMD Ryzen 5,AMD Ryzen 5 2500U 2.0 GHz (Quad-Core with Simultaneous Multi-Threading),0.0,0,AMD Radeon Vega 8,Windows,Windows 10 Home,8,0,1000,4.6,399.99,606.08,201,550.4713466666655,579.19095333333
73,26134,"Alienware AW15R3-5246SLV-PUS 15.6"" Gaming Laptop (7th Generation Intel Core i5, 8GB RAM, 1TB HDD, Silver) VR Ready with NVIDIA GTX 1060",Alienware,Alienware 15 R3,15.6,1920.0,1080.0,Matte,0,Intel Core i5,Intel Core i5-7300HQ 2.5 GHz (7th gen Kaby Lake Quad-Core),0.0,1,NVIDIA GeForce GTX 1060,Windows,Windows 10 Home,8,0,1000,7.69,1089.99,1095.0,195,813.6542433333309,845.0429933333278
74,17274,"ASUS UX490UA-XS74-BL 14-Inch Zenbook 3 Deluxe Notebook Core i7, 16GB RAM, 512GB SSD, Fingerprint Sensor, Windows Pro, Royal Blue",Asus,Asus Zenbook 3 Deluxe (UX490UA-XS74),14.0,1920.0,1080.0,Glossy,0,Intel Core i7,Intel Core i7-7500U 2.7 GHz (7th gen Kaby Lake Dual-Core with Hyper-Threading),0.0,0,Intel HD 620,Windows,Windows 10,16,512,512,2.4,1699.99,1699.99,83,1507.2069566666485,1538.1714899999713
75,23608,"ASUS VivoBook E203MA Ultra-Thin Laptop [2019 Version], Intel Celeron N4000 Processor (up to 2.6 GHz), 4GB LPDDR4, 64GB eMMC, 11.6â€ HD, USB-C, Windows 10 S mode (Switchable to Pro), E203MA-YS03",Asus,Asus VivoBook E203MA,11.6,1366.0,768.0,Glossy,0,Intel Celeron,Intel Celeron N4000 1.1 GHz (Gemini Lake Dual-Core),0.0,0,Intel UHD 600,Windows,Windows 10 S,4,64,64,2.2,229.0,229.0,34,260.6269266666652,281.2089266666659
76,6341,"2015 CES newest Model Dell XPS13 Ultrabook Computer - the World's First 13.3"" FHD WLED Backlit Infinity Display",Dell,Dell XPS13,13.3,1920.0,1080.0,Glossy,0,Intel Core i5,Intel Core i5-5200U 2.20 GHz (5th gen Broadwell Dual-Core with Hyper-Threading),0.0,0,Intel HD Graphics 5500,Windows,Windows 8.1,4,128,128,2.6,1099.55,1099.55,41,644.1839566666658,663.428546666665
77,23420,"New Microsoft Surface Go (Intel Pentium Gold, 8GB RAM, 128GB)",Microsoft,Microsoft Surface Go,10.0,1800.0,1200.0,Glossy,1,Intel Pentium,Intel Pentium Gold 4415Y 1.6 GHz (7th gen Kaby Lake Dual-Core with Hyper-Threading),1.0,0,Intel HD 615,Windows,Windows 10 S,8,128,128,1.15,469.0,515.0,6,623.4973333333296,649.1303466666642
78,11946,"2017 Dell Inspiron 15.6? Full HD Touchscreen Signature Flagship laptop, Intel Core i5-6200U, 2.30 GHz, 8GB DDR3L, 1TB HDD, 802.11AC/a/b/g/n, Bluetooth, HDMI, DVD/RW, Win 10 - Silver",Dell,Dell Inspiron i5559,15.6,1920.0,1080.0,Glossy,1,Intel Core i5,Intel Core i5-6200U 2.3 GHz (6th gen Skylake Dual-Core with Hyper-Threading),0.0,0,Intel HD 520,Windows,Windows 10,8,0,1000,5.36,643.0,643.0,164,619.4558666666646,632.8339933333309
79,3991,"Lenovo Laptop IdeaPad G50 (59421808) Intel Core i7 4510U (2.00 GHz) 8 GB Memory 1 TB HDD Intel HD Graphics 4400 15.6"" Windows 8.1",Lenovo,Lenovo G50,15.6,1366.0,768.0,Glossy,0,Intel Core i7,Intel Core i7-4510U 2.0 GHz (4th gen Haswell Dual-Core with Hyper-Threading),0.0,0,Intel HD,Windows,Windows 8.1,8,0,1024,4.63,491.46,499.99,176,667.1734499999951,677.6038133333294
80,7504,"ASUS ROG GL552VW-DH71 15-Inch Gaming Laptop, Discrete GPU GeForce GTX 960M 2GB VRAM, 16GB DDR4, 1TB (ROG Metallic)",Asus,Asus ROG GL552VW-DH71,15.6,1920.0,1080.0,Matte,0,Intel Core i7,Intel Core i7-6700HQ 2.6 GHz (6th gen Skylake Quad-Core with Hyper-Threading),0.0,1,NVIDIA GeForce GTX 960M,Windows,Windows 10,16,0,1000,5.6,1149.0,1149.0,189,1166.9825766666638,1202.841163333331
81,22554,"2017 HP Stream 11.6 inch Laptop, Intel Celeron Core up to 2.48GHz, 4GB RAM, 32GB SSD, 802.11ac WiFi, Bluetooth, Webcam, USB 3.0, Windows 10 Home, Snow White (Renewed)",HP,HP Stream 11-y012nr,11.6,1366.0,768.0,Matte,0,Intel Celeron,Intel Celeron N3060 1.6 GHz (Braswell Dual-Core),0.0,0,Intel HD 400,Windows,Windows 10 Home,4,32,32,2.57,142.99,156.94,32,176.02580000000162,186.00894666666383
82,29405,"2019 Lenovo Thinkpad E590 15.6"" HD Business Laptop (Intel Quad Core i5-8265U, 16GB DDR4 Memory, 256GB PCIe 3.0(x4) NVMe SSD M.2 SSD) Type-C, HDMI, Ethernet, Webcam, Windows 10 Pro",Lenovo,Lenovo ThinkPad E590,15.6,1366.0,768.0,Matte,0,Intel Core i5,Intel Core i5-8265U 1.6 GHz (8th gen Whiskey Lake Quad-Core with Hyper-Threading),0.0,0,Intel UHD 620,Windows,Windows 10 Pro,16,256,256,4.7,709.93,759.93,8,724.2048699999946,760.9240666666543
83,6639,"Dell Inspiron 15 5000 Series I5558-2571BLK 15.6-Inch HD Laptop (5th Generation Intel i7-5500U Processor, 6GB RAM, 1TB HDD, Windows 8.1), Black",Dell,Delll Inspiron 15 i5558,15.6,1366.0,768.0,glossy,0,Intel Core i7,Intel Core i7-5500U 2.40 GHz (5th gen Broadwell Dual-Core with Hyper-Threading),0.0,0,Intel HD,Windows,Windows 8.1,6,0,1000,5.31,658.88,658.88,88,654.8160333333273,663.688773333328
84,25933,"Razer Blade Stealth 13 Ultrabook Laptop: Intel Core i7-8565U 4-Core, NVIDIA GeForce MX150, 13.3"" FHD 1080p, 16GB RAM, 256GB SSD, CNC Aluminum, Chroma RGB Lighting, Thunderbolt 3, Black",Razer,Razer Blade Stealth,13.3,1920.0,1080.0,Matte,0,Intel Core i7,Intel Core i7-8565U 1.8 GHz (8th gen Whiskey Lake Quad-Core with Hyper-Threading),0.0,1,NVIDIA GeForce MX150,Windows,Windows 10 Home,16,256,256,2.89,1207.72,1288.61,194,1402.5486100000003,1459.2529266666668
85,31415,"HP Probook 450 G6 15.6 Inch Full HD 1080P Professional Laptop, Intel Core I5-8265U, 8 GB RAM, 256 GB SSD, Windows 10 Pro",HP,HP ProBook 450 G6,15.6,1920.0,1080.0,Matte,0,Intel Core i5,Intel Core i5-8265U 1.6 GHz (8th gen Whiskey Lake Quad-Core with Hyper-Threading),0.0,0,Intel UHD 620,Windows,Windows 10 Pro,8,256,256,4.4,612.95,648.83,72,598.5950466666612,615.735920000003
86,27107,"Lenovo Chromebook S330 Laptop, 14-Inch FHD (1920 x 1080) Display, MediaTek MT8173C Processor, 4GB LPDDR3, 64GB eMMC, Chrome OS, 81JW0000US, Business Black",Lenovo,Lenovo Chromebook S330,14.0,1920.0,1080.0,Matte,0,MediaTek,MediaTek MT8173C 2.1 GHz (Quad-Core),0.0,0,PowerVR GX6250,Chrome OS,Chrome OS,4,64,64,3.24,217.52,245.77,9,407.1191533333322,418.3583466666651
87,27416,"2019 Lenovo 11.6"" HD IPS Touchscreen 2-in-1 Chromebook, Quad-Core MediaTek MT8173C (4C, 2X A72 + 2X A53), 4GB RAM, 32GB eMMC, 802.11ac WiFi, Bluetooth 4.2, HDMI, Type-C, Chrome OS",Lenovo,Lenovo Chromebook C330,11.6,1366.0,768.0,Glossy,1,MediaTek,MediaTek MT8173C 2.1 GHz (Quad-Core),0.0,0,PowerVR GX6250,Chrome OS,Chrome OS,4,32,32,2.65,231.98,236.65,113,338.9576933333318,346.71184333333383
88,21464,"2018 Newest Acer R11 11.6"" Convertible HD IPS Touchscreen Chromebook, Intel Celeron Dual Core up to 2.48GHz, 4GB RAM, 16GB SSD, 802.11ac, Bluetooth, HDMI, USB 3.0, Webcam, Chrome OS",Acer,Acer R11,11.6,1366.0,768.0,Glossy,1,Intel Celeron,Intel Celeron N3060 1.6 GHz (Braswell Dual-Core),0.0,0,Intel HD 400,Chrome OS,Chrome OS,4,16,16,2.76,250.0,250.0,7,176.7089333333323,182.4931399999987
89,25931,"Asus ROG Strix Scar II Gaming Laptop, 17â€ 144Hz IPS-Type Full HD, NVIDIA GeForce RTX 2060 6GB, Intel Core i7-8750H, 16GB DDR4 RAM, 512GB PCIe SSD, RGB KB, Windows 10 - GL704GV-DS74",Asus,Asus ROG Strix Scar II GL704GV,17.3,1920.0,1080.0,Matte,0,Intel Core i7,Intel Core i7-8750H 2.2 GHz (8th gen Coffee Lake Hexa-Core with Hyper-Threading),0.0,1,NVIDIA GeForce RTX 2060,Windows,Windows 10 Home,16,512,512,6.4,1549.99,1649.0,160,1605.6996100000026,1646.7112733333481
90,28040,"ASUS ZenBook 13 Ultra Slim Laptop, 13.3â€ FHD WideView, 8th-Gen Intel Core i7-8565U CPU, 16GB RAM, 512GB PCIe SSD, Backlit KB, NumberPad, Military Grade, TPM, Windows 10 Pro, UX333FA-AB77, Royal Blue",Asus,Asus ZenBook UX333FA,13.3,1920.0,1080.0,Glossy,0,Intel Core i7,Intel Core i7-8565U 1.8 GHz (8th gen Whiskey Lake Quad-Core with Hyper-Threading),0.0,0,Intel UHD 620,Windows,Windows 10 Pro,16,512,512,2.6,949.99,999.99,91,1187.9108166666576,1215.7202966666548
91,20498,"2018 Dell Flagship Dell Inspiron 15.6"" TouchScreen Laptop (1366 x 768), Intel Core i3 7100U, 6GB DDR4 SDRAM Memory, 1TB Hard Drive, Intel HD Graphics 620, Windows 10,Black",Dell,Dell Inspiron,15.6,1366.0,768.0,Glossy,1,Intel Core i3,Intel Core i3-7100U 2.4 GHz (7th gen Kaby Lake Dual-Core with Hyper-Threading),0.0,0,Intel HD 620,Windows,Windows 10 Home,6,0,1000,5.07,499.0,499.0,165,423.39586333332926,432.10276999999513
92,23195,"Envy x360 2018 HP Ryzen Micro-edge 2-in-1 Notebook | 15.6"" FHD MultiTouch Display | 4-Core AMD Ryzen 5 2500U Up to 3.6Ghz | 8GB DDR4 | 1TB HDD | Webcam | Backlit Keyboard | Radeon Vega",HP,HP Envy x360,15.6,1920.0,1080.0,Glossy,1,AMD Ryzen 5,AMD Ryzen 5 2500U 2.0 GHz (Quad-Core with Simultaneous Multi-Threading),0.0,0,AMD Radeon Vega 8,Windows,Windows 10 Home,8,0,1000,4.49,719.9,719.9,79,585.7942033333288,605.7423433333316
93,19611,"2017 Newest Acer Premium R11 11.6"" Convertible 2-in-1 HD IPS Touchscreen Chromebook - Intel Quad-Core Celeron N3160 1.6GHz, 4GB RAM, 32GB eMMC, Bluetooth, HD Webcam, HDMI, USB 3.0, Chrome OS - White",Acer,Acer Chromebook R11,11.6,1366.0,768.0,Glossy,1,Intel Celeron,Intel Celeron N3160 1.6 GHz (Braswell Quad-Core),0.0,0,Intel HD 400,Chrome OS,Chrome OS,4,32,32,2.75,273.3,273.3,24,243.4329133333307,252.80753333333362
94,31424,"Oemgenuine Lenovo ThinkPad T470 Laptop Computer 14 Inch FHD Display 1920x1080, Intel Dual Core i5-6300U, 16GB RAM, 512GB SSD NVMe, W10P, Business Laptop",Lenovo,Lenovo ThinkPad T470,14.0,1920.0,1080.0,Matte,0,Intel Core i5,Intel Core i5-6300U 2.4 GHz (6th gen Skylake Dual-Core with Hyper-Threading),0.0,0,Intel HD 520,Windows,Windows 10 Pro,16,512,512,3.6,729.95,729.95,17,799.5897099999936,823.0232266666571
95,23811,"Dell Inspiron 13 5000 2-in-1 - 13.3"" Touch Display - 8th Gen Intel Core i7-8550U - 8GB Memory - 1TB Hard Drive - Theoretical Gray (i5379-7909GRY-PUS)",Dell,Dell Inspiron 5379,13.3,1920.0,1080.0,Glossy,1,Intel Core i7,Intel Core i7-8550U 1.8 GHz (8th gen Kaby Lake R Quad-Core with Hyper-Threading),0.0,0,Intel UHD 620,Windows,Windows 10 Home,8,0,1000,3.43,794.99,794.99,128,813.3164199999951,832.4098433333241
96,23603,"Samsung Electronics XE500C13 Chromebook 3 2GB RAM 16GB SSD Laptop, 11.6""",Samsung,Samsung Chromebook 3,11.6,1366.0,768.0,Matte,0,Intel Celeron,Intel Celeron N3060 1.6 GHz (Braswell Dual-Core),0.0,0,Intel HD 400,Chrome OS,Chrome OS,2,16,16,2.54,123.99,136.01,65,122.70562333333244,130.1353500000004
97,30295,"ROG Zephyrus M Thin and Portable Gaming Laptop, 15.6â€ 240Hz FHD IPS, NVIDIA GeForce RTX 2070, Intel Core i7-9750H, 16GB DDR4 RAM, 1TB PCIe SSD, Per-Key RGB, Windows 10 Home, GU502GW-AH76",Asus,Asus ROG Zephyrus M GU502GW,15.6,1920.0,1080.0,Matte,0,Intel Core i7,Intel Core i7-9750H 2.6 GHz (9th gen Coffee Lake Hexa-Core with Hyper-Threading),0.0,1,NVIDIA GeForce RTX 2070,Windows,Windows 10 Home,16,1000,1000,4.18,1748.98,1749.99,179,1937.1073733333446,2048.9462133333536
98,18991,HP Stream 14-ax022nr Laptop Intel Celeron N3060 1.6GHz 4GB 32GB 14in W10 - (Renewed),HP,HP Stream 14,14.0,1366.0,768.0,Glossy,0,Intel Celeron,Intel Celeron N3060 1.6 GHz (Braswell Dual-Core),0.0,0,Intel HD 400,Windows,Windows 10 Home,4,32,32,3.15,175.0,175.0,70,193.98662666666382,194.76293333333234
99,24212,"Acer Swift 3, 8th Gen Intel Core i5-8250U, NVIDIA GeForce MX150, 14"" Full HD, 8GB LPDDR3, 256GB SSD, SF314-52G-55WQ",Acer,Acer Swift 3 SF314-52G,14.0,1920.0,1080.0,Matte,0,Intel Core i5,Intel Core i5-8250U 1.6 GHz (8th gen Quad-Core Kaby Lake R with Hyper-Threading),0.0,1,NVIDIA GeForce MX150,Windows,Windows 10 Home,8,256,256,3.97,808.8,808.8,162,626.4642166666614,650.8260399999955
100,28807,"ASUS ZenBook Flip S Touchscreen Convertible Laptop, 13.3â€ Full HD, 8th Gen Intel Core i7 Processor, 16GB DDR3, 512GB SSD, Backlit KB, Fingerprint, Windows 10 Pro - UX370UA-XH74T-BL, Royal Blue",Asus,Asus ZenBook Flip S UX370UA,13.3,1920.0,1080.0,Glossy,1,Intel Core i7,Intel Core i7-8550U 1.8 GHz (8th gen Kaby Lake R Quad-Core with Hyper-Threading),0.0,0,Intel UHD 620,Windows,Windows 10 Pro,16,512,512,2.42,1399.99,1399.99,0,1134.870156666659,1201.3511633333185
101,19608,"2017 Newest Premium High Performance Samsung 11.6 HD Chromebook -  Intel Atom x5, 2GB DDR3, 16GB eMMC Hard Drive, 802.11ac, Bluetooth, HDMI, HD Webcam, USB 3.0, Chrome OS",Samsung,Samsung Chromebook 3,11.6,1366.0,768.0,Matte,0,Intel Celeron,Intel Celeron N3050 1.6 GHz (Braswell Dual-Core),0.0,0,Intel HD,Chrome OS,Chrome OS,2,16,16,2.54,134.99,139.98,168,135.40975666666583,142.38616000000053
102,6648,"ASUS Transformer Book Chi 12.5-Inch T300CHI-F1-DB Slim All-Aluminum 2 in 1 Detachable Touchscreen Laptop, Core M, 4 GB RAM, 128 GB SSD",Asus,Asus Transformer Book T300CHI,12.5,1920.0,1080.0,glossy,1,Intel Core M,Intel Core M-5Y10 0.8 GHz (5th gen Broadwell Dual-Core with Hyper-Threading),1.0,0,Intel HD 5300,Windows,Windows 8.1,4,128,128,3.2,379.99,379.99,196,449.42318666666444,469.8923999999994
103,27883,"HP 2019 Newest HP 17 17.3"" HD+ (1600x900) Premium Laptop (Intel Core i5-7200U, 8GB 2400 MHz DDR4, 1TB HDD, HDMI, Wi-Fi, Bluetooth, Ethernet Gigabit RJ-45, Windows 10 - Black)",HP,HP 17-by0021dx,17.3,1600.0,900.0,Glossy,0,Intel Core i5,Intel Core i5-7200U 2.5 GHz (7th gen Kaby Lake Dual-Core with Hyper-Threading),0.0,0,Intel HD 620,Windows,Windows 10 Home,8,0,1000,5.4,535.77,535.8,77,569.0238566666676,571.6185600000009
104,8398,"Asus Zenbook UX305FA-USM1 13-Inch Laptop, 8GB RAM, 256GB SSD, Windows 8.1, Prev Gen CPU",Asus,Asus Zenbook UX305FA-USM1,13.3,1920.0,1080.0,Matte,0,Intel Core m3,Intel Core M-5Y10 0.8 GHz (5th gen Broadwell Dual-Core with Hyper-Threading),0.0,0,Intel HD 5300,Windows,Windows 10,8,256,256,2.65,699.0,699.0,217,805.5980899999953,865.8606866666712
105,24435,"Dell G3779-7934BLK-PUS Gaming Laptop 17"" LED Display - 8th Gen Intel Core i7-8750H, 8GB Memory, 128GB SSD+1TB HDD, NVIDIA GeForce GTX 1050 Ti 4GB, Black",Dell,Dell G3 G3779,17.3,1920.0,1080.0,Matte,0,Intel Core i7,Intel Core i7-8750H 2.2 GHz (8th gen Coffee Lake Hexa-Core with Hyper-Threading),0.0,1,NVIDIA GeForce GTX 1050 Ti,Windows,Windows 10 Home,8,128,1128,7.2,1198.9,1248.9,127,1243.5296566666625,1258.6225466666594
106,22861,"ASUS ROG STRIX GL703VD 17.3â€ Gaming Laptop, GTX 1050 4GB, Intel Core i7 2.8 GHz, 16GB DDR4, 1TB FireCuda SSHD, RGB Keys",Asus,Asus ROG Strix GL703,17.3,1920.0,1080.0,Matte,0,Intel Core i7,Intel Core i7-7700HQ 2.8 GHz (7th gen Kaby Lake Quad-Core with Hyper-Threading),0.0,1,NVIDIA GeForce GTX 1050,Windows,Windows 10 Home,16,0,1000,6.7,1999.11,1999.11,122,1315.3935866666625,1333.3146366666622
107,17744,"Razer Blade Stealth 13.3"" QHD+ Touchscreen Ultrabook Laptop - 7th Generation Intel Core i7-7550U - 16GB RAM - 512GB SSD - Windows 10 - CNC Aluminum - Black",Razer,Razer Blade Stealth,13.3,3200.0,1800.0,Glossy,1,Intel Core i7,Intel Core i7-7500U 2.7 GHz (7th gen Kaby Lake Dual-Core with Hyper-Threading),0.0,0,Intel HD 620,Windows,Windows 10,16,512,512,2.93,1679.99,1679.99,68,1477.423226666663,1491.7178033333303
108,30517,"MSI GS65 Stealth-1402 15.6"" 144Hz 7ms Ultra Thin and Light Gaming Laptop Intel Core i7-8750H RTX2060 16GB DDR4 512GB Nvme SSD TB3 Win10Home VR Ready",MSI,MSI GS65 Stealth,15.6,1920.0,1080.0,Matte,0,Intel Core i7,Intel Core i7-8750H 2.2 GHz (8th gen Coffee Lake Hexa-Core with Hyper-Threading),0.0,1,NVIDIA GeForce RTX 2060,Windows,Windows 10 Home,16,512,512,4.19,1399.0,1449.0,96,1628.7840933333362,1675.9952433333565
109,15327,"ASUS L402SA Portable Lightweight Laptop PC, Intel Dual Core Processor, 4GB RAM, 32GB Flash Storage with Windows 10 with 1 Year Microsoft Office 365 Subscription",Asus,Asus L402SA,14.0,1366.0,768.0,Glossy,0,Intel Celeron,Intel Celeron N3060 1.6 GHz (Braswell Dual-Core),0.0,0,Intel HD 400,Windows,Windows 10,4,32,32,3.6,199.99,199.99,136,257.67213333333314,260.26731333333373
110,13770,"Lenovo Thinkpad Yoga 11E (3rd Generation) 11.6"" Touchscreen Convertible Ultrabook, Intel N3150 Quad-Core, 128GB Solid State Drive, 4GB DDR3, 802.11ac, Bluetooth, Win10H",Lenovo,Lenovo ThinkPad Yoga 11E (3rd Gen),11.6,1366.0,768.0,Glossy,1,Intel Celeron,Intel Celeron N3150 1.6 GHz (Braswell Quad-Core),0.0,0,Intel HD,Windows,Windows 10,4,128,128,3.5,366.1,389.0,102,388.4862099999994,391.5621499999998
111,30752,"Sager NP7876 17.3 Inches Thin Bezel FHD 144Hz Gaming Laptop, Intel Core i7-9750H, NVIDIA RTX 2060 6GB DDR6, 32GB RAM, 500GB NVMe SSD + 2TB FireCuda SSHD, Windows 10 Home",Other,Sager NP7876,17.3,1920.0,1080.0,Matte,0,Intel Core i7,Intel Core i7-9750H 2.6 GHz (9th gen Coffee Lake Hexa-Core with Hyper-Threading),0.0,1,NVIDIA GeForce RTX 2060,Windows,Windows 10 Home,32,500,2500,5.9,1499.0,1599.0,76,1440.2727699999996,1509.1512433333337
112,26099,"Acer Chromebook Spin 13 CP713-1WN-53NF 2-in-1 Convertible, 8th Gen Intel Core i5-8250U, 13.5"" 2K Resolution Touchscreen, 8GB LPDDR3, 128GB eMMC, Backlit Keyboard, Aluminum Chassis",Acer,Acer Chromebook Spin CP713-1WN,13.5,2256.0,1504.0,Glossy,1,Intel Core i5,Intel Core i5-8250U 1.6 GHz (8th gen Kaby Lake R Quad-Core with Hyper-Threading),0.0,0,Intel UHD 620,Chrome OS,Chrome OS,8,128,128,3.31,639.94,639.98,178,789.1822066666651,842.0415633333299
113,8542,"2016 HP 15.6 Inch Premium Laptop PC, AMD Quad-Core APU 2.0GHz Processor, 4GB DDR3 RAM, 500GB HDD, Radeon R4 Graphics, SuperMulti DVD Burner, HDMI, Windows 10",HP,HP Pavilion 15,15.6,1366.0,768.0,Glossy,0,AMD A6,AMD A6-5200 2.0GHz (Jaguar Quad-Core),0.0,0,AMD Radeon R4,Windows,Windows 10,4,0,500,4.73,369.87,399.11,22,390.5901533333312,397.930146666667
114,26592,"ASUS ROG Zephyrus S GX701 Gaming Laptop, 17.3â€ 144Hz Pantone Validated Full HD IPS, GeForce RTX 2080, Intel Core i7-8750H CPU, 16GB DDR4, 1TB PCIe NVME SSD Hyper Drive, Windows 10 Pro-GX701GX-XS76",Asus,Asus ROG Zephyrus S GX701GX,17.3,1920.0,1080.0,Matte,0,Intel Core i7,Intel Core i7-8750H 2.2 GHz (8th gen Coffee Lake Hexa-Core with Hyper-Threading),0.0,1,NVIDIA GeForce RTX 2080 Max-Q,Windows,Windows 10 Pro,16,1000,1000,5.95,2499.0,2499.0,31,2197.947633333362,2341.013690000052
115,14057,"Razer Blade 14"" Thin & Light Gaming Laptop - Full HD - Intel Core i7-7700HQ - NVIDIA GeForce GTX 1060 - 16GB RAM - 512GB SSD - Windows 10 - VR Ready - CNC Aluminum",Razer,Razer Blade,14.0,1920.0,1080.0,Matte,0,Intel Core i7,Intel Core i7-7700HQ 2.8 GHz (7th gen Kaby Lake Quad-Core with Hyper-Threading),0.0,1,NVIDIA GeForce GTX 1060,Windows,Windows 10,16,512,512,4.1,1899.99,1899.99,211,1762.5110866666798,1835.8851433333552
116,25928,"MSI GS65 Stealth-002 15.6"" Razor Thin Bezel Gaming Laptop NVIDIA RTX 2070 8G Max-Q, 144Hz 7ms, Intel i7-8750H (6 cores), 32GB, 512GB NVMe SSD, TB3, Per Key RGB, Win 10, Matte Black w/ Gold Diamond cut",MSI,MSI GS65 Stealth,15.6,1920.0,1080.0,Matte,0,Intel Core i7,Intel Core i7-8750H 2.2 GHz (8th gen Coffee Lake Hexa-Core with Hyper-Threading),0.0,1,NVIDIA GeForce RTX 2070 Max-Q,Windows,Windows 10 Home,32,512,512,4.19,1989.99,2089.0,11,1693.1431200000163,1780.4256066666708
117,20287,"Microsoft Surface Book (256 GB, 8 GB RAM, Intel Core i5, NVIDIA GeForce Graphics) (Renewed)",Microsoft,Microsoft Surface Book,13.5,3000.0,2000.0,Glossy,1,Intel Core i5,Intel Core i5-6300U 2.4 GHz (6th gen Skylake Dual-Core with Hyper-Threading),0.0,1,NVIDIA GeForce 940M,Windows,Windows 10 Pro,8,256,256,3.34,564.98,598.81,173,932.748503333332,989.6210733333324
118,25442,"Dell 14in High Performance Latitude 3350 Notebook, Intel Dual-Core Celeron 3215U Processor, 4GB RAM, 250GB HDD, Intel HD Graphics, WiFi, Bluetooth, Win10 Home(Renewed)",Dell,Dell Latitude 3350,13.3,1366.0,768.0,Matte,0,Intel Celeron,Intel Celeron 3215U 1.7 GHz (5th gen Broadwell Dual-Core),0.0,0,Intel HD,Windows,Windows 10 Home,4,0,250,4.41,239.99,239.99,149,267.7776866666644,278.35708333333247
119,13245,"Dell XPS9360-4841SLV 13.3"" Laptop (7th Generation Intel Core i7, 8GB RAM, 256 GB SSD, Silver)",Dell,Dell XPS9360-4841SLV,13.3,3200.0,1800.0,Glossy,1,Intel Core i7,Intel Core i7-7500U 2.7 GHz (7th gen Kaby Lake Dual-Core with Hyper-Threading),0.0,0,Intel HD 620,Windows,Windows 10,8,256,256,2.7,899.0,1039.0,181,1033.8412466666598,1067.520573333322
120,26805,"Newest HP 15 15.6"" HD Touchscreen Premium Laptop - Intel Core i5-7200U, 8GB DDR4, 2TB HDD, HDMI, Webcam, Wi-Fi AC + Bluetooth 4.2, Gigabit Ethernet RJ-45, Windows 10 - Gold",HP,HP 15t,15.6,1366.0,768.0,Glossy,1,Intel Core i5,Intel Core i5-7200U 2.5 GHz (7th gen Kaby Lake Dual-Core with Hyper-Threading),0.0,0,Intel HD 620,Windows,Windows 10 Home,8,0,2000,4.85,699.0,699.0,187,531.5640566666715,546.8726100000015
121,23604,"Dell G5587-7866BLK-PUS G5 15 5587 Gaming Laptop 15.6"" LED Display, 8th Gen Intel i7 Processor, 16GB Memory, 128GB SSD+1TB HDD, NVIDIA GeForce GTX 1050Ti, Licorice Black",Dell,Dell G5 5587,15.6,1920.0,1080.0,Matte,0,Intel Core i7,Intel Core i7-8750H 2.2 GHz (8th gen Coffee Lake Hexa-Core with Hyper-Threading),0.0,1,NVIDIA GeForce GTX 1050 Ti,Windows,Windows 10 Home,16,128,1128,6.28,989.9,999.95,87,1206.2156866666617,1238.9931199999974
122,29629,HP Omen Gaming Laptop Intel Core i7 8750H 1TB HD+256GB SSD NVIDIA GTX 1060 6GB,HP,HP OMEN 15-dc0051nr,15.6,1920.0,1080.0,Matte,0,Intel Core i7,Intel Core i7-8750H 2.2 GHz (8th gen Coffee Lake Hexa-Core with Hyper-Threading),0.0,1,NVIDIA GeForce GTX 1060,Windows,Windows 10 Home,16,256,1256,5.55,1040.29,1068.12,66,1964.301926666668,1983.8235133333342
123,20088,"Acer Aspire E 15 Laptop, 15.6"" Full HD, 8th Gen Intel Core i5-8250U, GeForce MX150, 8GB RAM Memory, 256GB SSD, E5-576G-5762",Acer,Acer Aspire E5-576G-5762,15.6,1920.0,1080.0,Matte,0,Intel Core i5,Intel Core i5-8250U 1.6 GHz (8th gen Kaby Lake R Quad-Core with Hyper-Threading),0.0,1,NVIDIA GeForce MX150,Windows,Windows 10 Home,8,256,256,5.27,899.0,899.0,111,648.5376433333273,668.3357966666624
124,26961,"Microsoft Surface Book 2 15"" (Intel Core i7, 16GB RAM, 256 GB)",Microsoft,Microsoft Surface Book 2,15.0,3240.0,2160.0,Glossy,1,Intel Core i7,Intel Core i7-8650U 1.9 GHz (8th gen Kaby Lake R Quad-Core with Hyper-Threading),1.0,1,NVIDIA GeForce GTX 1060,Windows,Windows 10 Pro,16,256,256,4.2,1785.0,1855.0,203,1740.6814800000095,1925.5045766666963
125,19151,"2017 Dell Business Flagship 15.6"" FHD Touchscreen Laptop PC Intel i7-7500U Processor 16GB DDR4 RAM 1TB HDD AMD Radeon R7 Graphics Backlit-Keyboard DVD-RW HDMI 802.11AC Webcam Windows 10-Gray",Dell,Dell Inspiron 15 5000,15.6,1920.0,1080.0,Glossy,1,Intel Core i7,Intel Core i7-7500U 2.7 GHz (7th gen Kaby Lake Dual-Core with Hyper-Threading),0.0,1,AMD Radeon R7,Windows,Windows 10 Pro,16,0,1000,4.85,749.0,749.0,62,1036.315739999999,1090.4108299999982
126,20497,"Dell Inspiron 15 7000 Series Gaming Edition 7567 15.6-Inch Full HD Screen Laptop - Intel Core i5-7300HQ, 1 TB Hybrid HDD, 8GB DDR4 Memory, NVIDIA GTX 1050 4GB Graphics, Windows 10",Dell,Dell Inspiron 7567,15.6,1920.0,1080.0,Matte,0,Intel Core i5,Intel Core i5-7300HQ 2.5 GHz (7th gen Kaby Lake Quad-Core),0.0,1,NVIDIA GeForce GTX 1050,Windows,Windows 10 Home,8,0,1000,5.78,674.89,729.0,53,684.7456566666654,710.4242566666653
127,26771,"HP Pavilion 15 15.6"" IPS Touchscreen Full HD (1920x1080) Business Laptop - 8th Gen Intel Quad-Core i5-8250U, 8GB DDR4, 1TB HDD, USB Type-C, FHD IR Webcam, WiFi AC, HDMI, Ethernet RJ-45, Windows 10",HP,HP Pavilion 15-cc610ms,15.6,1920.0,1080.0,Glossy,1,Intel Core i5,Intel Core i5-8250U 1.6 GHz (8th gen Quad-Core Kaby Lake R with Hyper-Threading),0.0,0,Intel UHD 620,Windows,Windows 10 Home,8,0,1000,4.21,623.0,640.0,141,627.9834099999981,640.7503766666662
128,30518,"Dell Inspiron 15 5000, 2019 15.6"" FHD Touchscreen Laptop, Intel 4-Core i5-8265U, 12GB RAM, 256GB PCIe SSD by 16GB Optane, 1TB HDD, Backlit KB Fingerprint Reader MaxxAudio Win 10/Accessories Bundle",Dell,Dell Inspiron 5584,15.6,1920.0,1080.0,Glossy,1,Intel Core i5,Intel Core i5-8265U 1.6 GHz (8th gen Whiskey Lake Quad-Core with Hyper-Threading),0.0,0,Intel UHD 620,Windows,Windows 10 Home,12,256,1256,4.3,625.0,629.0,121,607.7417166666643,646.4499033333306
129,7874,"Asus X553SA-BHCLN10 15.6-Inch Laptop (Intel Celeron Dual Core N3050 Processor, 4GB, 500 GB HDD, Windows 10), Black",Asus,Asus X553SA-BHCLN10,15.6,1366.0,768.0,,0,Intel Celeron,Intel Celeron N3050 1.6 GHz (Braswell Dual-Core),0.0,0,Intel HD,Windows,Windows 10,4,0,500,4.8,309.88,309.88,35,323.5530933333314,326.3262799999982
130,20735,"Lenovo Flex 5 14-Inch 2-in-1 Laptop, (Intel Core i5-8250U 8GB DDR4 128 GB PCIe SSD Windows 10) 81C90009US",Lenovo,Lenovo Flex 5,14.0,1920.0,1080.0,Glossy,1,Intel Core i5,Intel Core i5-8250U 1.6 GHz (8th gen Quad-Core Kaby Lake R with Hyper-Threading),0.0,0,Intel UHD 620,Windows,Windows 10 Home,8,128,128,3.74,599.0,639.0,137,584.9945666666654,605.2594233333314
131,10827,"Acer Chromebook R 13 Convertible, 13.3-inch  Full HD Touch, MediaTek MT8173C, 4GB LPDDR3, 32GB, Chrome, CB5-312T-K5X4",Acer,Acer Chromebook R13 CB5-312T-K5X4,13.3,1920.0,1080.0,Glossy,1,MediaTek,MediaTek MT8173C 2.0 GHz (Quad-Core ARM Cortex-A72/A53),0.0,0,Imagination PowerVR GX6250,Chrome OS,Chrome OS,4,32,32,3.28,286.12,289.99,130,409.46973333333153,422.87995333333157
132,22372,"Acer Aspire 1, 14"" Full HD, Intel Celeron N3450, 4GB RAM, 32GB Storage, Windows 10 S, A114-31-C5GM",Acer,Acer Aspire A114-31,14.0,1920.0,1080.0,Matte,0,Intel Celeron,Intel Celeron N3450 1.1 GHz (Apollo Lake Quad-Core),0.0,0,Intel HD 500,Windows,Windows 10 S,4,32,32,3.6,228.0,228.0,61,208.9034166666638,235.4031799999969
133,25934,"HP Pavilion Gaming 15-inch Laptop, Intel Core i5-8300H Processor, NVIDIA GeForce GTX 1050 Ti 4 GB, 8 GB RAM, 1 TB hard drive and 128 GB SSD, Windows 10 Home (15-cx0030nr, Black)",HP,HP Pavilion Gaming 15-cx0030nr,15.6,1920.0,1080.0,Matte,0,Intel Core i5,Intel Core i5-8300H 2.3 GHz (8th gen Coffee Lake Quad-Core with Hyper-Threading),0.0,1,NVIDIA GeForce GTX 1050 Ti,Windows,Windows 10 Home,8,128,1128,5.18,623.31,753.6,135,776.7519533333307,825.490949999994
134,28980,"HP 15.6"" HD Intel i3-7100U 4GB RAM 1TB HDD USB 3.1 Windows 10 Silver Laptop Computer",HP,HP 15-bs031wm,15.6,1366.0,768.0,Glossy,0,Intel Core i3,Intel Core i3-7100U 2.4 GHz (7th gen Kaby Lake Dual-Core with Hyper-Threading),0.0,0,Intel HD 620,Windows,Windows 10 Home,4,0,1000,4.52,348.98,359.0,192,431.2814566666644,457.9298599999969
135,21460,"Asus FX503VD Powerful Gaming Laptop 15.6â€ Full HD, Intel Core i7-7700HQ Quad-Core Processor, GeForce GTX 1050 4GB, 8GB DDR4, 128GB SSD + 1TB HDD, Windows 10 Home â€“ FX503VD-EH73",Asus,Asus FX503,15.6,1920.0,1080.0,Matte,0,Intel Core i7,Intel Core i7-7700HQ 2.8 GHz (7th gen Kaby Lake Quad-Core with Hyper-Threading),0.0,1,NVIDIA GeForce GTX 1050,Windows,Windows 10 Home,8,128,1128,5.7,1199.0,1199.0,134,1105.8442133333324,1174.9937733333313
136,17474,"Dell Inspiron 7000 15.6"" Convertible 2-in-1 FHD Touchscreen Laptop, 7th Intel Core i7-7500U Processor, 12GB RAM, 512GB SSD, Backlit Keyboard, Bluetooth, HDMI, 802.11AC, Win 10",Dell,Dell Inspiron i7579,15.6,1920.0,1080.0,Glossy,1,Intel Core i7,Intel Core i7-7500U 2.7 GHz (7th gen Kaby Lake Dual-Core with Hyper-Threading),0.0,0,Intel HD 620,Windows,Windows 10,12,512,512,4.83,949.99,999.0,186,839.4824366666611,854.1927733333289
137,23818,"Google Pixelbook (i7, 16 GB RAM, 512 GB)",Google,Google Pixelbook,12.3,2400.0,1600.0,Glossy,1,Intel Core i7,Intel Core i7-7Y75 1.3 GHz (7th gen Kaby Lake Dual-Core with Hyper-Threading),0.0,0,Intel HD 615,Chrome OS,Chrome OS,16,512,512,2.45,1536.98,1649.0,158,1513.3452733333356,1566.2031199999954
138,23193,"Acer Aspire 3 A315-41-R9J1, 15.6"" Full HD, AMD Ryzen 7 2700U, 8GB DDR4, 256GB SSD, Windows 10 Home, Black",Acer,Acer Aspire 3 A315-41,15.6,1920.0,1080.0,Matte,0,AMD Ryzen 7,AMD Ryzen 7 2700U 2.2 GHz (Quad-Core with Simultaneous Multi-Threading),0.0,0,AMD Radeon Vega 10,Windows,Windows 10 Home,8,256,256,5.07,544.55,545.0,29,539.2882133333303,570.5367899999985
139,23423,"Apple MacBook Pro (15-inch, Previous Model, 16GB RAM, 512GB Storage) - Space Gray",Apple,Apple MacBook Pro 2018,15.4,2880.0,1800.0,Glossy,0,Intel Core i7,Intel Core i7-8850H 2.6 GHz (8th gen Coffee Lake Hexa-Core with Hyper-Threading),0.0,1,AMD Radeon Pro 560X,macOS,macOS High Sierra,16,512,512,4.02,2490.0,2500.0,221,1442.4844200000011,1575.5970166666643
140,11535,2016 Lenovo Premium Built High Performance 11.6 inch HD Laptop Intel Celeron Dual-Core Processor 4GB RAM 32G SSD Webcam WiFi HDMI Windows 10 - Black,Lenovo,Lenovo,11.6,1366.0,768.0,,0,Intel Celeron,Intel Celeron N3050 1.6 GHz (Braswell Dual-Core),0.0,0,Intel HD,Windows,Windows 10,4,32,32,2.2,229.0,229.0,154,284.16573999999946,290.89237666666685
141,28804,"Lenovo Flex 11 Laptop, 11.6 Inch HD (1366 X 768) Display, Intel Pentium Silver N5000 Processor, 4GB DDR4 RAM, 64GB eMMC SSD, Intel UHD Graphics 605, Windows 10, 81A7000BUS, Onyx Black",Lenovo,Lenovo Flex 11,11.6,1366.0,768.0,Glossy,1,Intel Pentium,Intel Pentium Silver N5000 1.1 GHz (Gemini Lake Quad-Core),0.0,0,Intel UHD 605,Windows,Windows 10 S,4,64,64,2.75,298.99,349.99,13,359.29362666666435,370.87047333333464
142,7266,"Microsoft Surface Pro 4 (512 GB, 16 GB RAM, Intel Core i7e)",Microsoft,Microsoft Surface Pro 4 TH4,12.3,2736.0,1824.0,glossy,1,Intel Core i7,Intel Core i7-6650U 2.2 GHz (6th gen Skylake Dual-Core with Hyper-Threading),1.0,0,Intel Iris,Windows,Windows 10,4,512,512,1.73,939.0,949.99,114,845.7845633333277,883.6096533333251
143,29204,"Lenovo Flex 6 2-IN-1 Laptop, 11.6"" (1366x768) Touchscreen, Intel N4000, 4GB Ram, 64GB Storage, Windows 10 (Renewed)",Lenovo,Lenovo Flex 6,11.6,1366.0,768.0,Glossy,1,Intel Celeron,Intel Celeron N4000 1.1 GHz (Gemini Lake Dual-Core),0.0,0,Intel UHD 600,Windows,Windows 10 Home,4,64,64,2.75,179.99,199.99,104,306.8425399999981,318.1797433333333
144,16239,"Flagship Model HP 17.3"" High Performance HD+ WLED-Backlit Laptop, Intel Core i3-5005U, 6GB RAM, 1TB HDD, Windows 10",HP,HP 17,17.3,1600.0,900.0,Glossy,0,Intel Core i3,Intel Core i3-5005U 2.0 GHz (5th gen Broadwell Dual-Core with Hyper-Threading),0.0,0,Intel HD 5500,Windows,Windows 10,6,0,1000,5.84,489.99,489.99,67,523.2946066666642,540.2013033333299
145,27413,"ASUS TUF (2019) Gaming Laptop, 15.6â€ 120Hz FHD IPS-Type, AMD Ryzen 7 R7-3750H, GeForce GTX 1660 Ti, 16GB DDR4, 256GB PCIe SSD + 1TB HDD, Gigabit Wi-Fi 5, RGB KB, Windows 10 Home, TUF505DU-EB74",Asus,Asus TUF Gaming TUF505DU,15.6,1920.0,1080.0,Matte,0,AMD Ryzen 7,AMD Ryzen 7 3750H 2.3 GHz (Quad-Core with Simultaneous Multi-Threading),0.0,1,NVIDIA GeForce GTX 1660 Ti,Windows,Windows 10 Home,16,256,1256,4.85,988.98,999.49,15,921.3492166666636,958.7152633333271
146,23116,"2018 Lenovo Flex 5 15 2-IN-1 Laptop: 15.6"" IPS Touchscreen Full HD (1920x1080), Intel Quad Core i7-8550U, 512GB SSD, 16GB DDR4, NVIDIA 940MX, Backlit Keys, Windows 10 - Black (Renewed)",Lenovo,Lenovo Flex 5,15.6,1920.0,1080.0,Glossy,1,Intel Core i7,Intel Core i7-8550U 1.8 GHz (8th gen Kaby Lake R Quad-Core with Hyper-Threading),0.0,1,NVIDIA GeForce 940MX,Windows,Windows 10 Home,16,512,512,4.4,694.0,694.0,90,1187.9713266666652,1283.265773333325
147,11941,"ASUS Zenbook 13.3"" Full HD 1920x1080 Touchscreen 2-in-1 Laptop PC Intel Core M3-6Y30 Processor 8GB RAM 256GB SSD 802.11AC Wifi HDMI Bluetooth Webcam Windows 10-Gray",Asus,Asus ZenBook Flip UX360CA-UBM1T,13.3,1920.0,1080.0,Glossy,1,Intel Core m3,Intel Core m3-6Y30 0.9 GHz (6th gen Skylake Dual-Core with Hyper-Threading),0.0,0,Intel HD 515,Windows,Windows 10,8,256,256,2.9,799.0,799.0,184,622.4526733333273,667.0842766666665
148,28801,"Alienware M15-15.6"" FHD Gaming Laptop Thin and Light, i7-8750H Processor, NVIDIA GeForce Graphics Card, 16GB RAM, 1TB Hybrid HDD + 128GB SSD, 17.9mm Thick & 4.78lbs",Alienware,Alienware m15,15.6,1920.0,1080.0,Matte,0,Intel Core i7,Intel Core i7-8750H 2.2 GHz (8th gen Coffee Lake Hexa-Core with Hyper-Threading),0.0,1,NVIDIA GeForce GTX 1060,Windows,Windows 10 Home,16,128,1128,4.85,1189.98,1249.0,167,1494.44628000001,1544.144940000001
149,27881,"2019 Lenovo Ideapad 330 15.6"" Touchscreen Laptop Computer, 8th Gen Intel Quad-Core i5-8250U Up to 3.4GHz (Beat i7-7500U), 8GB DDR4, 1TB HDD, DVDRW, Bluetooth 4.1, 802.11AC WiFi, HDMI, Windows 10",Lenovo,Lenovo IdeaPad 330,15.6,1366.0,768.0,Glossy,1,Intel Core i5,Intel Core i5-8250U 1.6 GHz (8th gen Kaby Lake R Quad-Core with Hyper-Threading),0.0,0,Intel UHD 620,Windows,Windows 10 Home,8,0,1000,4.85,620.0,620.0,155,606.085599999999,629.3589233333317
150,26772,"2018 Newest HP Pavilion Business Flagship Laptop PC 15.6"" HD Touchscreen Display 8th Gen Intel i5-8250U Quad-Core Processor 12GB DDR4 RAM 1TB HDD Backlit-Keyboard Bluetooth B&O Audio Windows 10-Gold",HP,HP Pavilion 15-cc154cl,15.6,1366.0,768.0,Glossy,1,Intel Core i5,Intel Core i5-8250U 1.6 GHz (8th gen Quad-Core Kaby Lake R with Hyper-Threading),0.0,0,Intel UHD 620,Windows,Windows 10 Home,12,0,1000,4.65,619.99,639.97,14,610.0626099999994,616.7409899999976
151,22141,"HP 15.6"" HD Touchscreen Laptop PC, Intel Core i5-7200U, 8GB RAM, 2TB HDD + 128GB SSD, HDMI, WiFi, DVD RW, Windows 10 Home",HP,HP,15.6,1366.0,768.0,Glossy,1,Intel Core i5,Intel Core i5-7200U 2.5 GHz (7th gen Kaby Lake Dual-Core with Hyper-Threading),0.0,0,Intel HD 620,Windows,Windows 10 Home,8,128,2128,4.52,599.0,599.0,3,539.4883766666705,556.2335700000071
152,26587,"Asus TUF Gaming Laptop FX504 15.6â€ 120Hz 3ms Full HD, Intel Core i7-8750H Processor, GeForce GTX 1060 6GB, 16GB DDR4, 256GB PCIe SSD + 1TB HDD, Gigabit WiFi, Windows 10 Home - FX504GM-ES74",Asus,Asus TUF Gaming FX504,15.6,1920.0,1080.0,Matte,0,Intel Core i7,Intel Core i7-8750H 2.2 GHz (8th gen Coffee Lake Hexa-Core with Hyper-Threading),0.0,1,NVIDIA GeForce GTX 1060,Windows,Windows 10 Home,16,256,1256,5.07,1099.9,1099.9,193,1389.4535500000034,1434.448880000003
153,30288,"Prostar P950RF 15.6 Inches FHD 144Hz, Intel i7-9750H, RTX 2070, 32GB 2666Mhz DDR4, 500GB NVMe SSD, 1TB SSD, Windows 10 Home, Thin Gaming Laptop, 1-Year Warranty",Other,Prostar P950RF,15.6,1920.0,1080.0,Matte,0,Intel Core i7,Intel Core i7-9750H 2.6 GHz (9th gen Coffee Lake Hexa-Core with Hyper-Threading),0.0,1,NVIDIA GeForce RTX 2070,Windows,Windows 10 Home,32,1500,1500,4.6,1759.0,1799.0,213,1883.5307900000028,1964.4857333333377
154,23221,"2018 Premium HP Envy x360 15.6"" 2-in-1 FHD IPS Business Touchscreen Laptop/Tablet, AMD Quad-Core Ryzen 5 2500U 8GB DDR4 256GB SSD+1TB HDD backlit keyboard B&O Play Audio HDMI WLAN USB Type-C Win 10",HP,HP Envy x360,15.6,1920.0,1080.0,Glossy,1,AMD Ryzen 5,AMD Ryzen 5 2500U 2.0 GHz (Quad-Core with Simultaneous Multi-Threading),0.0,0,AMD Radeon Vega 8,Windows,Windows 10 Home,8,256,1256,4.74,827.0,827.0,148,669.0029899999963,690.8838833333327
155,3900,"HP 15-r063nr 15.6"" Touchscreen Laptop / Intel Pentium Quad-Core N3530 2.16 GHz / 4GB Memory / 500GB Hard Drive / SuperMulti DVD / Windows 8.1",HP,HP 15-r063nr,14.88,1366.0,768.0,Glossy,1,Intel Pentium,Intel Pentium N3530 2.16 GHz (Bay Trail Quad-Core),0.0,0,Intel HD,Windows,Windows 8.1,4,0,500,5.25,376.88,376.88,163,365.3996199999981,371.5862133333336
156,26802,"ïƒ  Samsung Chromebook Plus V2, 2-in-1, 4GB RAM, 64GB eMMC, 13MP Camera, Chrome OS, 12.2"", 16:10 Aspect Ratio, Light Titan (XE520QAB-K03US)",Samsung,Samsung Chromebook Plus V2,12.2,1920.0,1200.0,Glossy,1,Intel Celeron,Intel Celeron 3965Y 1.5 GHz (Kaby Lake Dual-Core),0.0,0,Intel UHD 615,Chrome OS,Chrome OS,4,64,64,2.98,354.39,377.0,26,373.66339333332996,389.94169999999775
157,27736,"Samsung - Notebook 5 15.6"" Laptop - AMD Ryzen 5 - 8 GB Memory- 1 TB Hard Drive - Light Titan",Samsung,Samsung Notebook 5,15.6,1920.0,1080.0,Matte,0,AMD Ryzen 5,AMD Ryzen 5 2500U 2.0 GHz (Quad-Core with Simultaneous Multi-Threading),0.0,0,AMD Radeon Vega 8,Windows,Windows 10 Home,8,0,1000,4.3,519.98,599.99,98,492.6336866666622,513.2343666666633
158,20283,"ASUS ROG STRIX Gaming Laptop, 15.6â€ IPS-Type Full HD, Intel Core i7-7700HQ Processor, GeForce GTX 1050 4GB, 16GB DDR4, 1TB FireCuda SSHD, RGB, Windows 10 Home - GL503VD-DB71",Asus,Asus ROG Strix GL503,15.6,1920.0,1080.0,Matte,0,Intel Core i7,Intel Core i7-7700HQ 2.8 GHz (7th gen Kaby Lake Quad-Core with Hyper-Threading),0.0,1,NVIDIA GeForce GTX 1050,Windows,Windows 10 Home,16,0,1000,5.6,1999.11,1999.11,95,1253.7271766666602,1264.4972033333263
159,16230,"Acer Predator Helios 300 Gaming Laptop, 15.6"" Full HD IPS, Intel i7 CPU, 16GB DDR4 RAM, 256GB SSD, GeForce GTX 1060-6GB, VR Ready, Red Backlit KB, Metal Chassis, Windows 10 64-bit, G3-571-77QK",Acer,Acer Predator Helios 300 (G3-571-77QK),15.6,1920.0,1080.0,Matte,0,Intel Core i7,Intel Core i7-7700HQ 2.8 GHz (7th gen Kaby Lake Quad-Core with Hyper-Threading),0.0,1,NVIDIA GeForce GTX 1060,Windows,Windows 10,16,256,256,5.95,954.99,962.92,106,1192.7941333333306,1306.8037633333238
160,16692,"Dell Inspiron 7000 13.3"" 2-in-1 Full HD Touchscreen Convertible Laptop, 7th Intel Core i7-7500U, 12GB DDR4 RAM, 256GB SSD, Backlit Keyboard, Bluetooth, HDMI, 802.11AC, Windows 10",Dell,Dell Inspiron 7000,13.3,1920.0,1080.0,Glossy,1,Intel Core i7,Intel Core i7-7500U 2.7 GHz (7th gen Kaby Lake Dual-Core with Hyper-Threading),0.0,0,Intel HD 620,Windows,Windows 10,12,256,256,3.53,1299.0,1299.0,144,861.6199166666615,878.5362666666591
161,29408,"Lenovo Flex 14 2-in-1 Convertible Laptop, 14.0 Inch HD, Touch screen, Intel Core i3-8145U Processor, 4GB DDR4 RAM, 128GB Nvme SSD, Intel UHD Graphics 620, Windows 10, Onyx Black",Lenovo,Lenovo Flex 14,14.0,1366.0,768.0,Glossy,1,Intel Core i3,Intel Core i3-8145U 2.1 GHz (8th gen Whiskey Lake Dual-Core with Hyper-Threading),0.0,0,Intel UHD 620,Windows,Windows 10 Home,4,128,128,3.65,399.0,412.95,208,369.925343333329,381.9895266666628
162,23618,Dell Latitude E6430 Laptop WEBCAM - HDMI - Intel Core i5 2.6ghz - 8GB DDR3 - 128GB SSD - DVD - Windows 10 Pro 64bit - (Renewed),Dell,Dell Latitude E6430,14.0,1366.0,768.0,Matte,0,Intel Core i5,Intel Core i5-3320M 2.6 GHz (3rd gen Ivy Bridge Dual-Core with Hyper-Threading),0.0,0,Intel HD 4000,Windows,Windows 10 Pro,8,128,128,4.6,194.99,216.99,199,193.9244133333305,222.60368666666432
163,24011,"HP 2018 Elitebook 840 G1 14' HD LED-backlit anti-glare Laptop Computer, Intel Dual-Core i5-4300U up to 2.9GHz, 8GB RAM, 500GB HDD, USB 3.0, Bluetooth, Window 10 Professional (Renewed)",HP,HP EliteBook 840 G1,14.0,1366.0,768.0,Matte,0,Intel Core i5,Intel Core i5-4300U 1.9 GHz (4th gen Haswell Dual-Core with Hyper-Threading),0.0,0,Intel HD 4400,Windows,Windows 10 Pro,8,0,500,3.48,218.0,249.96,21,387.6705166666632,405.91030666666666
164,27739,Samsung Notebook 7 Spin NP730QAA - 13.3 FHD Touch - 8Gen i5-8250U - 8GB - 256GB SSD,Samsung,Samsung Notebook 7 Spin,13.3,1920.0,1080.0,Glossy,1,Intel Core i5,Intel Core i5-8250U 1.6 GHz (8th gen Kaby Lake R Quad-Core with Hyper-Threading),0.0,0,Intel UHD 620,Windows,Windows 10 Home,8,256,256,3.2,669.8,708.95,146,684.0006833333318,703.2313333333293
165,25260,"Asus FX504 TUF Gaming Laptop, 15.6â€ Full HD, 8th Gen Intel Core i7-8750H Processor, GeForce GTX 1050 Ti, 8GB DDR4, 256GB M.2 SSD, Gigabit WiFi, Windows 10 - FX504GE-ES72 Black Matter Edition",Asus,Asus TUF Gaming FX504,15.6,1920.0,1080.0,Matte,0,Intel Core i7,Intel Core i7-8750H 2.2 GHz (8th gen Coffee Lake Hexa-Core with Hyper-Threading),0.0,1,NVIDIA GeForce GTX 1050 Ti,Windows,Windows 10 Home,8,256,256,5.07,775.0,789.0,37,850.6255399999978,886.8657933333209
166,17757,HP Elitebook 8470p Laptop WEBCAM - Core i5 2.5ghz - 8GB DDR3 - 500GB HDD - DVD - Windows 10 home - (Renewed),HP,HP EliteBook 8470p,14.0,,,Matte,0,Intel Core i5,Intel Core i5-3360M 2.8 GHz (3rd gen Ivy Bridge Dual-Core with Hyper-Threading),0.0,0,Intel HD 4000,Windows,Windows 10,8,0,500,4.65,199.0,225.0,132,551.4191699999969,570.0132766666644
167,7267,"Microsoft Surface Pro 4 (256 GB, 8 GB RAM, Intel Core i7e)",Microsoft,Microsoft Surface Pro 4 CQ9,12.3,2736.0,1824.0,glossy,1,Intel Core i7,Intel Core i7-6650U 2.2 GHz (6th gen Skylake Dual-Core with Hyper-Threading),1.0,0,Intel Iris,Windows,Windows 10,8,256,256,1.73,729.99,933.0,143,915.936433333328,955.0708499999918
168,26364,"Dell XPS 9570 Gaming Laptop 15.6"" FHD, 8th Gen Core i7-8750H CPU, 8GB RAM, 256GB SSD, GeForce GTX 1050Ti, Infinity Edge 400-nits Display, Silver, Windows 10 Home - XPS9570-7023SLV-PUS",Dell,Dell XPS 9570,15.6,1920.0,1080.0,Matte,0,Intel Core i7,Intel Core i7-8750H 2.2 GHz (8th gen Coffee Lake Hexa-Core with Hyper-Threading),0.0,1,NVIDIA GeForce GTX 1050 Ti,Windows,Windows 10 Home,8,256,256,4.0,1279.0,1280.2,140,866.2179466666646,944.4303199999941
169,25261,"MSI GV62 8RD-034 15.6"" Thin and Light Gaming Laptop, GeForce GTX 1050Ti 4G, Intel i7-8750H (6 Cores), 8GB DDR4, 128GB SSD + 1TB, Windows 10 64 bit, Steelseries Red Backlit Keys",MSI,MSI GV62 8RD,15.6,1920.0,1080.0,Matte,0,Intel Core i7,Intel Core i7-8750H 2.2 GHz (8th gen Coffee Lake Hexa-Core with Hyper-Threading),0.0,1,NVIDIA GeForce GTX 1050 Ti,Windows,Windows 10 Home,8,128,1128,4.8,935.1,935.1,103,830.6694733333328,871.7383333333214
170,29627,"Prostar NH58RDQ 15.6 Inches FHD IPS 144Hz 5ms, Intel i7-9750H, RTX 2060, 16GB 2666Mhz DDR4, 500GB NVMe SSD, Windows 10 Home, Slim Bezel Gaming Laptop, 1-Year Warranty",Other,Prostar NH58RDQ,15.6,1920.0,1080.0,Matte,0,Intel Core i7,Intel Core i7-9750H 2.6 GHz (9th gen Coffee Lake Hexa-Core with Hyper-Threading),0.0,1,NVIDIA GeForce RTX 2060,Windows,Windows 10 Home,16,500,500,5.0,1279.0,1299.0,152,1316.6623999999997,1334.10083
171,19303,"Dell Inspiron 13 5000 2-in-1 - 13.3"" Touch Display - 8th Gen Intel Core i5-8250U - 8GB Memory - 1 TB Hard Drive - Theoretical Gray (i5379-5043GRY-PUS)",Dell,Dell Inspiron 13 5000 2-in-1,13.3,1920.0,1080.0,Glossy,1,Intel Core i5,Intel Core i5-8250U 1.6 GHz (8th gen Quad-Core Kaby Lake R with Hyper-Threading),0.0,0,Intel UHD 620,Windows,Windows 10 Home,8,0,1000,3.56,679.99,699.99,133,654.090179999998,669.5426033333308
172,30062,"HP Stream 14-inch Laptop, Intel Celeron N4000, 4 GB RAM, 64 GB eMMC, Windows 10 Home in S Mode (14-cb159nr, Jet Black)",HP,HP Stream 14-cb159nr,14.0,1366.0,768.0,Matte,0,Intel Celeron,Intel Celeron N4000 1.1 GHz (Gemini Lake Dual-Core),0.0,0,Intel UHD 600,Windows,Windows 10 Home,4,64,64,4.4,229.89,259.99,99,233.9125866666638,252.1291466666641
173,26132,"Dell Alienware 17 R5 VR Ready 17.3"" LCD Gaming Notebook - Intel Core i7 (8th Gen) i7-8750H Hexa-core (6 Core) 2.20 GHz - 16 GB DDR4 SDRAM - 1 TB HHD - Windows 10 Home 64-bit (English) - 1920 x 10",Alienware,Alienware 17 R5,17.3,1920.0,1080.0,Matte,0,Intel Core i7,Intel Core i7-8750H 2.2 GHz (8th gen Coffee Lake Hexa-Core with Hyper-Threading),0.0,1,NVIDIA GeForce GTX 1070,Windows,Windows 10 Home,16,0,1000,9.74,1510.0,1530.0,73,1569.4597200000037,1623.248180000003
174,28647,"Asus Vivobook S15 S512 Thin and Light 15.6â€ FHD, Intel Core i7-8565U CPU, 8GB DDR4 RAM, 256GB PCIe Nvme SSD + 1TB HDD, Windows 10 Home, S512FA-DB71, Silver Metal",Asus,Asus VivoBook S512FA,15.6,1920.0,1080.0,Matte,0,Intel Core i7,Intel Core i7-8565U 1.8 GHz (8th gen Whiskey Lake Quad-Core with Hyper-Threading),0.0,0,Intel UHD 620,Windows,Windows 10 Home,8,256,1256,4.0,853.49,853.49,2,812.6277199999962,837.7325199999967
175,28800,"Acer Chromebook 315, AMD Dual-Core A4-9120C Processor, 15.6"" HD, AMD Radeon R4 Graphics, 4GB DDR4, 32GB eMMC, Google Chrome, CB315-2H-25TX",Acer,Acer Chromebook 315 CB315-2H,15.6,1366.0,768.0,Matte,0,AMD A4,AMD A4-9120C 1.6 GHz (7th gen Stoney Ridge Dual-Core),0.0,0,AMD Radeon R4,Chrome OS,Chrome OS,4,32,32,3.97,210.0,215.91,120,234.69195333333118,245.24874999999844
176,4002,Dell Inspiron i5547-15001sLV 15.6-Inch Touchscreen Laptop,Dell,Dell Inspiron i5547-15001sLV,15.6,1920.0,1080.0,Glossy,1,Intel Core i7,Intel Core i7-4510U 2.0 GHz (4th gen Haswell Dual-Core with Hyper-Threading),0.0,1,AMD Radeon HD R7 M265,Windows,Windows 8.1,16,0,1024,6.0,509.81,519.99,115,1107.4805799999995,1146.121003333331
177,25269,"2018 Newest Premium Flagship HP Pavilion 15.6"" HD Widescreen LED Notebook Laptop (AMD CPU + 4GB RAM)",HP,HP Pavilion,15.6,1366.0,768.0,Glossy,0,AMD A6,AMD A6-9225 2.6 GHz (7th gen Stoney Ridge Dual-Core),0.0,0,AMD Radeon R4,Windows,Windows 10 Home,4,0,1000,4.61,285.77,285.77,56,381.4333266666614,396.0176300000034
178,23817,"ASUS VivoBook K570UD 15.6â€ Laptop, Intel Core i7-8550U, GeForce GTX 1050 4GB, 16GB DDR4, FHD Display, 256GB SSD + 1TB HDD, Fingerprint Sensor, Backlit keyboard,  K570UD-ES76 Casual Gaming Laptop",Asus,Asus VivoBook K570UD,15.6,1920.0,1080.0,Matte,0,Intel Core i7,Intel Core i7-8550U 1.8 GHz (8th gen Kaby Lake R Quad-Core with Hyper-Threading),0.0,1,NVIDIA GeForce GTX 1050,Windows,Windows 10 Home,16,256,1256,4.2,1439.0,1439.0,44,1214.9432999999963,1273.1872733333287
179,19852,"HP 14in diagonal SVA BrightView HD Chromebook - Intel Dual-Core Celeron N2840 2.16GHz, 4GB DDR3, 16GB eMMC, 802.11ac, Bluetooth, HDMI, USB 3.0, Chrome OS (Renewed)",HP,HP Chromebook 14-ak040nr,14.0,1366.0,768.0,Glossy,0,Intel Celeron,Intel Celeron N2840 2.16 GHz (Bay Trail Dual-Core),0.0,0,Intel HD,Chrome OS,Chrome OS,4,16,16,3.74,139.0,149.0,118,231.133899999997,233.7982833333348
180,10550,"2016 Dell Inspiron i3558 Premium 15.6-inch Touchscreen Laptop PC, Intel Core i3-5015U 2.00 GHz, 4GB DDR3L RAM, 1TB HDD, DVDRW, HDMI, Bluetooth, MaxxAudio, Windows 10",Dell,Dell Inspiron i3558,15.6,1366.0,768.0,Glossy,0,Intel Core i3,Intel Core i3-5015U 2.1 GHz (5th gen Broadwell Dual-Core with Hyper-Threading),0.0,0,Intel HD 5500,Windows,Windows 10,4,0,500,4.85,499.0,499.0,39,435.0681599999969,439.07231666666394
181,23421,"Huawei MateBook X Pro Signature Edition Thin & Light Laptop, 13.9"" 3K Touch, 8th Gen i7-8550U, 16 GB RAM, 512 GB SSD, GeForce MX150, 3:2 Aspect Ratio, Office 365 Personal, Space Gray - Mach-W29C",Huawei,Huawei MateBook X Pro,13.9,3000.0,2000.0,Glossy,1,Intel Core i7,Intel Core i7-8550U 1.8 GHz (8th gen Kaby Lake R Quad-Core with Hyper-Threading),0.0,1,NVIDIA GeForce MX150,Windows,Windows 10 Home Signature Edition,16,512,512,2.93,1699.11,1719.99,82,1350.704113333327,1432.5231699999981
182,26123,"Oemgenuine Lenovo ThinkPad Edge E590 15.6"" FHD Display 1920x1080, Intel Quad Core i7-8565U, 16GB RAM, 1TB SSD (PCIe-NVMe), WiFi Intel 9260-AC, Fingerprint, W10P",Lenovo,Lenovo ThinkPad E580,15.6,1920.0,1080.0,Matte,0,Intel Core i7,Intel Core i7-8550U 1.8 GHz (8th gen Kaby Lake R Quad-Core with Hyper-Threading),0.0,0,Intel UHD 620,Windows,Windows 10 Pro,16,1000,1000,4.7,999.95,999.95,52,1176.7638199999972,1274.1844266666574
183,30287,"Dell Inspiron 14 5000 Series 14-Inch FHD Touchscreen (AMD Ryzen 5 3500U 2.1GHz, 8GB RAM, 128GB SSD, Radeon RX Vega8, Windows 10 Home 64-Bit) 2-in-1 Laptop Computer",Dell,Dell Inspiron 5485,14.0,1920.0,1080.0,Glossy,1,AMD Ryzen 5,AMD Ryzen 5 3500U 2.1 GHz (Quad-Core with Simultaneous Multi-Threading),0.0,0,AMD Radeon Vega 8,Windows,Windows 10 Home,8,128,128,3.81,549.0,549.0,175,524.5195266666582,536.7468033333316
184,28644,"Asus ROG Strix G (2019) Gaming Laptop, 15.6â€ IPS Type FHD, NVIDIA GeForce GTX 1650, Intel Core i7-9750H, 16GB DDR4, 1TB PCIe Nvme SSD, RGB KB, Windows 10 Home, GL531GT-EB76",Asus,Asus ROG Strix GL531GT,15.6,1920.0,1080.0,Matte,0,Intel Core i7,Intel Core i7-9750H 2.6 GHz (9th gen Coffee Lake Hexa-Core with Hyper-Threading),0.0,1,NVIDIA GeForce GTX 1650,Windows,Windows 10 Home,16,1000,1000,5.3,1044.0,1044.74,108,1388.5313566666625,1455.2008733333314
185,14891,"Lenovo Thinkpad Yoga 11E-G3 Convertible, Intel:N3160/CQC, 1.6 GHz, 128 GB, Intel-HD/IGP, Windows 10 Home Edition-64 bit, Black, 11.6"" HD Touch",Lenovo,Lenovo Thinkpad Yoga 11E (3rd Gen),11.6,1366.0,768.0,Glossy,1,Intel Celeron,Intel Celeron N3160 1.6 GHz (Braswell Quad-Core),0.0,0,Intel HD 400,Windows,Windows 10,4,128,128,3.5,489.99,489.99,57,373.7146833333321,379.62574333333265
186,11532,"HP 15.6"" Business Notebook, AMD A6-7310 Quad-Core 2.0GHz, 8GB DDR3, 128GB SSD, 802.11ac, Bluetooth, Win10H",HP,HP 255,15.6,1366.0,768.0,Glossy,0,AMD A6,AMD A6-7310 2.0 GHz (Puma+ Quad-Core),0.0,0,AMD Radeon R4,Windows,Windows 10,8,128,128,,499.99,499.99,101,370.235433333332,382.82938666666564
187,27884,"Dell Inspiron 15 5000 15.6-inch Touchscreen FHD 1080p Premium Laptop, Intel Quad Core i5-8250U Processor, 12GB RAM, 1TB Hard Drive, Bluetooth, Silver",Dell,Dell Inspiron 5000,15.6,1920.0,1080.0,Glossy,1,Intel Core i5,Intel Core i5-8250U 1.6 GHz (8th gen Kaby Lake R Quad-Core with Hyper-Threading),0.0,0,Intel UHD 620,Windows,Windows 10 Home,12,0,1000,4.8,599.0,602.17,92,606.0455099999994,642.7292599999995
188,6753,"Dell Latitude E6420 14.1-Inch Business Laptop (Intel Core i5 2.5GHz, 8G RAM, 128G SSD, Windows 7 Professional)(Renewed)",Dell,Dell Latitude E6420,14.1,1366.0,768.0,matte,0,Intel Core i5,Intel Core i5-2520M 2.5 GHz (2nd gen Sandy Bridge Dual-Core with Hyper-Threading),0.0,0,Intel HD 3000,Windows,Windows 7,8,128,128,4.56,227.0,229.0,97,193.29800666666554,215.05285333333103
189,20511,"ASUS 15.6"" Q504UA-BI5T26 2-in-1 Touchscreen FHD 1080p Laptop PC, 7th Intel Core i5-7200u, 12GB DDR4 SDRAM, 1TB HDD, Built-in fingerprint reader, Windows Ink Capable Display, Backlit Keyboard, Windows",Asus,Asus Q504UA,15.6,1920.0,1080.0,Glossy,1,Intel Core i5,Intel Core i5-7200U 2.5 GHz (7th gen Kaby Lake Dual-Core with Hyper-Threading),0.0,0,Intel HD 620,Windows,Windows 10 Home,12,0,1000,5.07,599.99,619.99,180,575.0728199999897,593.4626233333323
190,30997,Lenovo 20NE0001US TS E495 3700U 8GB 256GB W10P,Lenovo,Lenovo ThinkPad E495,14.0,1920.0,1080.0,Matte,0,AMD Ryzen 7,AMD Ryzen 7 3700U 2.3 GHz (Quad-Core with Simultaneous Multi-Threading),0.0,0,AMD Radeon RX Vega 10,Windows,Windows 10 Pro,8,256,256,3.87,539.99,559.97,125,554.8861466666627,572.5364833333321
191,28808,"MSI GF63 Thin 8SC-030 15.6"" Gaming Laptop, Thin Bezel, Intel Core i5-8300H, NVIDIA GeForce GTX1650, 8GB, 256GB NVMe NVMe SSD",MSI,MSI GF63 Thin 8SC,15.6,1920.0,1080.0,Matte,0,Intel Core i5,Intel Core i5-8300H 2.3 GHz (8th gen Coffee Lake Quad-Core with Hyper-Threading),0.0,1,NVIDIA GeForce GTX 1650,Windows,Windows 10 Home,8,256,256,4.1,759.0,774.99,220,683.611546666659,723.965329999998
192,12288,"Lenovo IdeaPad 110s - 11IBR 11.6"" Laptop - White",Lenovo,Lenovo Ideapad 110s,11.6,1366.0,768.0,,0,Intel Celeron,Intel Celeron N3060 1.6 GHz (Braswell Dual-Core),0.0,0,Intel HD 400,Windows,Windows 10,2,32,32,2.53,198.14,236.81,142,248.92214666666604,256.33181333333323
193,24218,"HP Pavilion Gaming Laptop,15.6"" FHD IPS, Intel 8th Gen i5+8300H, NVIDIA GTX 1050Ti 4GB, 8GB RAM, 16GB Intel Optane Memory, 1TB HDD, Narrow border design, Windows 10 Home (15-cx0020nr,Black)",HP,HP Pavilion Gaming 15-cx,15.6,1920.0,1080.0,Matte,0,Intel Core i5,Intel Core i5-8300H 2.3 GHz (8th gen Coffee Lake Quad-Core with Hyper-Threading),0.0,1,NVIDIA GeForce GTX 1050 Ti,Windows,Windows 10 Home,8,0,1000,5.18,688.98,719.79,81,725.600679999997,774.8960899999959
194,21211,"LG gram Thin & Light Laptop - 15.6"" FHD IPS Touch, 8th Gen Core i7, 16GB RAM, 1TB (2x500GB SSD), 2.5lbs, Up to 16.5 hrs, Thunderbolt 3, Finger Print Reader, Windows 10 Home - 15Z980-R.AAS9U1 (2018)",LG,LG gram,15.6,1920.0,1080.0,Glossy,1,Intel Core i7,Intel Core i7-8550U 1.8 GHz (8th gen Kaby Lake R Quad-Core with Hyper-Threading),0.0,0,Intel UHD 620,Windows,Windows 10 Home,16,1000,1000,2.41,1772.89,1891.98,218,1244.5046999999918,1320.9413766666578
195,30759,"Apple MacBook Air (13-inch Retina display, 1.6GHz dual-core Intel Core i5, 128GB) - Space Gray (Renewed)",Apple,Apple MacBook Air 2018,13.3,2560.0,1600.0,Glossy,0,Intel Core i5,Intel Core i5-8210Y 1.6 GHz (8th gen Amber Lake Y Dual-Core with Hyper-Threading),0.0,0,Intel UHD 617,macOS,macOS Mojave,8,128,128,2.75,748.0,802.67,107,865.50128333333,912.6747399999927
196,8227,"DELL XPS XPS9350-4007SLV 13.3-Inch Touchscreen (Intel Core i5 6200U 2.30 GHz Processor, 8 GB LPDDR3 RAM, 256 GB Hard Drive, Windows 10 Home),  Machined Aluminum",Dell,Dell XPS9350-4007SLV,13.3,3200.0,1800.0,Glossy,1,Intel Core i5,Intel Core i5-6200U 2.3 GHz (6th gen Skylake Dual-Core with Hyper-Threading),0.0,0,Intel HD 5500,Windows,Windows 10,8,256,256,2.8,769.0,769.0,126,1026.248979999995,1074.8871999999938
197,29205,"Newest 2019 Flagship HP 14"" Laptop Intel Pentium Gold 4GB Ram 128GB SSD Ash Silver Keyboard Frame",HP,HP 14-cf0012dx,14.0,1366.0,768.0,Glossy,0,Intel Pentium,Intel Pentium Gold 4417U 2.3 GHz (Kaby Lake R Dual-Core with Hyper-Threading),0.0,0,Intel HD 610,Windows,Windows 10 Home,4,128,128,3.15,269.99,295.03,110,390.35852999999753,410.0961433333327
198,19312,"Acer Chromebook 11, 11.6-inch HD, Intel Celeron N2840, 4GB DDR3L, 16GB Storage, Chrome, CB3-131-C8GZ",Acer,Acer Chromebook 11,11.6,1366.0,768.0,Matte,0,Intel Celeron,Intel Celeron N2840 2.16 GHz (Bay Trail Dual-Core),0.0,0,Intel HD,Chrome OS,Chrome OS,4,16,16,2.43,287.04,287.04,36,148.91196666666605,153.3070799999987
199,19853,"ASUS Chromebook Flip C213SA-YS02 11.6 inch Ruggedized & Spill Proof, Touchscreen, Intel Dual-Core Apollo Lake N3350 , 4GB DDR4 RAM, 32GB Flash Storage, USB Type-C, Supports Android Apps",Asus,Asus Chromebook Flip C213SA,11.6,1366.0,768.0,Matte,1,Intel Celeron,Intel Celeron N3350 1.1 GHz (Apollo Lake Dual-Core),0.0,0,Intel HD 500,Chrome OS,Chrome OS,4,32,32,2.7,343.87,489.0,30,229.22983999999795,237.44868000000008
200,25062,"MicrosoftÂ  Surface Laptop 2 (Intel Core i5, 8GB RAM, 256GB) - Platinum",Microsoft,Microsoft Surface Laptop 2,13.5,2256.0,1504.0,Glossy,1,Intel Core i5,Intel Core i5-8250U 1.6 GHz (8th gen Kaby Lake R Quad-Core with Hyper-Threading),0.0,0,Intel UHD 620,Windows,Windows 10 Home,8,256,256,2.76,868.99,899.0,43,760.7345999999993,822.9316533333281
201,27241,"ROG Zephyrus S GX701 Gaming Laptop, 17.3â€ HDR 144Hz FHD IPS, GeForce RTX 2080, Intel Core i7-9750H Processor, 32GB DDR4, 1TB PCIe Nvme SSD Hyper Drive, Windows 10 Pro, GX701GX-XB78",Asus,Asus ROG Zephyrus S GX701GX,17.3,1920.0,1080.0,Matte,0,Intel Core i7,Intel Core i7-9750H 2.6 GHz (9th gen Coffee Lake Hexa-Core with Hyper-Threading),0.0,1,NVIDIA GeForce RTX 2080 Max-Q,Windows,Windows 10 Pro,32,1000,1000,5.73,3069.0,3406.48,100,2266.8688400000183,2367.968393333386
202,29850,"ASUS ROG Strix Scar III G531GW-KB71 (i7-9750H, 16GB RAM, 512GB NVMe SSD + 1TB SSHD, RTX 2070 8GB, 15.6"" Full HD 240Hz 3ms, Windows 10) VR Ready Gaming Notebook",Asus,Asus ROG Strix Scar III G531GW,15.6,1920.0,1080.0,Matte,0,Intel Core i7,Intel Core i7-9750H 2.6 GHz (9th gen Coffee Lake Hexa-Core with Hyper-Threading),0.0,1,NVIDIA GeForce RTX 2070,Windows,Windows 10 Pro,16,512,1512,5.66,1929.0,2079.0,48,1727.267200000016,1819.9188533333574
203,16244,HP EliteBook 8460P 14-inch Notebook PC - Intel Core i5-2520M 2.5GHz 8GB 250GB Windows 10 Professional (Renewed),HP,HP EliteBook (8460P),14.0,1366.0,768.0,Matte,0,Intel Core i5,Intel Core i5-2520M 2.5 GHz (2nd gen Sandy Bridge Dual-Core with Hyper-Threading),0.0,0,Intel HD 3000,Windows,Windows 10,8,0,250,4.6,181.87,186.99,80,215.67711333333247,235.43985333333413
204,16237,"Lenovo ThinkPad X1 Yoga 20FQ000QUS 14"" Flip Design Touchscreen Ultrabook (Core i7-6500U, 8GB RAM, 512GB SSD, Windows 10 Pro)",Lenovo,Lenovo ThinkPad X1 Yoga (20FQ000QUS),14.0,2560.0,1440.0,Glossy,1,Intel Core i7,Intel Core i7-6500U 2.5 GHz (6th gen Skylake Dual-Core with Hyper-Threading),0.0,0,Intel HD 520,Windows,Windows 10,8,512,512,3.0,1445.0,1445.0,58,909.3043833333288,934.3206966666617
205,26128,"MSI GS65 Stealth THIN-053 144Hz 7ms Ultra Thin  Gaming Laptop i7-8750H (6 cores) GTX 1070 8G, 32GB 512G, 15.6""",MSI,MSI GS65 Stealth Thin,15.6,1920.0,1080.0,Matte,0,Intel Core i7,Intel Core i7-8750H 2.2 GHz (8th gen Coffee Lake Hexa-Core with Hyper-Threading),0.0,1,NVIDIA GeForce GTX 1070,Windows,Windows 10 Pro,32,512,512,4.14,2546.99,2546.99,42,1639.1784366666745,1689.6685200000181
206,21206,"2018 Lenovo Business Laptop PC 15.6"" Anti-Glare Touchscreen Intel 8th Gen i5-8250U Quad-Core Processor 12GB DDR4 RAM 1TB HDD DVD-RW Webcam HDMI Dolby Audio Windows 10",Lenovo,Lenovo IdeaPad 320,15.6,1366.0,768.0,Matte,1,Intel Core i5,Intel Core i5-8250U 1.6 GHz (8th gen Kaby Lake R Quad-Core with Hyper-Threading),0.0,0,Intel UHD 620,Windows,Windows 10 Home,12,0,1000,4.85,599.0,615.0,131,610.256546666665,636.2561599999964
207,27583,Apple MacBook Pro MD313LL/A 13.3-Inch Laptop Intel i5 2.4GHz 4GB Ram - 500GB HDD (Renewed),Apple,Apple MacBook Pro 2011,13.3,1280.0,800.0,Glossy,0,Intel Core i5,Intel Core i5-2435M 2.4 GHz (2nd gen Sandy Bridge Dual-Core with Hyper-Threading),0.0,0,Intel HD 3000,macOS,OS X Lion,4,0,500,4.5,324.99,354.73,40,333.30832333333166,360.2435366666698
208,26363,"ASUS VivoBook Pro 17 Thin and Portable Laptop, 17.3â€ FHD, Intel Core i7-8565U, GeForce GTX 1050, 16GB DDR4, 256GB SSD+1TB, Wi-Fi 5, Backlit KB, FP Reader, Windows 10 - N705FD-ES76, Gaming Capable",Asus,Asus VivoBook Pro N705FD,17.3,1920.0,1080.0,Matte,0,Intel Core i7,Intel Core i7-8565U 1.8 GHz (8th gen Whiskey Lake Quad-Core with Hyper-Threading),0.0,1,NVIDIA GeForce GTX 1050,Windows,Windows 10 Home,16,256,1256,4.85,1199.0,1199.0,93,1180.02791333333,1210.6160466666638
209,4045,"Lenovo G50 59421806 Laptop (Windows 8, Intel Core i5-4210U, 15.6"" LED-lit Screen, Storage: 1 TB, RAM: 6 GB) Black",Lenovo,Lenovo G50,15.6,1366.0,768.0,Glossy,0,Intel Core i5,Intel Core i5-4210U 1.7 GHz (4th gen Haswell Dual-Core with Hyper-Threading),0.0,0,Intel HD,Windows,Windows 8.1,6,0,1024,4.63,429.99,439.99,159,473.31463666666724,479.98781666666787
210,31191,"2019 Lenovo Legion Y540 15.6"" FHD Gaming Laptop Computer, 9th Gen Intel Hexa-Core i7-9750H Up to 4.5GHz, 24GB DDR4 RAM, 1TB HDD + 512GB PCIE SSD, GeForce GTX 1650 4GB, 802.11ac WiFi, Windows 10 Home",Lenovo,Lenovo Legion Y540,15.6,1920.0,1080.0,Matte,0,Intel Core i7,Intel Core i7-9750H 2.6 GHz (9th gen Coffee Lake Hexa-Core with Hyper-Threading),0.0,1,NVIDIA GeForce GTX 1650,Windows,Windows 10 Home,24,512,1512,5.1,998.0,1029.76,206,1214.443019999996,1257.9987533333324
211,17743,"Dell XPS9350-8008SLV 13.3"" 3200x1800 Laptop (Intel Core i7-6560U 2.2GHz Processor, 16 GB RAM, 512 GB SDD, Windows 10 Microsoft Signature Image) Silver",Dell,Dell XPS 13 (XPS9350-8008),13.3,3200.0,1800.0,Glossy,1,Intel Core i7,Intel Core i7-6560U 2.2 GHz (6th gen Skylake Dual-Core with Hyper-Threading),0.0,0,Intel Iris 540,Windows,Windows 10,16,512,512,2.8,1799.33,1799.33,166,1486.1218333333393,1529.1814233333384
212,10366,HP ChromeBook 11 G4 EE: 11.6-inch (1366x768) | Intel Celeron N2840 2.16GHz | 16GB eMMC SSD | 4GB RAM | Chrome OS - Black,HP,HP Chromebook 11 G4,11.6,1366.0,768.0,Matte,0,Intel Celeron,Intel Celeron N2840 2.16 GHz (Bay Trail Dual-Core),0.0,0,Intel HD,Chrome OS,Chrome OS,4,16,16,2.83,159.99,159.99,59,169.35222666666843,171.67746000000133
213,27111,"HIDevolution Alienware Area-51M 17.3"" FHD 144Hz Gaming Laptop | Black | 3.6 GHz i9-9900K, RTX 2080, 32GB 2666MHz RAM, PCIe 512GB SSD + 1TB SSHD | Performance Upgrades & Warranty",Alienware,Alienware Area-51m,17.3,1920.0,1080.0,Matte,0,Intel Core i9,Intel Core i9-9900K 3.6 GHz (9th gen Coffee Lake Octa-Core with Hyper-Threading),0.0,1,NVIDIA GeForce RTX 2080,Windows,Windows 10 Home,32,512,1512,8.54,3804.0,3804.0,5,1426.302799999995,1474.115646666666
214,3940,"Lenovo G50 59421807  Laptop (Windows 8.1, Intel Core i3-4030U 1.9 GHz Processor, 15.6"" (1366 x 768) HD Display, SSD: 500 GB, RAM: 6 GB DDR3) Black",Lenovo,Lenovo G50,15.6,1366.0,768.0,Glossy,0,Intel Core i3,Intel Core i3-4030U 1.9 GHz (4th gen Haswell Dual-Core with Hyper-Threading),0.0,0,Intel HD 4400,Windows,Windows 8.1,6,0,500,4.63,449.99,449.99,18,407.87689999999907,418.56384333333335
215,16238,"HP 15.6 inch HD Laptop, Intel Core i5-7200U Processor 2.5GHz, 12GB DDR4 RAM, 1TB HDD, HDMI, Bluetooth, SuperMulti DVD, WiFi, HD Webcam, Windows 10 -Turbo Silver",HP,HP 15-ay117cl,15.6,1366.0,768.0,Glossy,1,Intel Core i5,Intel Core i5-7200U 2.5 GHz (7th gen Kaby Lake Dual-Core with Hyper-Threading),0.0,0,Intel HD 620,Windows,Windows 10,12,0,1000,4.83,636.0,699.0,19,533.0738100000077,550.8478433333333
216,27580,"Apple 13.3"" MacBook Pro w/ Touch Bar (Mid 2018), 227ppi Retina Display, Intel Core i5-8259U Quad-Core, 256GB PCI-E Solid State Drive, 8GB DDR3, 802.11ac, Bluetooth, macOS 10.13, Space Gray (Renewed)",Apple,Apple MacBook Pro 2018,13.3,2560.0,1600.0,Glossy,0,Intel Core i5,Intel Core i5-8259U 2.3 GHz (8th gen Coffee Lake Quad-Core with Hyper-Threading),0.0,0,Intel Iris Plus 655,macOS,macOS Mojave,8,256,256,3.02,1169.99,1169.99,214,1510.2807199999963,1614.7775066666702
217,26116,"MSI GS75 Stealth-093 17.3"" Razor Thin Bezel Gaming Laptop NVIDIA RTX 2080 8G Max-Q, 144Hz 3ms, Intel i7-8750H (6 cores), 32GB, 512GB NVMe SSD, TB3, Per Key RGB, Win10H, Matte Black w/ Gold Diamond Cut",MSI,MSI GS75 Stealth,17.3,1920.0,1080.0,Matte,0,Intel Core i7,Intel Core i7-8750H 2.2 GHz (8th gen Coffee Lake Hexa-Core with Hyper-Threading),0.0,1,NVIDIA GeForce RTX 2080 Max-Q,Windows,Windows 10 Home,32,512,512,4.96,2499.0,3999.11,4,2120.133466666689,2277.8853733333754
218,17470,"ASUS ROG Zephyrus Thin & Light Gaming Laptop, 15.6â€ Full HD 120Hz, Intel Core i7-7700HQ Processor, NVIDIA GeForce GTX 1080 8GB Max Q, 16GB DDR4, 512GB PCIe SSD, Windows 10 Professional â€“ GX501VI-XS74",Asus,Asus ROG Zephyrus GX501,15.6,1920.0,1080.0,Matte,0,Intel Core i7,Intel Core i7-7700HQ 2.8 GHz (7th gen Kaby Lake Quad-Core with Hyper-Threading),0.0,1,NVIDIA GeForce GTX 1080,Windows,Windows 10,16,1024,1024,4.9,1649.99,1649.99,64,1590.3966466666675,1718.8010600000027
219,10683,"HP Stream Laptop PC - 14"" HD, Intel Celeron N3060, 4 GB RAM, 32 GB eMMC, Office 365 Personal for one year - 14-ax010nr",HP,HP Stream 14-ax,14.0,1366.0,768.0,Glossy,0,Intel Celeron,Intel Celeron N3060 1.6 GHz (Braswell Dual-Core),0.0,0,Intel HD 400,Windows,Windows 10,4,32,32,3.17,184.97,186.97,47,193.98662666666382,194.76293333333234
220,23418,"HP Pavilion 15-CD001DS 15.6"" HD Touchscreen Notebook, AMD A6-9220 Dual-Core 2.5GHz, 4GB DDR4, 1TB SATA HDD, 802.11ac, Backlit Keyboard, Bluetooth, Win10Home - Silver",HP,HP Pavilion 15-cd001ds,15.6,1366.0,768.0,Glossy,1,AMD A6,AMD A6-9220 2.5 GHz (7th gen Stoney Ridge Dual-Core),0.0,0,AMD Radeon R5,Windows,Windows 10 Home,4,0,1000,4.67,399.99,449.99,210,404.1731866666613,420.2465266666662
221,26122,"Lenovo Flex 6 2-in-1 Laptop, 14in FHD (1920x1080) IPS Touchscreen, Intel Core i3-8130U, 128GB SSD, 8GB DDR4, Webcam, Windows 10 (Renewed)",Lenovo,Lenovo Flex 6,14.0,1920.0,1080.0,Glossy,1,Intel Core i3,Intel Core i3-8130U 2.2 GHz (8th gen Kaby Lake R Dual-Core with Hyper-Threading),0.0,0,Intel UHD 620,Windows,Windows 10 Home,8,128,128,3.68,418.0,424.42,112,453.5218766666672,475.3629999999971
