,id,brand,base_name,os_details,gpu_brand,cpu_brand,cpu_type_name,gpu_type,screen_surface,screen_size,pixels_x,touchscreen,discrete_gpu,gpu,ram,ssd,detachable_keyboard,weight,storage,cpu_benchmark,gpu_benchmark,cpu_GHZ,cpu_core,threading,pc_name,min_price,max_price
0,7774,LENOVO,LENOVO FLEX 3 80JM002CUS,WINDOWS 10,INTEL,INTEL,CORE I7,HD,GLOSSY,15.6,1920,1,0,INTEL HD,8,0,0.0,4.6,1000,2715.0,10.0,2.4,DUAL-CORE,1.0,LENOVO FLEX,899.0,899.0
1,25926,RAZER,RAZER BLADE 15,WINDOWS 10 HOME,NVIDIA,INTEL,CORE I7,GEFORCE RTX 2070 MAX-Q,MATTE,15.6,1920,0,1,NVIDIA GEFORCE RTX 2070 MAX-Q,16,512,0.0,4.63,512,10418.0,11018.0,2.2,HEXA-CORE,1.0,RAZER BLADE,2099.99,2099.99
2,25267,HP,HP,WINDOWS 10,AMD,AMD,A6,RADEON R4,Unknown,15.6,1366,0,0,AMD RADEON R4,8,0,0.0,4.63,500,1032.0,346.0,2.5,DUAL-CORE,0.0,HP,439.0,449.0
3,22367,ACER,ACER ASPIRE E5-576,WINDOWS 10 HOME,INTEL,INTEL,CORE I3,UHD 620,MATTE,15.6,1920,0,0,INTEL UHD 620,6,0,0.0,5.3,1000,3676.0,888.0,2.2,DUAL-CORE,1.0,ACER ASPIRE,375.0,449.0
4,17471,HP,HP 17,WINDOWS 10,INTEL,INTEL,CORE I5,HD 620,GLOSSY,17.3,1600,0,0,INTEL HD 620,8,0,0.0,5.8,1000,3522.0,888.0,2.5,DUAL-CORE,1.0,HP,559.0,559.0
5,21209,HP,HP CHROMEBOOK,CHROME OS,INTEL,INTEL,CELERON,HD 400,GLOSSY,11.6,1366,1,0,INTEL HD 400,4,16,0.0,2.6,16,759.0,329.0,1.6,DUAL-CORE,0.0,HP CHROMEBOOK,172.0,172.0
6,20956,HP,HP,WINDOWS 10 HOME,INTEL,INTEL,CORE I5,UHD 620,GLOSSY,15.6,1366,1,0,INTEL UHD 620,8,0,0.0,4.52,2000,6372.0,888.0,1.6,QUAD-CORE,1.0,HP,619.99,628.5
7,22373,ASUS,ASUS ROG STRIX GL703GS SCAR EDITION,WINDOWS 10 HOME,NVIDIA,INTEL,CORE I7,GEFORCE GTX 1070,MATTE,17.3,1920,0,1,NVIDIA GEFORCE GTX 1070,16,256,0.0,6.5,1256,10418.0,13557.0,2.2,HEXA-CORE,1.0,ASUS ROG STRIX,1646.99,1646.99
8,23120,DELL,DELL CHROMEBOOK 11,CHROME OS,INTEL,INTEL,CELERON,HD,GLOSSY,11.6,1366,0,0,INTEL HD,4,16,0.0,2.9,16,849.0,10.0,1.4,DUAL-CORE,0.0,DELL CHROMEBOOK,69.0,78.9
9,24438,DELL,DELL INSPIRON 3567,WINDOWS 10 HOME,INTEL,INTEL,CORE I3,HD 620,GLOSSY,15.6,1366,0,0,INTEL HD 620,8,0,0.0,5.07,1000,2806.0,888.0,2.4,DUAL-CORE,1.0,DELL INSPIRON,379.0,389.0
10,23820,ACER,ACER CB3-532,CHROME OS,INTEL,INTEL,CELERON,HD 400,MATTE,15.6,1366,0,0,INTEL HD 400,2,16,0.0,4.3,16,759.0,329.0,1.6,DUAL-CORE,0.0,ACER,174.98,185.0
11,19839,HP,HP CHROMEBOOK 14,CHROME OS,INTEL,INTEL,CELERON,HD,GLOSSY,14.0,1366,0,0,INTEL HD,4,16,0.0,3.7,16,618.0,10.0,2.16,DUAL-CORE,0.0,HP CHROMEBOOK,236.87,236.88
12,22978,DELL,DELL INSPIRON 15 3000,WINDOWS 10 HOME,AMD,AMD,A6,RADEON R4,Unknown,15.6,1366,0,0,AMD RADEON R4,4,0,0.0,5.07,500,1032.0,346.0,2.5,DUAL-CORE,0.0,DELL INSPIRON,288.98,288.99
13,28331,HP,HP CHROMEBOOK,CHROME OS,INTEL,INTEL,CELERON,HD 500,GLOSSY,14.0,1366,1,0,INTEL HD 500,4,32,0.0,3.4,32,1123.0,317.0,1.1,DUAL-CORE,0.0,HP CHROMEBOOK,289.99,289.99
14,25265,DELL,DELL INSPIRON 3185,WINDOWS 10 HOME,AMD,AMD,A6,RADEON R4,GLOSSY,11.6,1366,1,0,AMD RADEON R4,4,32,0.0,3.41,32,1032.0,346.0,1.6,DUAL-CORE,0.0,DELL INSPIRON,288.0,288.0
15,4081,DELL,DELL INSPIRON I5547-3753SLV,WINDOWS 8.1,INTEL,INTEL,CORE I5,HD 4400,GLOSSY,15.6,1366,0,0,INTEL HD 4400,6,0,0.0,6.0,1024,2343.0,530.0,1.7,DUAL-CORE,1.0,DELL INSPIRON,399.9,399.9
16,28803,MSI,MSI GL63 8SC,WINDOWS 10 HOME,NVIDIA,INTEL,CORE I7,GEFORCE GTX 1650,MATTE,15.6,1920,0,1,NVIDIA GEFORCE GTX 1650,8,256,0.0,5.07,256,10418.0,7868.0,2.2,HEXA-CORE,1.0,MSI,839.0,896.48
17,26957,ASUS,ASUS VIVOBOOK S530FA,WINDOWS 10 HOME,INTEL,INTEL,CORE I5,UHD 620,MATTE,15.6,1920,0,0,INTEL UHD 620,8,256,0.0,3.97,256,6068.0,888.0,1.6,QUAD-CORE,1.0,ASUS VIVOBOOK,579.0,579.99
18,20514,ASUS,ASUS FX73VE,WINDOWS 10 HOME,NVIDIA,INTEL,CORE I7,GEFORCE GTX 1050 TI,MATTE,17.3,1920,0,1,NVIDIA GEFORCE GTX 1050 TI,8,0,0.0,6.6,1000,7069.0,6657.0,2.8,QUAD-CORE,1.0,ASUS,1539.0,1539.0
19,21890,ASUS,ASUS ROG ZEPHYRUS M GM501,WINDOWS 10 PRO,NVIDIA,INTEL,CORE I7,GEFORCE GTX 1070,MATTE,15.6,1920,0,1,NVIDIA GEFORCE GTX 1070,16,256,0.0,5.4,1256,10418.0,13557.0,2.2,HEXA-CORE,1.0,ASUS ROG ZEPHYRUS M,1639.0,1649.0
20,22558,DELL,DELL INSPIRON 7567,WINDOWS 10 HOME,NVIDIA,INTEL,CORE I5,GEFORCE GTX 1050 TI,MATTE,15.6,1920,0,1,NVIDIA GEFORCE GTX 1050 TI,8,256,0.0,6.61,256,5260.0,6657.0,2.5,QUAD-CORE,0.0,DELL INSPIRON,760.0,763.2
21,28046,ACER,ACER SPIN 3 SP314-53N,WINDOWS 10 HOME,INTEL,INTEL,CORE I7,UHD 620,GLOSSY,14.0,1920,1,0,INTEL UHD 620,16,512,0.0,3.75,512,6777.0,888.0,1.8,QUAD-CORE,1.0,ACER SPIN,719.0,719.0
22,30991,MSI,MSI GF63 THIN 9SC,WINDOWS 10 HOME,NVIDIA,INTEL,CORE I7,GEFORCE GTX 1650,MATTE,15.6,1920,0,1,NVIDIA GEFORCE GTX 1650,16,512,0.0,4.1,512,11636.0,7868.0,2.6,HEXA-CORE,1.0,MSI,888.95,949.0
23,19855,APPLE,APPLE MACBOOK AIR MJVM2LL/A,OS X YOSEMITE,INTEL,INTEL,CORE I5,HD 6000,GLOSSY,11.6,1366,0,0,INTEL HD 6000,4,128,0.0,2.38,128,2142.0,829.0,1.6,DUAL-CORE,1.0,APPLE MACBOOK AIR,380.44,405.82
24,23205,DELL,DELL INSPIRON 5575,WINDOWS 10 HOME,AMD,AMD,RYZEN 5,RADEON VEGA 8,GLOSSY,15.6,1920,1,0,AMD RADEON VEGA 8,16,0,0.0,4.89,1000,6317.0,1509.0,2.0,QUAD-CORE,1.0,DELL INSPIRON,565.0,565.0
25,28643,ASUS,ASUS ROG STRIX SCAR II GL704GM,WINDOWS 10 HOME,NVIDIA,INTEL,CORE I7,GEFORCE GTX 1060,MATTE,17.3,1920,0,1,NVIDIA GEFORCE GTX 1060,16,256,0.0,6.39,1256,10418.0,10210.0,2.2,HEXA-CORE,1.0,ASUS ROG STRIX SCAR II,1588.0,1599.0
26,6768,HP,HP 15-F215DX,WINDOWS 8.1,AMD,AMD,A8,RADEON R5,GLOSSY,15.6,1366,0,0,AMD RADEON R5,4,0,0.0,4.8,750,2341.0,148.0,2.0,QUAD-CORE,0.0,HP,449.99,449.99
27,8285,DELL,DELL INSPIRON I7559-2512,WINDOWS 10,NVIDIA,INTEL,CORE I7,GEFORCE GTX 960M,MATTE,15.6,1920,0,1,NVIDIA GEFORCE GTX 960M,8,8,0.0,5.67,1008,6661.0,3467.0,2.6,QUAD-CORE,1.0,DELL INSPIRON,809.99,809.99
28,10358,DELL,DELL INSPIRON I3552,WINDOWS 10,INTEL,INTEL,PENTIUM,HD,GLOSSY,15.6,1366,0,0,INTEL HD,4,0,0.0,4.85,500,1243.0,10.0,1.6,QUAD-CORE,0.0,DELL INSPIRON,399.99,399.99
29,12778,SAMSUNG,SAMSUNG NOTEBOOK 9 NP900X5L-K02US,WINDOWS 10,INTEL,INTEL,CORE I7,HD 520,MATTE,15.0,1920,0,0,INTEL HD 520,8,256,0.0,2.9,256,3369.0,864.0,2.5,DUAL-CORE,1.0,SAMSUNG NOTEBOOK,722.0,722.0
30,29632,HP,HP OMEN 15T,WINDOWS 10 HOME,NVIDIA,INTEL,CORE I7,GEFORCE RTX 2070,MATTE,15.6,3840,0,1,NVIDIA GEFORCE RTX 2070,64,2000,0.0,5.26,4000,11636.0,16632.0,2.6,HEXA-CORE,1.0,HP OMEN,2199.99,2199.99
31,12766,SAMSUNG,SAMSUNG CHROMEBOOK PLUS XE513C24-K01US,CHROME OS,Unknown,OP1,OP1,No GPU,GLOSSY,12.3,2400,1,0,,4,32,0.0,2.38,32,4957.364729458918,3113.8426294820715,2.0,HEXA-CORE,0.0,SAMSUNG CHROMEBOOK PLUS,559.0,584.97
32,28224,HP,HP 15-BS289WM,WINDOWS 10 HOME,INTEL,INTEL,PENTIUM,UHD 605,GLOSSY,15.6,1366,1,0,INTEL UHD 605,4,0,0.0,4.19792490118577,1000,2801.0,355.0,1.1,QUAD-CORE,0.0,HP,325.99,360.0
33,23204,HP,HP 15-DB0030NR,WINDOWS 10 HOME,AMD,AMD,RYZEN 3,RADEON VEGA 3,GLOSSY,15.6,1366,1,0,AMD RADEON VEGA 3,8,0,0.0,4.6,1000,4061.0,904.0,2.5,DUAL-CORE,1.0,HP,475.0,551.57
34,26138,LENOVO,LENOVO IDEAPAD 320,WINDOWS 10 HOME,INTEL,INTEL,CORE I5,HD 620,MATTE,17.3,1600,0,0,INTEL HD 620,8,0,0.0,6.17,1000,3522.0,888.0,2.5,DUAL-CORE,1.0,LENOVO IDEAPAD,693.0,693.0
35,20094,LENOVO,LENOVO IDEAPAD,WINDOWS 10 HOME,AMD,AMD,A12,RADEON R7,MATTE,15.6,1366,0,0,AMD RADEON R7,8,0,0.0,4.85,1000,2741.0,551.0,2.7,QUAD-CORE,0.0,LENOVO IDEAPAD,424.22,424.22
36,26778,ACER,ACER PREDATOR TRITON 500 PT515-51,WINDOWS 10 HOME,NVIDIA,INTEL,CORE I7,GEFORCE RTX 2060,MATTE,15.6,1920,0,1,NVIDIA GEFORCE RTX 2060,16,512,0.0,4.41,512,10418.0,15156.0,2.2,HEXA-CORE,1.0,ACER PREDATOR TRITON,1637.0,1652.6
37,17020,HP,HP SPECTRE X360 (15-BL012DX),WINDOWS 10,NVIDIA,INTEL,CORE I7,GEFORCE 940MX,GLOSSY,15.6,3840,1,1,NVIDIA GEFORCE 940MX,16,512,0.0,4.42,512,3500.0,1603.0,2.7,DUAL-CORE,1.0,HP SPECTRE,1499.77,1499.77
38,27584,APPLE,APPLE MACBOOK PRO 2012,OS X LION,INTEL,INTEL,CORE I7,HD 4000,GLOSSY,13.3,1280,0,0,INTEL HD 4000,8,0,0.0,4.5,750,1302.0,329.0,2.9,DUAL-CORE,1.0,APPLE MACBOOK PRO,479.95,529.99
39,29846,MICROSOFT,MICROSOFT SURFACE PRO 7,WINDOWS 10 HOME,INTEL,INTEL,CORE I7,IRIS PLUS,GLOSSY,12.3,2736,1,0,INTEL IRIS PLUS,16,256,0.0,1.74,256,8923.0,1888.0,1.3,QUAD-CORE,1.0,MICROSOFT SURFACE PRO,1250.36,1259.0
40,6775,DELL,DELL INSPIRON 15 I7537T-1122SLV,WINDOWS 8.1,INTEL,INTEL,CORE I5,HD,GLOSSY,15.6,1366,1,0,INTEL HD,6,0,0.0,5.7,1000,2343.0,10.0,1.7,DUAL-CORE,1.0,DELL INSPIRON,669.0,669.0
41,13771,ACER,ACER ASPIRE E 15 E5-575G-57D4,WINDOWS 10,NVIDIA,INTEL,CORE I5,GEFORCE 940MX,MATTE,15.6,1920,0,1,NVIDIA GEFORCE 940MX,8,256,0.0,5.27,256,3522.0,1603.0,2.5,DUAL-CORE,1.0,ACER ASPIRE E,999.0,999.0
42,20962,LENOVO,LENOVO YOGA 720,WINDOWS 10 HOME,INTEL,INTEL,CORE I7,UHD 620,GLOSSY,13.3,1920,1,0,INTEL UHD 620,16,512,0.0,2.9,512,6134.0,888.0,1.8,QUAD-CORE,1.0,LENOVO YOGA,995.49,999.0
43,30513,OTHER,PROSTAR NH58RDQ,WINDOWS 10 HOME,NVIDIA,INTEL,CORE I7,GEFORCE RTX 2060,MATTE,15.6,1920,0,1,NVIDIA GEFORCE RTX 2060,32,500,0.0,5.0,1500,11636.0,15156.0,2.6,HEXA-CORE,1.0,PROSTAR,1399.0,1449.0
44,4062,DELL,DELL INSPIRON 15.6-INCH,WINDOWS 8,INTEL,INTEL,CORE I3,HD (UMA),GLOSSY,15.6,1366,1,0,INTEL HD (UMA),4,0,0.0,6.0,500,1115.0,3113.8426294820715,1.9,DUAL-CORE,0.0,DELL INSPIRON,417.57,417.57
45,22746,MSI,MSI GP73 LEOPARD,WINDOWS 10 HOME,NVIDIA,INTEL,CORE I7,GEFORCE GTX 1070,MATTE,17.3,1920,0,1,NVIDIA GEFORCE GTX 1070,16,256,0.0,5.95,1256,10418.0,13557.0,2.2,HEXA-CORE,1.0,MSI,1649.0,1649.0
46,30519,DELL,DELL INSPIRON 3583,WINDOWS 10 HOME,INTEL,INTEL,CORE I5,UHD 620,GLOSSY,15.6,1366,1,0,INTEL UHD 620,8,256,0.0,4.41,256,6068.0,888.0,1.6,QUAD-CORE,1.0,DELL INSPIRON,431.05,445.0
47,6786,DELL,DELL INSPIRON 15 I3542-6003BK,WINDOWS 8.1,INTEL,INTEL,CORE I3,HD,GLOSSY,15.6,1366,1,0,INTEL HD,4,0,0.0,5.3,500,1863.0,10.0,1.9,DUAL-CORE,1.0,DELL INSPIRON,498.88,498.88
48,21893,ACER,ACER CHROMEBOOK 11 CB3-131-C3SZ,CHROME OS,INTEL,INTEL,CELERON,HD,MATTE,11.6,1366,0,0,INTEL HD,2,16,0.0,2.43,16,618.0,10.0,2.16,DUAL-CORE,0.0,ACER CHROMEBOOK,134.99,139.99
49,12294,LENOVO,LENOVO YOGA 710,WINDOWS 10,INTEL,INTEL,CORE I5,HD 620,GLOSSY,14.0,1920,1,0,INTEL HD 620,8,256,0.0,3.42,256,3522.0,888.0,2.5,DUAL-CORE,1.0,LENOVO YOGA,824.99,824.99
50,21213,DELL,DELL INSPIRON 7570,WINDOWS 10 HOME,NVIDIA,INTEL,CORE I7,GEFORCE 940MX,GLOSSY,15.6,1920,1,1,NVIDIA GEFORCE 940MX,8,0,0.0,4.41,1000,6134.0,1603.0,1.8,QUAD-CORE,1.0,DELL INSPIRON,899.99,899.99
51,17748,ASUS,ASUS FX502VM,WINDOWS 10,NVIDIA,INTEL,CORE I5,GEFORCE GTX 1060,MATTE,15.6,1920,0,1,NVIDIA GEFORCE GTX 1060,16,0,0.0,4.9,1000,4398.0,10210.0,2.3,QUAD-CORE,0.0,ASUS,799.9,799.9
52,28485,DELL,DELL XPS 9370,WINDOWS 10 HOME,INTEL,INTEL,CORE I7,UHD 620,GLOSSY,13.3,3840,1,0,INTEL UHD 620,8,256,0.0,2.68,256,6134.0,888.0,1.8,QUAD-CORE,1.0,DELL XPS,1072.0,1079.99
53,31192,DELL,DELL LATITUDE 5500,WINDOWS 10 PRO,INTEL,INTEL,CORE I7,UHD 620,MATTE,15.6,1920,0,0,INTEL UHD 620,16,512,0.0,4.03,512,6807.0,888.0,1.9,QUAD-CORE,1.0,DELL LATITUDE,1199.0,1199.0
54,23424,RAZER,RAZER BLADE 15,WINDOWS 10 HOME,NVIDIA,INTEL,CORE I7,GEFORCE GTX 1070,MATTE,15.6,1920,0,1,NVIDIA GEFORCE GTX 1070,16,256,0.0,4.63,256,10418.0,13557.0,2.2,HEXA-CORE,1.0,RAZER BLADE,2999.11,2999.11
55,7495,ACER,ACER ASPIRE E 15 E5-573G,WINDOWS 10,NVIDIA,INTEL,CORE I5,GEFORCE 940M,MATTE,15.6,1920,0,1,NVIDIA GEFORCE 940M,8,0,0.0,5.29,1000,2546.0,1048.0,2.2,DUAL-CORE,1.0,ACER ASPIRE E,789.0,789.0
56,23115,ALIENWARE,ALIENWARE 15 R3,WINDOWS 10 HOME,NVIDIA,INTEL,CORE I7,GEFORCE GTX 1070,MATTE,15.6,1920,0,1,NVIDIA GEFORCE GTX 1070,16,128,0.0,7.69,1128,7069.0,13557.0,2.8,QUAD-CORE,1.0,ALIENWARE,1491.79,1496.79
57,24019,LENOVO,LENOVO IDEAPAD 330,WINDOWS 10 HOME,INTEL,INTEL,CELERON,UHD 600,MATTE,15.6,1366,0,0,INTEL UHD 600,4,0,0.0,4.85,500,2645.0,345.0,1.1,QUAD-CORE,0.0,LENOVO IDEAPAD,255.0,255.0
58,13772,HP,HP 15-BA009DX,WINDOWS 10,AMD,AMD,A6,RADEON R4,GLOSSY,15.6,1366,0,0,AMD RADEON R4,4,0,0.0,4.74,500,2076.0,346.0,2.0,QUAD-CORE,0.0,HP,465.0,465.0
59,12769,ASUS,ASUS C302CA-DHM4,CHROME OS,INTEL,INTEL,CORE M3,HD 515,GLOSSY,12.5,1920,1,0,INTEL HD 515,4,64,0.0,2.65,64,1862.0,688.0,0.9,DUAL-CORE,1.0,ASUS,509.97,599.9
60,28330,HP,HP,WINDOWS 10 HOME,INTEL,INTEL,PENTIUM,UHD 605,GLOSSY,15.6,1366,1,0,INTEL UHD 605,8,0,0.0,4.3,1000,2801.0,355.0,1.1,QUAD-CORE,0.0,HP,379.0,407.98
61,20740,HP,HP PAVILION 14-BK091ST,WINDOWS 10 HOME,INTEL,INTEL,CORE I5,HD 620,GLOSSY,14.0,1366,0,0,INTEL HD 620,8,0,0.0,3.63,1000,3522.0,888.0,2.5,DUAL-CORE,1.0,HP PAVILION,440.0,475.0
62,30515,OTHER,PROSTAR P950RF,WINDOWS 10 HOME,NVIDIA,INTEL,CORE I7,GEFORCE RTX 2070,MATTE,15.6,1920,0,1,NVIDIA GEFORCE RTX 2070,32,500,0.0,4.6,2500,11636.0,16632.0,2.6,HEXA-CORE,1.0,PROSTAR,1679.0,1799.0
63,25932,ACER,ACER PREDATOR HELIOS 500 PH517-51,WINDOWS 10 HOME,NVIDIA,INTEL,CORE I7,GEFORCE GTX 1070,MATTE,17.3,1920,0,1,NVIDIA GEFORCE GTX 1070,16,256,0.0,8.82,1256,10418.0,13557.0,2.2,HEXA-CORE,1.0,ACER PREDATOR HELIOS,1529.0,1529.0
64,19845,HP,HP CHROMEBOOK 11 G5,CHROME OS,INTEL,INTEL,CELERON,HD 400,MATTE,11.6,1366,0,0,INTEL HD 400,4,16,0.0,2.51,16,759.0,329.0,1.6,DUAL-CORE,0.0,HP CHROMEBOOK,140.89,142.84
65,24838,APPLE,APPLE MACBOOK 2017,MACOS HIGH SIERRA,INTEL,INTEL,CORE M3,HD 615,GLOSSY,12.0,2304,0,0,INTEL HD 615,8,256,0.0,2.03,256,2644.0,799.0,1.2,DUAL-CORE,1.0,APPLE MACBOOK,799.99,899.99
66,8067,DELL,DELL INSPIRON,WINDOWS 10,INTEL,INTEL,CORE I5,HD 4400,GLOSSY,15.6,1920,1,0,INTEL HD 4400,8,0,0.0,5.3,1000,2546.0,530.0,2.2,DUAL-CORE,1.0,DELL INSPIRON,588.0,588.0
67,22138,DELL,DELL INSPIRON 15 3000,WINDOWS 10 HOME,INTEL,INTEL,CELERON,HD 400,GLOSSY,15.6,1366,0,0,INTEL HD 400,4,0,0.0,5.07,500,759.0,329.0,1.6,DUAL-CORE,0.0,DELL INSPIRON,378.99,379.0
68,19613,LENOVO,LENOVO YOGA 710,WINDOWS 10 HOME,INTEL,INTEL,CORE I5,HD 620,GLOSSY,15.6,1920,1,0,INTEL HD 620,8,256,0.0,4.45,256,3522.0,888.0,2.5,DUAL-CORE,1.0,LENOVO YOGA,499.99,540.0
69,20098,DELL,DELL INSPIRON 5379,WINDOWS 10 HOME,INTEL,INTEL,CORE I5,UHD 620,GLOSSY,13.3,1920,1,0,INTEL UHD 620,8,256,0.0,3.56,256,6372.0,888.0,1.6,QUAD-CORE,1.0,DELL INSPIRON,623.0,642.0
70,27886,DELL,DELL INSPIRON 5570,WINDOWS 10 HOME,INTEL,INTEL,CORE I7,UHD 620,GLOSSY,15.6,1920,1,0,INTEL UHD 620,12,0,0.0,4.85,1000,6134.0,888.0,1.8,QUAD-CORE,1.0,DELL INSPIRON,733.0,748.0
71,23118,DELL,DELL G3 3579,WINDOWS 10 HOME,NVIDIA,INTEL,CORE I7,GEFORCE GTX 1050 TI,MATTE,15.6,1920,0,1,NVIDIA GEFORCE GTX 1050 TI,16,256,0.0,5.57,1256,10418.0,6657.0,2.2,HEXA-CORE,1.0,DELL,1065.0,1099.0
72,25930,MSI,MSI GS65 STEALTH,WINDOWS 10 PRO,NVIDIA,INTEL,CORE I7,GEFORCE RTX 2080 MAX-Q,MATTE,15.6,1920,0,1,NVIDIA GEFORCE RTX 2080 MAX-Q,16,256,0.0,4.19,256,10418.0,14482.0,2.2,HEXA-CORE,1.0,MSI,2399.0,2799.0
73,20961,DELL,DELL INSPIRON 5379,WINDOWS 10 HOME,INTEL,INTEL,CORE I7,UHD 620,GLOSSY,13.3,1920,1,0,INTEL UHD 620,16,256,0.0,3.72,256,6134.0,888.0,1.8,QUAD-CORE,1.0,DELL INSPIRON,750.0,850.0
74,25585,HP,HP 14-CF0014DX,WINDOWS 10 HOME,INTEL,INTEL,CORE I3,HD 620,GLOSSY,14.0,1366,0,0,INTEL HD 620,8,128,0.0,3.15,128,2806.0,888.0,2.4,DUAL-CORE,1.0,HP,328.0,339.0
75,14067,ASUS,ASUS ZENBOOK UX390UA-XH74-BL,WINDOWS 10,INTEL,INTEL,CORE I7,HD 620,GLOSSY,12.5,1920,0,0,INTEL HD 620,16,512,0.0,2.1,512,3500.0,888.0,2.7,DUAL-CORE,1.0,ASUS ZENBOOK,1968.88,1968.88
76,26135,ALIENWARE,ALIENWARE 17 R5,WINDOWS 10 HOME,NVIDIA,INTEL,CORE I7,GEFORCE GTX 1060,MATTE,17.3,1920,0,1,NVIDIA GEFORCE GTX 1060,8,256,0.0,9.74,1256,10418.0,10210.0,2.2,HEXA-CORE,1.0,ALIENWARE,1699.0,1699.0
77,26144,LENOVO,LENOVO IDEAPAD 330,WINDOWS 10 HOME,INTEL,INTEL,CORE I3,UHD 620,MATTE,15.6,1366,0,0,INTEL UHD 620,8,0,0.0,4.85,1000,3676.0,888.0,2.2,DUAL-CORE,1.0,LENOVO IDEAPAD,373.91,399.0
78,14060,DELL,DELL XPS9360-7336SLV,WINDOWS 10,INTEL,INTEL,CORE I7,HD 620,GLOSSY,13.3,3200,1,0,INTEL HD 620,16,512,0.0,2.7,512,3500.0,888.0,2.7,DUAL-CORE,1.0,DELL,1799.33,1799.33
79,25266,ACER,ACER CHROMEBOOK CB3-431,CHROME OS,INTEL,INTEL,CELERON,HD 400,MATTE,14.0,1920,0,0,INTEL HD 400,4,16,0.0,3.42,16,1294.0,329.0,1.6,QUAD-CORE,0.0,ACER CHROMEBOOK,248.46,249.0
80,11945,DELL,DELL INSPIRON I3558-0954,WINDOWS 10,INTEL,INTEL,CORE I3,HD 5500,GLOSSY,15.6,1366,0,0,INTEL HD 5500,6,0,0.0,4.85,1000,2151.0,568.0,2.0,DUAL-CORE,1.0,DELL INSPIRON,399.99,399.99
81,22144,HP,HP ELITEBOOK FOLIO 9470M,WINDOWS 10 PRO,INTEL,INTEL,CORE I5,HD 4000,MATTE,14.0,1366,0,0,INTEL HD 4000,8,180,0.0,3.6,180,2352.0,329.0,1.8,DUAL-CORE,1.0,HP ELITEBOOK FOLIO,204.99,229.98
82,28648,ASUS,ASUS ZENBOOK PRO DUO UX581GV,WINDOWS 10 PRO,NVIDIA,INTEL,CORE I7,GEFORCE RTX 2060,GLOSSY,15.6,3840,1,1,NVIDIA GEFORCE RTX 2060,16,1000,0.0,5.51,1000,11636.0,15156.0,2.6,HEXA-CORE,1.0,ASUS ZENBOOK PRO DUO,2489.94,2499.97
83,31421,APPLE,APPLE MACBOOK PRO 2019,MACOS CATALINA,AMD,INTEL,CORE I9,RADEON PRO 5500M,GLOSSY,16.0,3072,0,1,AMD RADEON PRO 5500M,16,1000,0.0,4.3,1000,13917.0,7017.0,2.3,OCTA-CORE,1.0,APPLE MACBOOK PRO,2568.92,2652.49
84,20506,LENOVO,LENOVO LEGION Y720,WINDOWS 10 HOME,NVIDIA,INTEL,CORE I7,GEFORCE GTX 1060,MATTE,15.6,1920,0,1,NVIDIA GEFORCE GTX 1060,8,256,0.0,7.05,256,7069.0,10210.0,2.8,QUAD-CORE,1.0,LENOVO LEGION,1099.99,1099.99
85,23419,MSI,MSI GL62M 7RD,WINDOWS 10 HOME,NVIDIA,INTEL,CORE I5,GEFORCE GTX 1050,MATTE,15.6,1920,0,1,NVIDIA GEFORCE GTX 1050,8,256,0.0,5.29,256,5260.0,5595.0,2.5,QUAD-CORE,0.0,MSI,898.99,899.0
86,29202,ASUS,ASUS VIVOBOOK F510QA,WINDOWS 10 S,AMD,AMD,A12,RADEON R7,MATTE,15.6,1920,0,0,AMD RADEON R7,8,256,0.0,3.7,256,2741.0,551.0,2.7,QUAD-CORE,0.0,ASUS VIVOBOOK,355.0,388.02
87,28802,MSI,MSI GL63 8RCS,WINDOWS 10 HOME,NVIDIA,INTEL,CORE I5,GEFORCE GTX 1050,MATTE,15.6,1920,0,1,NVIDIA GEFORCE GTX 1050,8,256,0.0,5.07,256,7584.0,5595.0,2.3,QUAD-CORE,1.0,MSI,683.99,699.0
88,22560,LENOVO,LENOVO YOGA BOOK,ANDROID 6,INTEL,INTEL,ATOM,HD 400,GLOSSY,10.1,1920,1,0,INTEL HD 400,4,64,0.0,1.52,64,1395.0,329.0,1.44,QUAD-CORE,0.0,LENOVO YOGA BOOK,599.99,599.99
89,23203,HP,HP ENVY X360,WINDOWS 10 HOME,AMD,AMD,RYZEN 5,RADEON VEGA 8,GLOSSY,15.6,1920,1,0,AMD RADEON VEGA 8,8,128,0.0,4.49,1128,6317.0,1509.0,2.0,QUAD-CORE,1.0,HP ENVY,749.0,749.0
90,29635,DELL,DELL LATITUDE 3500,WINDOWS 10 PRO,INTEL,INTEL,CORE I5,UHD 620,MATTE,15.6,1920,0,0,INTEL UHD 620,16,256,0.0,4.37,256,6068.0,888.0,1.6,QUAD-CORE,1.0,DELL LATITUDE,849.99,849.99
91,22858,MICROSOFT,MICROSOFT SURFACE LAPTOP,WINDOWS 10 S,INTEL,INTEL,CORE I5,HD 620,GLOSSY,13.5,2256,1,0,INTEL HD 620,4,128,0.0,2.76,128,3522.0,888.0,2.5,DUAL-CORE,1.0,MICROSOFT SURFACE LAPTOP,540.0,553.0
92,28981,HP,HP 15-BS234WM,WINDOWS 10 HOME,INTEL,INTEL,PENTIUM,UHD 605,GLOSSY,15.6,1366,1,0,INTEL UHD 605,4,0,0.0,4.49,500,2801.0,355.0,1.1,QUAD-CORE,0.0,HP,242.99,249.28
93,28481,LENOVO,LENOVO THINKPAD E590,WINDOWS 10 PRO,INTEL,INTEL,CORE I5,UHD 620,MATTE,15.6,1366,0,0,INTEL UHD 620,16,512,0.0,4.68,512,6068.0,888.0,1.6,QUAD-CORE,1.0,LENOVO THINKPAD,768.99,819.95
94,18657,DELL,DELL INSPIRON I5577,WINDOWS 10,NVIDIA,INTEL,CORE I7,GEFORCE GTX 1050,MATTE,15.6,1920,0,1,NVIDIA GEFORCE GTX 1050,16,512,0.0,5.7,512,7069.0,5595.0,2.8,QUAD-CORE,1.0,DELL INSPIRON,1379.99,1379.99
95,26959,HP,HP 15-DA0002DX,WINDOWS 10 HOME,INTEL,INTEL,CORE I5,UHD 620,GLOSSY,15.6,1366,1,0,INTEL UHD 620,8,128,0.0,3.9,128,6372.0,888.0,1.6,QUAD-CORE,1.0,HP,499.0,499.0
96,23122,HP,HP SPECTRE X360-13T,WINDOWS 10 HOME,INTEL,INTEL,CORE I7,UHD 620,GLOSSY,13.3,1920,1,0,INTEL UHD 620,16,512,0.0,2.78,512,6134.0,888.0,1.8,QUAD-CORE,1.0,HP SPECTRE,1117.55,1249.95
97,20739,HP,HP ELITEBOOK 8470P,WINDOWS 10 PRO,INTEL,INTEL,CORE I5,HD 4000,MATTE,14.0,1366,0,0,INTEL HD 4000,8,0,0.0,4.95,320,861.0,329.0,2.6,DUAL-CORE,1.0,HP ELITEBOOK,209.96,218.0
98,28799,LENOVO,LENOVO IDEAPAD L340,WINDOWS 10 HOME,NVIDIA,INTEL,CORE I5,GEFORCE GTX 1650,MATTE,15.6,1920,0,1,NVIDIA GEFORCE GTX 1650,8,512,0.0,4.83,512,8167.0,7868.0,2.4,QUAD-CORE,1.0,LENOVO IDEAPAD,723.98,729.97
99,17275,DELL,DELL INSPIRON 5000,WINDOWS 10,INTEL,INTEL,CORE I3,HD 620,GLOSSY,15.6,1366,1,0,INTEL HD 620,6,0,0.0,5.18,1000,2806.0,888.0,2.4,DUAL-CORE,1.0,DELL INSPIRON,427.99,427.99
100,7856,LENOVO,LENOVO B50-45 59441916,WINDOWS 8.1,AMD,AMD,A6,RADEONÂ R4,MATTE,15.6,1366,0,0,AMD RADEONÂ R4,4,0,0.0,4.73,500,1888.0,220.0,1.8,QUAD-CORE,0.0,LENOVO,258.0,258.0
101,25436,HP,HP CHROMEBOOK 14-CA061DX,CHROME OS,INTEL,INTEL,CELERON,HD 500,GLOSSY,14.0,1366,1,0,INTEL HD 500,4,32,0.0,3.4,32,1123.0,317.0,1.1,DUAL-CORE,0.0,HP CHROMEBOOK,237.0,237.0
102,14898,ALIENWARE,ALIENWARE AW15R3-3831,WINDOWS 10,NVIDIA,INTEL,CORE I7,GEFORCE GTX 1060,MATTE,15.6,1920,0,1,NVIDIA GEFORCE GTX 1060,16,128,0.0,8.0,1128,6661.0,10210.0,2.6,QUAD-CORE,1.0,ALIENWARE,1399.99,1399.99
103,21203,DELL,DELL INSPIRON 5577,WINDOWS 10 HOME,NVIDIA,INTEL,CORE I7,GEFORCE GTX 1050,MATTE,15.6,1920,0,1,NVIDIA GEFORCE GTX 1050,12,128,0.0,5.66,1128,7069.0,5595.0,2.8,QUAD-CORE,1.0,DELL INSPIRON,1299.0,1299.0
104,19843,DELL,DELL INSPIRON 5577,WINDOWS 10 HOME,NVIDIA,INTEL,CORE I5,GEFORCE GTX 1050,MATTE,15.6,1920,0,1,NVIDIA GEFORCE GTX 1050,8,0,0.0,5.64,1000,5260.0,5595.0,2.5,QUAD-CORE,0.0,DELL INSPIRON,629.0,649.0
105,27734,MICROSOFT,MICROSOFT SURFACE BOOK 2,WINDOWS 10 PRO,INTEL,INTEL,CORE I5,UHD 620,GLOSSY,13.5,3000,1,0,INTEL UHD 620,8,256,1.0,3.38,256,6987.0,888.0,1.7,QUAD-CORE,1.0,MICROSOFT SURFACE BOOK,1090.0,1130.0
106,30993,OTHER,SAGER NP7856,WINDOWS 10 HOME,NVIDIA,INTEL,CORE I7,GEFORCE RTX 2060,MATTE,15.6,1920,0,1,NVIDIA GEFORCE RTX 2060,16,500,0.0,5.0,2500,11636.0,15156.0,2.6,HEXA-CORE,1.0,SAGER,1399.0,1399.0
107,27576,ASUS,ASUS ZENBOOK UX533FD,WINDOWS 10 HOME,NVIDIA,INTEL,CORE I7,GEFORCE GTX 1050 MAX-Q,GLOSSY,15.6,1920,0,1,NVIDIA GEFORCE GTX 1050 MAX-Q,16,512,0.0,3.72,512,6777.0,3909.0,1.8,QUAD-CORE,1.0,ASUS ZENBOOK,1382.99,1498.97
108,6641,DELL,DELL INSPIRON 15 I5548-2501SLV,WINDOWS 8.1,INTEL,INTEL,CORE I5,HD 5500,GLOSSY,15.6,1366,1,0,INTEL HD 5500,8,0,0.0,5.7,1000,4957.364729458918,568.0,2.0455467196819135,,0.0,DELL INSPIRON,639.99,689.99
109,11525,HP,HP CHROMEBOOK 14 G4,CHROME OS,INTEL,INTEL,CELERON,HD,MATTE,14.0,1366,0,0,INTEL HD,4,16,0.0,3.78,16,618.0,10.0,2.16,DUAL-CORE,0.0,HP CHROMEBOOK,249.99,249.99
110,27582,HUAWEI,HUAWEI MATEBOOK X PRO,WINDOWS 10 HOME SIGNATURE EDITION,NVIDIA,INTEL,CORE I7,GEFORCE MX150,GLOSSY,13.9,3000,1,1,NVIDIA GEFORCE MX150,16,512,0.0,2.93,512,6134.0,2387.0,1.8,QUAD-CORE,1.0,HUAWEI MATEBOOK X PRO,1299.99,1399.0
111,23601,ACER,ACER PREDATOR HELIOS 300 PH315-51,WINDOWS 10 HOME,NVIDIA,INTEL,CORE I7,GEFORCE GTX 1060,MATTE,15.6,1920,0,1,NVIDIA GEFORCE GTX 1060,16,256,0.0,5.95,256,10418.0,10210.0,2.2,HEXA-CORE,1.0,ACER PREDATOR HELIOS,949.99,969.99
112,28976,ASUS,ASUS VIVOBOOK F510QA,WINDOWS 10 S,AMD,AMD,A12,RADEON R7,MATTE,15.6,1920,0,0,AMD RADEON R7,16,256,0.0,3.7,1256,2741.0,551.0,2.7,QUAD-CORE,0.0,ASUS VIVOBOOK,407.0,469.0
113,7262,MICROSOFT,MICROSOFT SURFACE BOOK SX3,WINDOWS 10,NVIDIA,INTEL,CORE I5,GEFORCE,GLOSSY,13.5,3000,1,1,NVIDIA GEFORCE,8,256,1.0,3.48,256,3368.0,3.0,2.4,DUAL-CORE,1.0,MICROSOFT SURFACE BOOK,599.0,679.8
114,10822,DELL,DELL INSPIRON I7559-3763BLK,WINDOWS 10,NVIDIA,INTEL,CORE I7,GEFORCE GTX 960M,MATTE,15.6,1920,0,1,NVIDIA GEFORCE GTX 960M,16,0,0.0,5.68,1000,6661.0,3467.0,2.6,QUAD-CORE,1.0,DELL INSPIRON,999.0,999.0
115,3899,DELL,DELL INSPIRON I3542-6666BK,WINDOWS 8.1,INTEL,INTEL,CORE I5,HD 4400,GLOSSY,15.6,1366,0,0,INTEL HD 4400,8,0,0.0,6.0,1024,2343.0,530.0,1.7,DUAL-CORE,1.0,DELL INSPIRON,559.99,559.99
116,25739,HP,HP STREAM 11-AH117WM,WINDOWS 10 S,INTEL,INTEL,CELERON,UHD 600,MATTE,11.6,1366,0,0,INTEL UHD 600,4,32,0.0,2.57,32,1278.0,345.0,1.1,DUAL-CORE,0.0,HP STREAM,161.99,174.0
117,30064,OTHER,PROSTAR NH58RDQ,WINDOWS 10 HOME,NVIDIA,INTEL,CORE I7,GEFORCE RTX 2060,MATTE,15.6,1920,0,1,NVIDIA GEFORCE RTX 2060,16,250,0.0,5.0,1250,11636.0,15156.0,2.6,HEXA-CORE,1.0,PROSTAR,1339.0,1349.0
118,27577,HP,HP 13-AQ0044NR,WINDOWS 10 HOME,NVIDIA,INTEL,CORE I7,GEFORCE MX250,GLOSSY,13.3,3840,1,1,NVIDIA GEFORCE MX250,16,512,0.0,2.82,512,6777.0,2660.0,1.8,QUAD-CORE,1.0,HP,1079.99,1140.32
119,31419,HP,HP 15-DY,WINDOWS 10 HOME,INTEL,INTEL,CORE I5,UHD,GLOSSY,15.6,1366,1,0,INTEL UHD,8,512,0.0,3.75,512,7773.0,1165.0,1.0,QUAD-CORE,1.0,HP,579.0,579.0
120,22135,HP,HP,WINDOWS 10 HOME,INTEL,INTEL,CORE I3,HD 620,GLOSSY,15.6,1366,1,0,INTEL HD 620,8,0,0.0,4.6,1000,2806.0,888.0,2.4,DUAL-CORE,1.0,HP,421.0,538.99
121,17277,HP,HP 17,WINDOWS 10,INTEL,INTEL,CORE I7,HD 620,GLOSSY,17.3,1600,0,0,INTEL HD 620,8,0,0.0,5.84,1000,3500.0,888.0,2.7,DUAL-CORE,1.0,HP,850.0,855.0
122,29630,HP,HP OMEN 17-CB0050NR,WINDOWS 10 HOME,NVIDIA,INTEL,CORE I7,GEFORCE RTX 2080,MATTE,17.3,1920,0,1,NVIDIA GEFORCE RTX 2080,16,256,0.0,6.54,1256,11636.0,19317.0,2.6,HEXA-CORE,1.0,HP OMEN,1799.99,1799.99
123,8277,DELL,DELL INSPIRON I7359-6790,WINDOWS 10,INTEL,INTEL,CORE I5,HD,GLOSSY,13.3,1920,1,0,INTEL HD,8,256,0.0,3.66,256,2989.0,10.0,2.3,DUAL-CORE,1.0,DELL INSPIRON,699.99,699.99
124,28216,ASUS,ASUS CHROMEBOOK C423NA,CHROME OS,INTEL,INTEL,CELERON,HD 500,MATTE,14.0,1366,0,0,INTEL HD 500,4,32,0.0,2.7,32,1123.0,317.0,1.1,DUAL-CORE,0.0,ASUS CHROMEBOOK,199.0,215.0
125,17477,DELL,DELL LATITUDE E6420,WINDOWS 10,INTEL,INTEL,CORE I5,HD 3000,MATTE,14.0,1366,0,0,INTEL HD 3000,4,0,0.0,4.6,320,2275.0,258.0,2.5,DUAL-CORE,1.0,DELL LATITUDE,154.99,178.89
126,22743,DELL,DELL XPS 13 9370,WINDOWS 10 HOME,INTEL,INTEL,CORE I7,UHD 620,GLOSSY,13.3,3840,1,0,INTEL UHD 620,16,512,0.0,2.87,512,6134.0,888.0,1.8,QUAD-CORE,1.0,DELL XPS,1499.99,1660.0
127,28333,ACER,ACER CHROMEBOOK CB515-1HT,CHROME OS,INTEL,INTEL,CELERON,HD 500,GLOSSY,15.6,1920,1,0,INTEL HD 500,4,32,0.0,3.97,32,1123.0,317.0,1.1,DUAL-CORE,0.0,ACER CHROMEBOOK,259.0,299.99
128,23614,DELL,DELL INSPIRON 3168,WINDOWS 10 HOME,INTEL,INTEL,PENTIUM,HD 405,GLOSSY,11.6,1366,1,0,INTEL HD 405,4,0,0.0,3.09,500,1422.0,3113.8426294820715,1.6,QUAD-CORE,0.0,DELL INSPIRON,365.0,389.0
129,31196,APPLE,APPLE MACBOOK AIR 2018,MACOS MOJAVE,INTEL,INTEL,CORE I5,UHD 617,GLOSSY,13.3,2560,0,0,INTEL UHD 617,8,128,0.0,2.75,128,3296.0,878.0,1.6,DUAL-CORE,1.0,APPLE MACBOOK AIR,749.66,799.99
130,26368,ASUS,ASUS ROG STRIX GL703GE SCAR EDITION,WINDOWS 10 HOME,NVIDIA,INTEL,CORE I7,GEFORCE GTX 1050 TI,MATTE,17.3,1920,0,1,NVIDIA GEFORCE GTX 1050 TI,16,128,0.0,6.72,1128,10418.0,6657.0,2.2,HEXA-CORE,1.0,ASUS ROG STRIX,1249.0,1249.0
131,26133,ALIENWARE,ALIENWARE 17 R5,WINDOWS 10 HOME,NVIDIA,INTEL,CORE I7,GEFORCE GTX 1060,MATTE,17.3,1920,0,1,NVIDIA GEFORCE GTX 1060,8,0,0.0,9.74,1000,10418.0,10210.0,2.2,HEXA-CORE,1.0,ALIENWARE,1382.0,1382.0
132,29198,ASUS,ASUS CHROMEBOOK FLIP C434TA,CHROME OS,INTEL,INTEL,CORE M3,UHD 615,GLOSSY,14.0,1920,1,0,INTEL UHD 615,8,64,0.0,3.19,64,2995.0,835.0,1.1,DUAL-CORE,1.0,ASUS CHROMEBOOK FLIP,548.98,608.51
133,22143,DELL,DELL INSPIRON 7370,WINDOWS 10 HOME,INTEL,INTEL,CORE I5,UHD 620,GLOSSY,13.3,1920,1,0,INTEL UHD 620,8,256,0.0,3.59,256,6372.0,888.0,1.6,QUAD-CORE,1.0,DELL INSPIRON,599.99,599.99
134,21458,HP,HP 15T,WINDOWS 10 HOME,AMD,AMD,A6,RADEON R4,GLOSSY,15.6,1366,0,0,AMD RADEON R4,4,0,0.0,4.52,500,1032.0,346.0,2.5,DUAL-CORE,0.0,HP,379.99,449.01
135,30293,ASUS,ASUS ROG STRIX SCAR III G531GW,WINDOWS 10 PRO,NVIDIA,INTEL,CORE I7,GEFORCE RTX 2070,MATTE,15.6,1920,0,1,NVIDIA GEFORCE RTX 2070,16,0,0.0,5.66,1000,11636.0,16632.0,2.6,HEXA-CORE,1.0,ASUS ROG STRIX SCAR III,1849.99,1999.99
136,17479,DELL,DELL INSPIRON 7000 (I7559),WINDOWS 10,NVIDIA,INTEL,CORE I7,GEFORCE GTX 960M,GLOSSY,15.6,3840,1,1,NVIDIA GEFORCE GTX 960M,16,128,0.0,6.0,1128,6661.0,3467.0,2.6,QUAD-CORE,1.0,DELL INSPIRON,1189.99,1189.99
137,8060,DELL,DELL XPS9350-5340SLV,WINDOWS 10,INTEL,INTEL,CORE I7,HD 5500,GLOSSY,13.3,3200,1,0,INTEL HD 5500,8,256,0.0,2.8,256,3369.0,568.0,2.5,DUAL-CORE,1.0,DELL,999.99,999.99
138,26103,LENOVO,LENOVO IDEAPAD 330,WINDOWS 10 HOME,INTEL,INTEL,CORE I5,UHD 620,MATTE,15.6,1920,0,0,INTEL UHD 620,8,256,0.0,4.85,256,6372.0,888.0,1.6,QUAD-CORE,1.0,LENOVO IDEAPAD,595.0,649.0
139,20102,HP,HP CHROMEBOOK 11-V010NR,CHROME OS,INTEL,INTEL,CELERON,HD 400,MATTE,11.6,1366,0,0,INTEL HD 400,4,16,0.0,2.54,16,759.0,329.0,1.6,DUAL-CORE,0.0,HP CHROMEBOOK,120.94,123.0
140,26963,MICROSOFT,MICROSOFT SURFACE PRO (5TH GENERATION),WINDOWS 10,INTEL,INTEL,CORE I5,HD 620,GLOSSY,12.3,2736,1,0,INTEL HD 620,8,256,0.0,1.7,256,3780.0,888.0,2.6,DUAL-CORE,0.0,MICROSOFT SURFACE PRO,599.0,599.0
141,28645,HP,HP 15-DB0011DX,WINDOWS 10 HOME,AMD,AMD,A6,RADEON R4,GLOSSY,15.6,1366,0,0,AMD RADEON R4,4,0,0.0,4.61,1000,1274.0,346.0,2.6,DUAL-CORE,0.0,HP,379.99,388.56
142,30514,OTHER,SAGER NP8957,WINDOWS 10 HOME,NVIDIA,INTEL,CORE I7,GEFORCE RTX 2070,MATTE,15.6,1920,0,1,NVIDIA GEFORCE RTX 2070,16,500,0.0,4.6,2500,11636.0,16632.0,2.6,HEXA-CORE,1.0,SAGER,1599.0,1699.0
143,14443,LENOVO,LENOVO IDEAPAD N42-20 CHROMEBOOK,CHROME OS,INTEL,INTEL,CELERON,HD 400,MATTE,14.0,1366,0,0,INTEL HD 400,4,16,0.0,3.3,16,759.0,329.0,1.6,DUAL-CORE,0.0,LENOVO IDEAPAD,380.0,380.0
144,28484,ACER,ACER NITRO 5 AN515-53,WINDOWS 10 HOME,NVIDIA,INTEL,CORE I5,GEFORCE GTX 1050 TI,MATTE,15.6,1920,0,1,NVIDIA GEFORCE GTX 1050 TI,8,256,0.0,5.95,256,7584.0,6657.0,2.3,QUAD-CORE,1.0,ACER NITRO,674.7,674.9
145,21210,ASUS,ASUS VIVOBOOK S510UN,WINDOWS 10 HOME,NVIDIA,INTEL,CORE I7,GEFORCE MX150,MATTE,15.6,1920,0,1,NVIDIA GEFORCE MX150,8,256,0.0,3.3,1256,6134.0,2387.0,1.8,QUAD-CORE,1.0,ASUS VIVOBOOK,929.0,929.0
146,14058,HP,HP,WINDOWS 10,INTEL,INTEL,CORE I7,HD 620,GLOSSY,15.6,1366,0,0,INTEL HD 620,16,0,0.0,4.83,1000,3500.0,888.0,2.7,DUAL-CORE,1.0,HP,799.0,799.0
147,25743,ASUS,ASUS VIVOBOOK S530UA,WINDOWS 10 HOME,INTEL,INTEL,CORE I5,UHD 620,MATTE,15.6,1920,0,0,INTEL UHD 620,8,256,0.0,3.5,256,6372.0,888.0,1.6,QUAD-CORE,1.0,ASUS VIVOBOOK,659.0,659.0
148,23197,ACER,ACER SWIFT 3 SF315-41,WINDOWS 10 HOME,AMD,AMD,RYZEN 5,RADEON VEGA 8,GLOSSY,15.6,1920,0,0,AMD RADEON VEGA 8,8,256,0.0,4.85,256,6317.0,1509.0,2.0,QUAD-CORE,1.0,ACER SWIFT,480.98,625.0
149,20279,HP,HP,WINDOWS 10 HOME,INTEL,INTEL,CORE I3,HD 620,GLOSSY,17.3,1600,0,0,INTEL HD 620,8,0,0.0,5.29,1000,2806.0,888.0,2.4,DUAL-CORE,1.0,HP,459.95,475.99
150,8680,ACER,ACER CHROMEBOOK 14 CB3-431-C5XK,CHROME OS,INTEL,INTEL,CELERON,HD,MATTE,14.0,1920,0,0,INTEL HD,4,32,0.0,3.42,32,759.0,10.0,1.6,DUAL-CORE,0.0,ACER CHROMEBOOK,185.83,214.77
151,29406,LENOVO,LENOVO IDEAPAD L340,WINDOWS 10 HOME,NVIDIA,INTEL,CORE I7,GEFORCE GTX 1050,MATTE,15.6,1920,0,1,NVIDIA GEFORCE GTX 1050,8,256,0.0,4.83,1256,11636.0,5595.0,2.6,HEXA-CORE,1.0,LENOVO IDEAPAD,949.99,983.0
152,21217,ASUS,ASUS CONVERTIBLE,WINDOWS 10,INTEL,INTEL,CORE I5,HD 620,GLOSSY,15.6,1920,1,0,INTEL HD 620,12,0,0.0,5.07,1000,3522.0,888.0,2.5,DUAL-CORE,1.0,ASUS CONVERTIBLE,568.35,589.0
153,30995,OTHER,PROSTAR NH58RCQ,WINDOWS 10 HOME,NVIDIA,INTEL,CORE I7,GEFORCE GTX 1660 TI,MATTE,15.6,1920,0,1,NVIDIA GEFORCE GTX 1660 TI,16,500,0.0,4.85,500,11636.0,12791.0,2.6,HEXA-CORE,1.0,PROSTAR,1149.0,1199.0
154,23119,SAMSUNG,SAMSUNG GALAXY BOOK,WINDOWS 10 PRO,INTEL,INTEL,CORE I5,HD 620,GLOSSY,12.0,2160,1,0,INTEL HD 620,8,256,1.0,1.66,256,3522.0,888.0,2.5,DUAL-CORE,1.0,SAMSUNG GALAXY BOOK,999.99,999.99
155,20092,DELL,DELL INSPIRON 5570,WINDOWS 10 HOME,INTEL,INTEL,CORE I5,UHD 620,GLOSSY,15.6,1920,1,0,INTEL UHD 620,8,0,0.0,4.85,1000,6372.0,888.0,1.6,QUAD-CORE,1.0,DELL INSPIRON,559.0,665.0
156,24015,LENOVO,LENOVO THINKPAD X1 CARBON (6TH GENERATION),WINDOWS 10 PRO,INTEL,INTEL,CORE I7,UHD 620,MATTE,14.0,2560,0,0,INTEL UHD 620,16,512,0.0,2.49,512,6620.0,888.0,1.9,QUAD-CORE,1.0,LENOVO THINKPAD,1543.99,1645.69
157,30756,MICROSOFT,MICROSOFT SURFACE PRO 7,WINDOWS 10 HOME,INTEL,INTEL,CORE I7,IRIS PLUS,GLOSSY,12.3,2736,1,0,INTEL IRIS PLUS,16,512,1.0,1.74,512,8923.0,1888.0,1.3,QUAD-CORE,1.0,MICROSOFT SURFACE PRO,1629.99,1818.97
158,20504,LENOVO,LENOVO THINKPAD T430,WINDOWS 10 PRO,INTEL,INTEL,CORE I5,HD 4000,MATTE,14.0,1600,0,0,INTEL HD 4000,8,128,0.0,4.92,128,861.0,329.0,2.6,DUAL-CORE,1.0,LENOVO THINKPAD,186.08,238.0
159,30757,MSI,MSI GF75 THIN 9RCX,WINDOWS 10 HOME,NVIDIA,INTEL,CORE I7,GEFORCE GTX 1050 TI,MATTE,17.3,1920,0,1,NVIDIA GEFORCE GTX 1050 TI,8,256,0.0,4.85,256,11636.0,6657.0,2.6,HEXA-CORE,1.0,MSI,829.98,829.98
160,21461,ACER,ACER CHROMEBOOK CB3-431,CHROME OS,INTEL,INTEL,CELERON,HD 400,MATTE,14.0,1920,0,0,INTEL HD 400,4,32,0.0,3.42,32,1294.0,329.0,1.6,QUAD-CORE,0.0,ACER CHROMEBOOK,149.99,149.99
161,26808,APPLE,APPLE MACBOOK PRO 2014,MACOS MOJAVE,NVIDIA,INTEL,CORE I7,GEFORCE GT 750M,GLOSSY,15.4,2880,0,1,NVIDIA GEFORCE GT 750M,16,512,0.0,4.46,512,5904.0,1232.0,2.5,QUAD-CORE,1.0,APPLE MACBOOK PRO,899.99,928.9
162,27730,ACER,ACER PREDATOR HELIOS 300 PH315-52,WINDOWS 10 HOME,NVIDIA,INTEL,CORE I7,GEFORCE GTX 1660 TI,MATTE,15.6,1920,0,1,NVIDIA GEFORCE GTX 1660 TI,16,256,0.0,5.51,256,11636.0,12791.0,2.6,HEXA-CORE,1.0,ACER PREDATOR HELIOS,1094.0,1099.99
163,19841,DELL,DELL INSPIRON,WINDOWS 10 HOME,INTEL,INTEL,CORE I5,HD 620,GLOSSY,15.6,1366,1,0,INTEL HD 620,8,0,0.0,5.07,2000,3522.0,888.0,2.5,DUAL-CORE,1.0,DELL INSPIRON,537.0,537.97
164,19851,HP,HP STREAM 14-AX040,WINDOWS 10 HOME,INTEL,INTEL,CELERON,HD 400,GLOSSY,14.0,1366,0,0,INTEL HD 400,4,32,0.0,3.18,32,759.0,329.0,1.6,DUAL-CORE,0.0,HP STREAM,243.9,243.95
165,23607,DELL,DELL XPS 9570,WINDOWS 10 HOME,NVIDIA,INTEL,CORE I7,GEFORCE GTX 1050 TI,MATTE,15.6,1920,0,1,NVIDIA GEFORCE GTX 1050 TI,16,512,0.0,4.0,512,10418.0,6657.0,2.2,HEXA-CORE,1.0,DELL XPS,1510.0,1558.0
166,24012,LENOVO,LENOVO YOGA 920,WINDOWS 10 HOME,INTEL,INTEL,CORE I7,UHD 620,GLOSSY,13.9,3840,1,0,INTEL UHD 620,16,512,0.0,3.02,512,6134.0,888.0,1.8,QUAD-CORE,1.0,LENOVO YOGA,1418.97,1418.97
167,8619,ASUS,ASUS ZENBOOK UX305UA,WINDOWS 10,INTEL,INTEL,CORE I5,HD,MATTE,13.3,1920,0,0,INTEL HD,8,256,0.0,2.86,256,2989.0,10.0,2.3,DUAL-CORE,1.0,ASUS ZENBOOK,1499.11,1499.11
168,25591,ASUS,ASUS CHROMEBOOK C223NA,CHROME OS,INTEL,INTEL,CELERON,HD 500,MATTE,11.6,1366,0,0,INTEL HD 500,4,32,0.0,2.2,32,1123.0,317.0,1.1,DUAL-CORE,0.0,ASUS CHROMEBOOK,161.99,178.4
169,25268,SAMSUNG,SAMSUNG CHROMEBOOK 3,CHROME OS,INTEL,INTEL,CELERON,HD 400,MATTE,11.6,1366,0,0,INTEL HD 400,4,32,0.0,2.54,32,759.0,329.0,1.6,DUAL-CORE,0.0,SAMSUNG CHROMEBOOK,150.19,165.9
170,14056,ACER,ACER ASPIRE VX5-591G-75RM,WINDOWS 10,NVIDIA,INTEL,CORE I7,GEFORCE GTX 1050 TI,MATTE,15.6,1920,0,1,NVIDIA GEFORCE GTX 1050 TI,16,256,0.0,5.51,256,7069.0,6657.0,2.8,QUAD-CORE,1.0,ACER ASPIRE,1199.99,1199.99
171,23223,DELL,DELL INSPIRON 7375,WINDOWS 10 HOME,AMD,AMD,RYZEN 5,RADEON VEGA 8,GLOSSY,13.3,1920,1,0,AMD RADEON VEGA 8,16,256,0.0,3.86,256,6317.0,1509.0,2.0,QUAD-CORE,1.0,DELL INSPIRON,559.5,559.5
172,11298,ACER,ACER CB3-531-C4A5,CHROME OS,INTEL,INTEL,CELERON,HD,MATTE,15.6,1366,0,0,INTEL HD,2,16,0.0,4.9,16,530.0,10.0,2.16,DUAL-CORE,0.0,ACER,215.0,215.0
173,22860,DELL,DELL LATITUDE E6420,WINDOWS 10 PRO,INTEL,INTEL,CORE I5,HD 3000,MATTE,14.0,1366,0,0,INTEL HD 3000,8,128,0.0,5.0,128,2275.0,258.0,2.5,DUAL-CORE,1.0,DELL LATITUDE,179.0,198.49
174,30511,DELL,DELL INSPIRON 5593,WINDOWS 10 HOME,INTEL,INTEL,CORE I5,UHD,MATTE,15.6,1920,0,0,INTEL UHD,8,256,0.0,4.52,256,7773.0,1165.0,1.0,QUAD-CORE,1.0,DELL INSPIRON,546.49,609.0
175,22371,LG,LG GRAM,WINDOWS 10 HOME,INTEL,INTEL,CORE I5,UHD 620,GLOSSY,15.6,1920,0,0,INTEL UHD 620,8,256,0.0,2.41,256,6372.0,888.0,1.6,QUAD-CORE,1.0,LG GRAM,967.98,968.0
176,20738,HP,HP ELITEBOOK 745-G3,WINDOWS 10 PRO,AMD,AMD,A8,RADEON R6,MATTE,14.0,1920,0,0,AMD RADEON R6,8,128,0.0,3.41,128,1895.0,521.0,1.6,QUAD-CORE,0.0,HP ELITEBOOK,499.67,499.67
177,28486,DELL,DELL INSPIRON 5000,WINDOWS 10 HOME,INTEL,INTEL,CORE I7,UHD 620,GLOSSY,15.6,1920,1,0,INTEL UHD 620,12,512,0.0,4.85,1512,6134.0,888.0,1.8,QUAD-CORE,1.0,DELL INSPIRON,828.98,829.0
178,21895,DELL,DELL INSPIRON,WINDOWS 10 HOME,INTEL,INTEL,CELERON,HD,GLOSSY,15.6,1366,0,0,INTEL HD,4,0,0.0,4.54,500,4957.364729458918,10.0,2.0455467196819135,DUAL-CORE,0.0,DELL INSPIRON,294.99,294.99
179,19152,DELL,DELL INSPIRON 15 7000 2-IN-1,WINDOWS 10 HOME,INTEL,INTEL,CORE I5,HD 620,GLOSSY,15.6,1920,1,0,INTEL HD 620,8,256,0.0,4.83,256,3522.0,888.0,2.5,DUAL-CORE,1.0,DELL INSPIRON,648.99,648.99
180,20512,ASUS,ASUS VIVOBOOK MAX,WINDOWS 10 HOME,INTEL,INTEL,PENTIUM,HD 505,Unknown,15.6,1366,0,0,INTEL HD 505,4,0,0.0,4.41,500,2257.0,411.0,1.1,QUAD-CORE,0.0,ASUS VIVOBOOK MAX,419.98,419.98
181,29842,OTHER,SAGER NP7856,WINDOWS 10 HOME,NVIDIA,INTEL,CORE I7,GEFORCE RTX 2060,MATTE,15.6,1920,0,1,NVIDIA GEFORCE RTX 2060,16,500,0.0,5.0,500,11636.0,15156.0,2.6,HEXA-CORE,1.0,SAGER,1299.0,1299.0
182,11516,DELL,DELL INSPIRON,WINDOWS 10,INTEL,INTEL,CORE I5,HD 5500,GLOSSY,15.6,1366,1,0,INTEL HD 5500,8,0,0.0,4.85,1000,2546.0,568.0,2.2,DUAL-CORE,1.0,DELL INSPIRON,579.5,579.5
183,26367,DELL,DELL XPS 9570,WINDOWS 10 HOME,NVIDIA,INTEL,CORE I7,GEFORCE GTX 1050 TI,GLOSSY,15.6,3840,1,1,NVIDIA GEFORCE GTX 1050 TI,16,512,0.0,4.0,512,10418.0,6657.0,2.2,HEXA-CORE,1.0,DELL XPS,1649.53,1799.0
184,22374,RCA,RCA CAMBIO W101 V2,WINDOWS 10 HOME,INTEL,INTEL,ATOM,HD,GLOSSY,10.1,1280,1,0,INTEL HD,2,32,1.0,4.19792490118577,32,522.0,10.0,1.33,QUAD-CORE,0.0,RCA CAMBIO,133.95,133.95
185,26130,MSI,MSI GS65 STEALTH THIN,WINDOWS 10 HOME,NVIDIA,INTEL,CORE I7,GEFORCE GTX 1070,MATTE,15.6,1920,0,1,NVIDIA GEFORCE GTX 1070,16,256,0.0,4.14,256,10418.0,13557.0,2.2,HEXA-CORE,1.0,MSI,1399.99,1449.99
186,4071,HP,HP 15-R011DX,WINDOWS 8.1,INTEL,INTEL,PENTIUM,HD,GLOSSY,15.6,1366,0,0,INTEL HD,4,0,0.0,6.5,750,4957.364729458918,10.0,2.0455467196819135,,0.0,HP,330.0,330.0
187,8061,LENOVO,LENOVO IDEAPAD 100S,WINDOWS 10,INTEL,INTEL,ATOM,HD,GLOSSY,11.6,1366,0,0,INTEL HD,2,32,0.0,2.2,32,522.0,10.0,1.33,QUAD-CORE,0.0,LENOVO IDEAPAD,468.88,468.88
188,6634,DELL,DELL INSPIRON 13 I7348-4286SLV,WINDOWS 8.1,INTEL,INTEL,CORE I5,HD 5500,GLOSSY,13.3,1920,1,0,INTEL HD 5500,8,0,0.0,3.7,500,2546.0,568.0,2.2,DUAL-CORE,1.0,DELL INSPIRON,1099.0,1099.0
189,28218,MSI,MSI GV62 8RD,WINDOWS 10 HOME,NVIDIA,INTEL,CORE I7,GEFORCE GTX 1050 TI,MATTE,15.6,1920,0,1,NVIDIA GEFORCE GTX 1050 TI,16,128,0.0,4.85,1128,10418.0,6657.0,2.2,HEXA-CORE,1.0,MSI,1078.95,1199.99
190,16467,ALIENWARE,ALIENWARE 17 (AW17R4-7345SLV-PUS),WINDOWS 10,NVIDIA,INTEL,CORE I7,GEFORCE GTX 1070,MATTE,17.3,1920,0,1,NVIDIA GEFORCE GTX 1070,16,0,0.0,9.7,1000,7069.0,13557.0,2.8,QUAD-CORE,1.0,ALIENWARE,1445.0,1599.0
191,7493,LENOVO,LENOVO THINKPAD T420,WINDOWS 7,INTEL,INTEL,CORE I5,HD 3000,MATTE,14.0,1366,0,0,INTEL HD 3000,8,0,0.0,4.9,320,2275.0,258.0,2.5,DUAL-CORE,1.0,LENOVO THINKPAD,189.0,209.69
192,10690,TOSHIBA,TOSHIBA SATELLITE RADIUS 11,WINDOWS 10,INTEL,INTEL,PENTIUM,HD,GLOSSY,11.6,1366,1,0,INTEL HD,4,0,0.0,2.9,500,1243.0,10.0,1.6,QUAD-CORE,0.0,TOSHIBA SATELLITE RADIUS,527.0,527.0
193,28334,ASUS,ASUS VIVOBOOK F512FA,WINDOWS 10 S,INTEL,INTEL,CORE I3,UHD 620,MATTE,15.6,1920,0,0,INTEL UHD 620,8,128,0.0,3.5,128,4248.0,888.0,2.1,DUAL-CORE,1.0,ASUS VIVOBOOK,363.53,391.49
194,23243,HP,HP MT44 MOBILE THIN CLIENT,WINDOWS 10 IOT,AMD,AMD,RYZEN 3,RADEON VEGA 6,MATTE,14.0,1920,0,0,AMD RADEON VEGA 6,8,128,0.0,3.37,128,5745.0,1553.0,2.0,QUAD-CORE,0.0,HP,549.0,549.0
195,15929,HP,HP PAVILION X2,WINDOWS 10,INTEL,INTEL,ATOM,HD 400,GLOSSY,10.1,1280,1,0,INTEL HD 400,2,32,1.0,2.4,32,985.0,329.0,1.44,QUAD-CORE,0.0,HP PAVILION,389.98,399.99
196,10369,ASUS,ASUS TRANSFORMER BOOK FLIP TP200SA-UHBF,WINDOWS 10,INTEL,INTEL,CELERON,HD,GLOSSY,11.6,1366,1,0,INTEL HD,2,32,0.0,2.6,32,672.0,10.0,1.6,DUAL-CORE,0.0,ASUS TRANSFORMER BOOK FLIP,219.72,219.72
197,28337,DELL,DELL INSPIRON 5000,WINDOWS 10 HOME,INTEL,INTEL,CORE I7,UHD 620,GLOSSY,15.6,1920,0,0,INTEL UHD 620,8,128,0.0,4.8,1128,6134.0,888.0,1.8,QUAD-CORE,1.0,DELL INSPIRON,730.0,730.0
198,11294,ALIENWARE,ALIENWARE AW15R3-10881SLV,WINDOWS 10,NVIDIA,INTEL,CORE I7,GEFORCE GTX1070,MATTE,15.6,1920,0,1,NVIDIA GEFORCE GTX1070,16,256,0.0,8.0,1256,6661.0,3113.8426294820715,2.6,QUAD-CORE,1.0,ALIENWARE,1667.81,1677.6
199,24434,LENOVO,LENOVO YOGA 730,WINDOWS 10 HOME,INTEL,INTEL,CORE I7,UHD 620,GLOSSY,15.6,1920,1,0,INTEL UHD 620,8,256,0.0,4.17,256,6134.0,888.0,1.8,QUAD-CORE,1.0,LENOVO YOGA,759.99,769.99
200,18655,LENOVO,LENOVO YOGA 720,WINDOWS 10,INTEL,INTEL,CORE I5,HD 620,GLOSSY,13.3,1920,1,0,INTEL HD 620,8,256,0.0,2.87,256,3522.0,888.0,2.5,DUAL-CORE,1.0,LENOVO YOGA,658.9,684.0
201,27889,ACER,ACER NITRO 5 AN515-42,WINDOWS 10 HOME,AMD,AMD,RYZEN 5,RADEON RX 560X,MATTE,15.6,1920,0,1,AMD RADEON RX 560X,8,0,0.0,5.95,1000,6317.0,3520.0,2.0,QUAD-CORE,1.0,ACER NITRO,529.0,529.99
202,19609,LENOVO,LENOVO YOGA 710,WINDOWS 10 HOME,INTEL,INTEL,PENTIUM,HD 515,GLOSSY,11.6,1920,1,0,INTEL HD 515,4,128,0.0,2.36,128,1505.0,688.0,1.5,DUAL-CORE,1.0,LENOVO YOGA,575.0,599.0
203,26593,ASUS,ASUS TUF GAMING FX504,WINDOWS 10 HOME,NVIDIA,INTEL,CORE I5,GEFORCE GTX 1050,MATTE,15.6,1920,0,1,NVIDIA GEFORCE GTX 1050,8,256,0.0,5.07,256,7584.0,5595.0,2.3,QUAD-CORE,1.0,ASUS TUF GAMING,624.0,640.0
204,20737,ASUS,ASUS ZENBOOK 3 DELUXE UX490UA,WINDOWS 10 PRO,INTEL,INTEL,CORE I7,UHD 620,GLOSSY,14.0,1920,0,0,INTEL UHD 620,16,512,0.0,2.4,512,6134.0,888.0,1.8,QUAD-CORE,1.0,ASUS ZENBOOK,999.99,1098.98
205,19838,HP,HP 15-BA015WM,WINDOWS 10 HOME,AMD,AMD,E2,RADEON R2,GLOSSY,15.6,1366,0,0,AMD RADEON R2,4,0,0.0,4.4,500,1978.0,302.0,1.8,QUAD-CORE,0.0,HP,329.99,329.99
206,24847,ACER,ACER SPIN 5 SP515-51GN,WINDOWS 10 HOME,NVIDIA,INTEL,CORE I7,GEFORCE GTX 1050,GLOSSY,15.6,1920,1,1,NVIDIA GEFORCE GTX 1050,8,0,0.0,4.85,1000,6134.0,5595.0,1.8,QUAD-CORE,1.0,ACER SPIN,789.0,899.0
207,31190,HP,HP 15-DY1771MS,WINDOWS 10 HOME,INTEL,INTEL,CORE I7,IRIS PLUS,GLOSSY,15.6,1366,1,0,INTEL IRIS PLUS,8,512,0.0,3.74,512,8923.0,1888.0,1.3,QUAD-CORE,1.0,HP,789.0,789.0
208,28215,ACER,ACER CHROMEBOOK R C738T,CHROME OS,INTEL,INTEL,CELERON,HD 400,GLOSSY,11.6,1366,1,0,INTEL HD 400,4,32,0.0,2.76,32,759.0,329.0,1.6,DUAL-CORE,0.0,ACER CHROMEBOOK R,199.99,214.9
209,26588,APPLE,APPLE MACBOOK PRO 2018,MACOS MOJAVE,AMD,INTEL,CORE I7,RADEON PRO 555X,GLOSSY,15.4,2880,0,1,AMD RADEON PRO 555X,16,256,0.0,4.02,256,10418.0,3140.0,2.2,HEXA-CORE,1.0,APPLE MACBOOK PRO,1749.0,2048.0
210,27882,APPLE,APPLE MACBOOK PRO 2019,MACOS MOJAVE,INTEL,INTEL,CORE I5,IRIS PLUS 655,GLOSSY,13.3,2560,0,0,INTEL IRIS PLUS 655,8,256,0.0,3.02,256,8264.0,1790.0,2.4,QUAD-CORE,1.0,APPLE MACBOOK PRO,1499.0,1692.5
211,22134,RAZER,RAZER BLADE PRO,WINDOWS 10 HOME,NVIDIA,INTEL,CORE I7,GEFORCE GTX 1060,MATTE,17.3,1920,0,1,NVIDIA GEFORCE GTX 1060,16,256,0.0,6.78,2256,7069.0,10210.0,2.8,QUAD-CORE,1.0,RAZER BLADE PRO,1749.0,1799.99
212,25588,LENOVO,LENOVO IDEAPAD 130,WINDOWS 10 HOME,AMD,AMD,A6,RADEON R4,MATTE,15.6,1366,0,0,AMD RADEON R4,4,0,0.0,4.63,500,1274.0,346.0,2.6,DUAL-CORE,0.0,LENOVO IDEAPAD,251.18,260.0
213,17478,HP,HP SPECTRE X360 (13-4116DX),WINDOWS 10,INTEL,INTEL,CORE I7,HD 520,GLOSSY,13.3,2560,1,0,INTEL HD 520,16,512,0.0,3.17,512,3369.0,864.0,2.5,DUAL-CORE,1.0,HP SPECTRE,1499.77,1499.77
214,25929,APPLE,APPLE MACBOOK PRO 2018,MACOS MOJAVE,INTEL,INTEL,CORE I5,IRIS PLUS 655,GLOSSY,13.3,2560,0,0,INTEL IRIS PLUS 655,8,512,0.0,3.02,512,8543.0,1790.0,2.3,QUAD-CORE,1.0,APPLE MACBOOK PRO,1869.95,1875.95
215,27731,ASUS,ASUS VIVOBOOK K570ZD,WINDOWS 10 HOME,NVIDIA,AMD,RYZEN 5,GEFORCE GTX 1050,MATTE,15.6,1920,0,1,NVIDIA GEFORCE GTX 1050,8,256,0.0,4.32,256,6317.0,5595.0,2.0,QUAD-CORE,1.0,ASUS VIVOBOOK,761.35,771.45
216,28335,HP,HP,WINDOWS 10 HOME,INTEL,INTEL,CORE I5,HD 620,GLOSSY,15.6,1366,1,0,INTEL HD 620,8,512,0.0,4.51,2512,3522.0,888.0,2.5,DUAL-CORE,1.0,HP,681.0,698.0
217,23224,LENOVO,LENOVO IDEAPAD 720S,WINDOWS 10 HOME,AMD,AMD,RYZEN 5,RADEON VEGA 8,MATTE,13.3,1920,0,0,AMD RADEON VEGA 8,8,256,0.0,2.4,256,6317.0,1509.0,2.0,QUAD-CORE,1.0,LENOVO IDEAPAD,699.99,699.99
218,19153,DELL,DELL XPS 13 9360,WINDOWS 10 HOME,INTEL,INTEL,CORE I7,HD 620,GLOSSY,13.3,3200,1,0,INTEL HD 620,16,512,0.0,2.89,512,3500.0,888.0,2.7,DUAL-CORE,1.0,DELL XPS,999.66,999.66
219,21221,DELL,DELL INSPIRON,WINDOWS 10 HOME,INTEL,INTEL,CORE I5,UHD 620,GLOSSY,15.6,1920,1,0,INTEL UHD 620,8,0,0.0,4.19792490118577,1000,6372.0,888.0,1.6,QUAD-CORE,1.0,DELL INSPIRON,649.0,649.0
220,28973,APPLE,APPLE MACBOOK PRO 2017,MACOS HIGH SIERRA,INTEL,INTEL,CORE I5,IRIS PLUS 640,GLOSSY,13.3,2560,0,0,INTEL IRIS PLUS 640,8,256,0.0,3.02,256,4675.0,1377.0,2.3,DUAL-CORE,1.0,APPLE MACBOOK PRO,1299.0,1402.49
221,17751,HP,HP 17,WINDOWS 10,INTEL,INTEL,CORE I7,HD 620,GLOSSY,17.3,1600,0,0,INTEL HD 620,8,0,0.0,5.84,1000,3500.0,888.0,2.7,DUAL-CORE,1.0,HP,673.98,673.98
222,24432,HP,HP PROBOOK 11 EE G2,WINDOWS 10 PRO,INTEL,INTEL,PENTIUM,HD 510,MATTE,11.6,1366,1,0,INTEL HD 510,8,128,0.0,3.76,128,2184.0,582.0,2.1,DUAL-CORE,0.0,HP PROBOOK,328.0,337.14
223,26365,ALIENWARE,ALIENWARE M15,WINDOWS 10 HOME,NVIDIA,INTEL,CORE I7,GEFORCE GTX 1070 MAX-Q,MATTE,15.6,1920,0,1,NVIDIA GEFORCE GTX 1070 MAX-Q,16,128,0.0,4.78,1128,10418.0,10472.0,2.2,HEXA-CORE,1.0,ALIENWARE,1598.36,1774.4
224,28338,ACER,ACER ASPIRE E,WINDOWS 10 HOME,INTEL,INTEL,CORE I3,UHD 620,Unknown,15.6,1920,0,0,INTEL UHD 620,6,0,0.0,5.27,1000,3676.0,888.0,2.2,DUAL-CORE,1.0,ACER ASPIRE E,434.29,449.99
225,22982,MICROSOFT,MICROSOFT SURFACE LAPTOP,WINDOWS 10 S,INTEL,INTEL,CORE M3,HD 615,GLOSSY,13.5,2256,1,0,INTEL HD 615,4,128,0.0,2.76,128,2756.0,799.0,1.0,DUAL-CORE,1.0,MICROSOFT SURFACE LAPTOP,550.0,640.0
226,8789,DELL,DELL INSPIRON I7559-7512GRY,WINDOWS 10,NVIDIA,INTEL,CORE I7,GEFORCE GTX 960M,GLOSSY,15.6,3840,1,1,NVIDIA GEFORCE GTX 960M,16,128,0.0,4.6,1128,6661.0,3467.0,2.6,QUAD-CORE,1.0,DELL INSPIRON,1099.0,1999.11
227,8682,SAMSUNG,SAMSUNG CHROMEBOOK 3 XE500C13-K02US,CHROME OS,INTEL,INTEL,CELERON,HD,MATTE,11.6,1366,0,0,INTEL HD,4,16,0.0,2.54,16,672.0,10.0,1.6,DUAL-CORE,0.0,SAMSUNG CHROMEBOOK,138.0,145.97
228,27242,ASUS,ASUS ZENBOOK UX431FA,WINDOWS 10 HOME,INTEL,INTEL,CORE I7,UHD 620,GLOSSY,14.0,1920,0,0,INTEL UHD 620,8,512,0.0,3.19,512,6777.0,888.0,1.8,QUAD-CORE,1.0,ASUS ZENBOOK,799.99,890.67
229,26806,MICROSOFT,MICROSOFT SURFACE LAPTOP,WINDOWS 10 S,INTEL,INTEL,CORE I7,IRIS PLUS 640,GLOSSY,13.5,2256,1,0,INTEL IRIS PLUS 640,8,256,0.0,2.83,256,4565.0,1377.0,2.5,DUAL-CORE,1.0,MICROSOFT SURFACE LAPTOP,770.0,773.0
230,6625,DELL,DELL INSPIRON 15 I5548-1670SLV,WINDOWS 8.1,INTEL,INTEL,CORE I5,HD 5500,GLOSSY,15.6,1366,1,0,INTEL HD 5500,8,0,0.0,5.3,1000,2546.0,568.0,2.2,DUAL-CORE,1.0,DELL INSPIRON,639.0,639.0
231,22136,ASUS,ASUS ROG ZEPHYRUS GX501,WINDOWS 10 PRO,NVIDIA,INTEL,CORE I7,GEFORCE GTX 1080,MATTE,15.6,1920,0,1,NVIDIA GEFORCE GTX 1080,16,512,0.0,5.0,512,10418.0,14716.0,2.2,HEXA-CORE,1.0,ASUS ROG ZEPHYRUS,1479.0,1489.0
232,25584,ASUS,ASUS VIVOBOOK E203MA,WINDOWS 10,INTEL,INTEL,CELERON,UHD 600,GLOSSY,11.6,1366,0,0,INTEL UHD 600,2,32,0.0,2.18,32,1278.0,345.0,1.1,DUAL-CORE,0.0,ASUS VIVOBOOK,237.9,266.0
233,3916,ASUS,ASUS ZENBOOK UX301LA1,WINDOWS 8.1,INTEL,INTEL,CORE I7,IRIS 5100,GLOSSY,13.3,2560,1,0,INTEL IRIS 5100,8,0,0.0,2.6,256,2928.0,963.0,2.8,DUAL-CORE,1.0,ASUS ZENBOOK,999.99,999.99
234,29845,MICROSOFT,MICROSOFT SURFACE LAPTOP 3,WINDOWS 10 HOME,INTEL,INTEL,CORE I7,IRIS PLUS,GLOSSY,13.5,2256,1,0,INTEL IRIS PLUS,16,1000,0.0,2.84,1000,8923.0,1888.0,1.3,QUAD-CORE,1.0,MICROSOFT SURFACE LAPTOP,2059.0,2099.0
235,20099,DELL,DELL INSPIRON,WINDOWS 10 HOME,INTEL,INTEL,CORE I3,HD 620,GLOSSY,15.6,1366,0,0,INTEL HD 620,8,128,0.0,4.63,128,2806.0,888.0,2.4,DUAL-CORE,1.0,DELL INSPIRON,390.0,390.0
236,26777,DELL,DELL XPS 9380,WINDOWS 10 PRO,INTEL,INTEL,CORE I7,UHD 620,GLOSSY,13.3,3840,1,0,INTEL UHD 620,16,512,0.0,2.81,512,6777.0,888.0,1.8,QUAD-CORE,1.0,DELL XPS,1649.0,1699.0
237,25745,HP,HP 15-BS095MS,WINDOWS 10 HOME,INTEL,INTEL,CORE I5,HD 620,GLOSSY,15.6,1366,1,0,INTEL HD 620,8,0,0.0,4.52,2000,3522.0,888.0,2.5,DUAL-CORE,1.0,HP,529.88,545.18
238,30760,OTHER,PROSTAR NH58RAQ,WINDOWS 10 HOME,NVIDIA,INTEL,CORE I7,GEFORCE GTX 1650,MATTE,15.6,1920,0,1,NVIDIA GEFORCE GTX 1650,16,1000,0.0,4.85,1000,11636.0,7868.0,2.6,HEXA-CORE,1.0,PROSTAR,1229.0,1239.0
239,25440,APPLE,APPLE MACBOOK AIR 2015,OS X YOSEMITE,INTEL,INTEL,CORE I5,HD 6000,GLOSSY,13.3,1440,0,0,INTEL HD 6000,4,128,0.0,2.96,128,2142.0,829.0,1.6,DUAL-CORE,1.0,APPLE MACBOOK AIR,449.98,519.99
240,17469,ASUS,ASUS VIVOBOOK FLIP (TP501UAM-YS32T),WINDOWS 10,INTEL,INTEL,CORE I3,HD 520,GLOSSY,15.6,1366,1,0,INTEL HD 520,4,128,0.0,4.85,128,2825.0,864.0,2.3,DUAL-CORE,1.0,ASUS VIVOBOOK FLIP,799.11,799.11
241,10943,DELL,DELL INSPIRON 11 I3162,WINDOWS 10,INTEL,INTEL,CELERON,HD,MATTE,11.6,1366,0,0,INTEL HD,2,32,0.0,2.6,32,672.0,10.0,1.6,DUAL-CORE,0.0,DELL INSPIRON,248.88,248.88
242,3950,DELL,DELL INSPIRON I3541-2001BLK,WINDOWS 8.1,AMD,AMD,A6,RADEON R4,GLOSSY,15.6,1366,0,1,AMD RADEON R4,4,0,0.0,6.0,500,1888.0,346.0,1.8,QUAD-CORE,0.0,DELL INSPIRON,317.88,317.88
243,17017,SAMSUNG,SAMSUNG CHROMEBOOK PRO (XE510C24-K01US),CHROME OS,INTEL,INTEL,CORE M3,HD 515,GLOSSY,12.3,2400,1,0,INTEL HD 515,4,32,0.0,2.38,32,1862.0,688.0,0.9,DUAL-CORE,1.0,SAMSUNG CHROMEBOOK PRO,649.0,699.99
244,28336,ASUS,ASUS VIVOBOOK FLIP J401MA,WINDOWS 10 S,INTEL,INTEL,CELERON,UHD 600,GLOSSY,14.0,1920,1,0,INTEL UHD 600,4,64,0.0,3.3,64,1278.0,345.0,1.1,DUAL-CORE,0.0,ASUS VIVOBOOK FLIP,305.0,320.55
245,7497,DELL,DELL INSPIRON I5558-2147BLK,WINDOWS 10,INTEL,INTEL,CORE I3,HD,GLOSSY,15.6,1366,0,0,INTEL HD,6,0,0.0,5.3,1000,1936.0,10.0,2.1,DUAL-CORE,1.0,DELL INSPIRON,399.0,399.0
246,28041,ACER,ACER ASPIRE 5 A515-43,WINDOWS 10 HOME,AMD,AMD,RYZEN 3,RADEON VEGA 3,MATTE,15.6,1920,0,0,AMD RADEON VEGA 3,4,128,0.0,4.19,128,4065.0,904.0,2.6,DUAL-CORE,1.0,ACER ASPIRE,313.38,313.51
247,10954,DELL,DELL INSPIRON I7359,WINDOWS 10,INTEL,INTEL,CORE I7,HD 520,GLOSSY,13.3,1920,1,0,INTEL HD 520,8,256,0.0,3.66,256,3369.0,864.0,2.5,DUAL-CORE,1.0,DELL INSPIRON,884.99,884.99
248,15630,DELL,DELL INSPIRON I5577-7359,WINDOWS 10,NVIDIA,INTEL,CORE I7,GEFORCE GTX 1050,MATTE,15.6,1920,0,1,NVIDIA GEFORCE GTX 1050,8,128,0.0,5.66,1128,7069.0,5595.0,2.8,QUAD-CORE,1.0,DELL INSPIRON,999.0,1129.0
249,22863,ACER,ACER CHROMEBOOK 11 CB3-132,CHROME OS,INTEL,INTEL,CELERON,HD 400,MATTE,11.6,1366,0,0,INTEL HD 400,4,16,0.0,2.43,16,759.0,329.0,1.6,DUAL-CORE,0.0,ACER CHROMEBOOK,186.94,187.0
250,24016,ACER,ACER ASPIRE 1 A114,WINDOWS 10 S,INTEL,INTEL,CELERON,UHD 600,MATTE,14.0,1920,0,0,INTEL UHD 600,4,64,0.0,3.64,64,1278.0,345.0,1.1,DUAL-CORE,0.0,ACER ASPIRE,246.81,275.99
251,15920,LENOVO,LENOVO FLEX 4 (80SA0004US),WINDOWS 10,INTEL,INTEL,CORE I5,HD 520,GLOSSY,14.0,1920,1,0,INTEL HD 520,8,256,0.0,3.85,256,2989.0,864.0,2.3,DUAL-CORE,1.0,LENOVO FLEX,600.0,600.0
252,23617,HP,HP 15-F271WM,WINDOWS 10 HOME,INTEL,INTEL,PENTIUM,HD,GLOSSY,15.6,1366,0,0,INTEL HD,4,0,0.0,5.05,500,1179.0,10.0,2.16,QUAD-CORE,0.0,HP,329.0,350.0
253,31000,LENOVO,LENOVO THINKPAD E590,WINDOWS 10 PRO,INTEL,INTEL,CORE I5,UHD 620,MATTE,15.6,1920,0,0,INTEL UHD 620,8,256,0.0,4.68,256,6068.0,888.0,1.6,QUAD-CORE,1.0,LENOVO THINKPAD,766.0,766.0
254,30994,MSI,MSI GL73 9SDK,WINDOWS 10 HOME,NVIDIA,INTEL,CORE I7,GEFORCE GTX 1660 TI,MATTE,17.3,1920,0,1,NVIDIA GEFORCE GTX 1660 TI,16,512,0.0,5.95,512,11636.0,12791.0,2.6,HEXA-CORE,1.0,MSI,1299.7,1396.99
255,26801,LENOVO,LENOVO THINKPAD T580,WINDOWS 10 PRO,INTEL,INTEL,CORE I7,UHD 620,MATTE,15.6,1920,1,0,INTEL UHD 620,16,512,0.0,4.29,512,6620.0,888.0,1.9,QUAD-CORE,1.0,LENOVO THINKPAD,1217.32,1529.98
256,28483,HP,HP ENVY X360 15-CP0053CL,WINDOWS 10 HOME,AMD,AMD,RYZEN 5,RADEON VEGA 8,GLOSSY,15.6,1920,1,0,AMD RADEON VEGA 8,8,256,0.0,4.49,256,6317.0,1509.0,2.0,QUAD-CORE,1.0,HP ENVY,659.99,678.0
257,28806,ASUS,ASUS ZENBOOK UX534FT,WINDOWS 10 PRO,NVIDIA,INTEL,CORE I7,GEFORCE GTX 1650 MAX-Q,GLOSSY,15.6,1920,0,1,NVIDIA GEFORCE GTX 1650 MAX-Q,16,1000,0.0,3.68,1000,6777.0,6318.0,1.8,QUAD-CORE,1.0,ASUS ZENBOOK,1399.99,1399.99
258,24844,ASUS,ASUS ZENBOOK UX331UA,WINDOWS 10 HOME,INTEL,INTEL,CORE I7,UHD 620,MATTE,13.3,1920,0,0,INTEL UHD 620,8,256,0.0,2.5,256,6134.0,888.0,1.8,QUAD-CORE,1.0,ASUS ZENBOOK,849.0,849.0
259,28640,LENOVO,LENOVO FLEX 14,WINDOWS 10 HOME,AMD,AMD,RYZEN 5,RADEON VEGA 8,GLOSSY,14.0,1920,1,0,AMD RADEON VEGA 8,12,256,0.0,3.64,256,7248.0,1509.0,2.1,QUAD-CORE,1.0,LENOVO FLEX,528.48,537.95
260,17022,LENOVO,LENOVO THINKPAD T430,WINDOWS 10,INTEL,INTEL,CORE I5,HD 4000,MATTE,14.0,1366,0,0,INTEL HD 4000,8,0,0.0,3.94,320,861.0,329.0,2.6,DUAL-CORE,1.0,LENOVO THINKPAD,196.0,224.95
261,28639,APPLE,APPLE MACBOOK AIR 2019,MACOS MOJAVE,INTEL,INTEL,CORE I5,UHD 617,GLOSSY,13.3,2560,0,0,INTEL UHD 617,8,128,0.0,2.75,128,3296.0,878.0,1.6,DUAL-CORE,1.0,APPLE MACBOOK AIR,899.99,999.99
262,8282,ASUS,ASUS ZENBOOK UX305CA-EHM1,WINDOWS 10,INTEL,INTEL,CORE M3,HD,MATTE,13.3,1920,0,0,INTEL HD,8,256,0.0,2.65,256,1862.0,10.0,0.9,DUAL-CORE,1.0,ASUS ZENBOOK,899.99,999.11
263,19313,ASUS,ASUS CHROMEBOOK FLIP C101PA,CHROME OS,MALI-T860,ROCKCHIP,ROCKCHIP,MP4,GLOSSY,10.1,1280,1,0,MALI-T860 MP4,4,16,0.0,2.0,16,4957.364729458918,3113.8426294820715,1.6,,0.0,ASUS CHROMEBOOK FLIP,230.0,241.0
264,26586,ASUS,ASUS ROG ZEPHYRUS S GX531GW,WINDOWS 10 HOME,NVIDIA,INTEL,CORE I7,GEFORCE RTX 2070 MAX-Q,MATTE,15.6,1920,0,1,NVIDIA GEFORCE RTX 2070 MAX-Q,16,512,0.0,4.63,512,10418.0,11018.0,2.2,HEXA-CORE,1.0,ASUS ROG ZEPHYRUS S,1699.99,1926.26
265,28043,LENOVO,LENOVO IDEAPAD,WINDOWS 10 HOME,AMD,AMD,A9,RADEON R5,MATTE,15.6,1366,0,0,AMD RADEON R5,8,0,0.0,4.85,1000,1687.0,148.0,3.1,DUAL-CORE,0.0,LENOVO IDEAPAD,334.38,335.0
266,11940,HP,HP 15-F222WM,WINDOWS 10,INTEL,INTEL,PENTIUM,HD,GLOSSY,15.6,1366,1,0,INTEL HD,4,0,0.0,4.7,500,1179.0,10.0,2.16,QUAD-CORE,0.0,HP,399.99,420.0
267,24017,ASUS,ASUS ZENBOOK FLIP UX461UN,WINDOWS 10 HOME,NVIDIA,INTEL,CORE I7,GEFORCE MX150,GLOSSY,14.0,1920,1,1,NVIDIA GEFORCE MX150,16,512,0.0,3.3,512,6134.0,2387.0,1.8,QUAD-CORE,1.0,ASUS ZENBOOK FLIP,1299.0,1349.0
268,19846,MICROSOFT,MICROSOFT SURFACE BOOK 2,WINDOWS 10 PRO,NVIDIA,INTEL,CORE I7,GEFORCE GTX 1060,GLOSSY,15.0,3240,1,1,NVIDIA GEFORCE GTX 1060,16,512,1.0,4.2,512,6620.0,10210.0,1.9,QUAD-CORE,1.0,MICROSOFT SURFACE BOOK,2054.45,2329.99
269,30291,ACER,ACER CHROMEBOOK C732,CHROME OS,INTEL,INTEL,CELERON,HD 500,MATTE,11.6,1366,0,0,INTEL HD 500,4,32,0.0,2.98,32,1123.0,317.0,1.1,DUAL-CORE,0.0,ACER CHROMEBOOK,145.99,160.5
270,24840,ASUS,ASUS ZENBOOK UX331UA,WINDOWS 10 HOME,INTEL,INTEL,CORE I5,UHD 620,MATTE,13.3,1920,0,0,INTEL UHD 620,8,256,0.0,2.5,256,6372.0,888.0,1.6,QUAD-CORE,1.0,ASUS ZENBOOK,790.79,829.0
271,22862,HUAWEI,HUAWEI MATEBOOK X PRO,WINDOWS 10 HOME SIGNATURE EDITION,INTEL,INTEL,CORE I5,UHD 620,GLOSSY,13.9,3000,1,0,INTEL UHD 620,8,256,0.0,2.93,256,6372.0,888.0,1.6,QUAD-CORE,1.0,HUAWEI MATEBOOK X PRO,1259.99,1259.99
272,29206,HP,HP OMEN 15-DC1047NR,WINDOWS 10 HOME,NVIDIA,INTEL,CORE I7,GEFORCE RTX 2070,MATTE,15.6,1920,0,1,NVIDIA GEFORCE RTX 2070,32,512,0.0,5.11,512,11636.0,16632.0,2.6,HEXA-CORE,1.0,HP OMEN,1199.99,1599.99
273,24433,ACER,ACER CHROMEBOOK CB3-532,CHROME OS,INTEL,INTEL,CELERON,HD 400,MATTE,15.6,1366,0,0,INTEL HD 400,4,16,0.0,4.3,16,759.0,329.0,1.6,DUAL-CORE,0.0,ACER CHROMEBOOK,200.0,200.98
274,22145,ASUS,ASUS ROG STRIX GL503,WINDOWS 10 HOME,NVIDIA,INTEL,CORE I7,GEFORCE GTX 1050,MATTE,15.6,1920,0,1,NVIDIA GEFORCE GTX 1050,16,256,0.0,5.6,1256,7069.0,5595.0,2.8,QUAD-CORE,1.0,ASUS ROG STRIX,1499.98,1499.98
275,18833,DELL,DELL INSPIRON 5000,WINDOWS 10 HOME,INTEL,INTEL,CORE I5,HD 620,MATTE,15.6,1366,0,0,INTEL HD 620,8,256,0.0,5.2,256,3522.0,888.0,2.5,DUAL-CORE,1.0,DELL INSPIRON,450.0,457.99
276,16473,DELL,DELL LATITUDE (E7470),WINDOWS 10,INTEL,INTEL,CORE I5,HD 520,MATTE,14.0,1920,0,0,INTEL HD 520,8,256,0.0,3.32,256,3368.0,864.0,2.4,DUAL-CORE,1.0,DELL LATITUDE,940.0,949.95
277,29634,RAZER,RAZER BLADE STEALTH 13,WINDOWS 10 HOME,NVIDIA,INTEL,CORE I7,GEFORCE GTX 1650,MATTE,13.3,1920,0,1,NVIDIA GEFORCE GTX 1650,16,512,0.0,3.13,512,8923.0,7868.0,1.3,QUAD-CORE,1.0,RAZER BLADE STEALTH,1499.99,1799.99
278,7418,HP,HP STREAM 11,WINDOWS 10,INTEL,INTEL,CELERON,HD,MATTE,11.6,1366,0,0,INTEL HD,2,32,0.0,2.6,32,4957.364729458918,10.0,2.0455467196819135,,0.0,HP STREAM,164.99,169.99
279,22561,LENOVO,LENOVO IDEAPAD 320,WINDOWS 10 HOME,INTEL,INTEL,CORE I7,UHD 620,MATTE,15.6,1366,1,0,INTEL UHD 620,12,0,0.0,4.84,1000,6134.0,888.0,1.8,QUAD-CORE,1.0,LENOVO IDEAPAD,618.0,630.0
280,25589,DELL,DELL INSPIRON 5000,WINDOWS 10 HOME,INTEL,INTEL,CORE I5,HD 620,GLOSSY,15.6,1920,1,0,INTEL HD 620,12,0,0.0,4.8,1000,6372.0,888.0,1.6,QUAD-CORE,1.0,DELL INSPIRON,616.0,629.0
281,26809,ACER,ACER SWIFT 1 SF113-31,WINDOWS 10 HOME,INTEL,INTEL,PENTIUM,HD 505,MATTE,13.3,1920,0,0,INTEL HD 505,4,64,0.0,2.87,64,2257.0,411.0,1.1,QUAD-CORE,0.0,ACER SWIFT,265.99,265.99
282,26096,RAZER,RAZER BLADE 15,WINDOWS 10 HOME,NVIDIA,INTEL,CORE I7,GEFORCE RTX 2080 MAX-Q,MATTE,15.6,1920,0,1,NVIDIA GEFORCE RTX 2080 MAX-Q,16,512,0.0,4.63,512,10418.0,14482.0,2.2,HEXA-CORE,1.0,RAZER BLADE,2299.99,2499.99
283,30292,APPLE,APPLE MACBOOK AIR 2019,MACOS MOJAVE,INTEL,INTEL,CORE I5,UHD 617,GLOSSY,13.3,2560,0,0,INTEL UHD 617,8,256,0.0,2.75,256,3296.0,878.0,1.6,DUAL-CORE,1.0,APPLE MACBOOK AIR,1099.0,1232.0
284,6685,ALIENWARE,ALIENWARE 17 ANW17-6429SLV,WINDOWS 8.1,NVIDIA,INTEL,CORE I7,GEFORCE GTX 980M,MATTE,17.3,1920,0,1,NVIDIA GEFORCE GTX 980M,16,128,0.0,8.3,1128,5439.0,7779.0,2.5,QUAD-CORE,1.0,ALIENWARE,1899.0,2045.0
285,20958,DELL,DELL INSPIRON,WINDOWS 10 HOME,INTEL,INTEL,CORE I3,HD 620,GLOSSY,15.6,1366,0,0,INTEL HD 620,8,0,0.0,4.85,1000,2806.0,888.0,2.4,DUAL-CORE,1.0,DELL INSPIRON,362.0,389.0
286,29626,APPLE,APPLE MACBOOK AIR 2019,MACOS MOJAVE,INTEL,INTEL,CORE I5,UHD 617,GLOSSY,13.3,2560,0,0,INTEL UHD 617,8,128,0.0,2.75,128,3296.0,878.0,1.6,DUAL-CORE,1.0,APPLE MACBOOK AIR,899.0,899.99
287,11675,LENOVO,LENOVO THINKPAD P50 20EN0013US,WINDOWS 7,NVIDIA,INTEL,CORE I7,QUADRO M1000M,MATTE,15.6,1920,0,1,NVIDIA QUADRO M1000M,8,0,0.0,5.6,500,6661.0,2939.0,2.6,QUAD-CORE,1.0,LENOVO THINKPAD,1419.99,1419.99
288,30754,GOOGLE,GOOGLE PIXELBOOK GO,CHROME OS,INTEL,INTEL,CORE M3,UHD 615,GLOSSY,13.3,1920,1,0,INTEL UHD 615,8,64,0.0,2.3,64,2995.0,835.0,1.1,DUAL-CORE,1.0,GOOGLE PIXELBOOK GO,642.49,649.0
289,26775,HP,HP CHROMEBOOK X2 12-F014DX,CHROME OS,INTEL,INTEL,CORE M3,HD 615,GLOSSY,12.3,2400,1,0,INTEL HD 615,4,32,1.0,3.06,32,2756.0,799.0,1.0,DUAL-CORE,1.0,HP CHROMEBOOK,499.99,541.99
290,20505,HP,HP PAVILION 15-CC563ST,WINDOWS 10 HOME,INTEL,INTEL,CORE I7,HD 620,GLOSSY,15.6,1920,0,0,INTEL HD 620,12,0,0.0,4.19,1000,3500.0,888.0,2.7,DUAL-CORE,1.0,HP PAVILION,749.99,749.99
291,8545,LENOVO,LENOVO FLEX 3,WINDOWS 10,INTEL,INTEL,CELERON,HD,GLOSSY,11.6,1366,1,0,INTEL HD,4,0,0.0,3.0,500,672.0,10.0,1.6,DUAL-CORE,0.0,LENOVO FLEX,360.0,360.0
292,8536,LENOVO,LENOVO THINKPAD YOGA 20D90027US,WINDOWS 10,INTEL,INTEL,CELERON,HD,GLOSSY,11.6,1366,1,0,INTEL HD,4,128,0.0,3.1,128,970.0,10.0,1.83,QUAD-CORE,0.0,LENOVO THINKPAD YOGA,445.0,445.0
293,23417,LENOVO,LENOVO FLEX 11 CHROMEBOOK,CHROME OS,POWERVR,MEDIATEK,MEDIATEK,GX6250,MATTE,11.6,1366,1,0,POWERVR GX6250,4,32,0.0,3.0,32,4957.364729458918,3113.8426294820715,2.1,QUAD-CORE,0.0,LENOVO FLEX,368.0,368.0
294,29628,OTHER,SAGER NP7856,WINDOWS 10 HOME,NVIDIA,INTEL,CORE I7,GEFORCE RTX 2060,MATTE,15.6,1920,0,1,NVIDIA GEFORCE RTX 2060,16,500,0.0,5.0,1500,11636.0,15156.0,2.6,HEXA-CORE,1.0,SAGER,1349.0,1349.0
295,29409,HP,HP 15-BS212WM,WINDOWS 10 HOME,INTEL,INTEL,CELERON,UHD 600,GLOSSY,15.6,1366,0,0,INTEL UHD 600,4,0,0.0,4.5,500,1278.0,345.0,1.1,DUAL-CORE,0.0,HP,194.99,227.98
296,23244,HP,HP ELITEBOOK 745 G5,WINDOWS 10 PRO,AMD,AMD,RYZEN 7,RADEON VEGA 10,MATTE,14.0,1920,0,0,AMD RADEON VEGA 10,8,256,0.0,3.27,256,6903.0,1571.0,2.2,QUAD-CORE,1.0,HP ELITEBOOK,623.65,655.89
297,28982,DELL,DELL INSPIRON 5584,WINDOWS 10 HOME,INTEL,INTEL,CORE I5,UHD 620,GLOSSY,15.6,1920,1,0,INTEL UHD 620,12,0,0.0,4.3,1000,6068.0,888.0,1.6,QUAD-CORE,1.0,DELL INSPIRON,596.0,619.0
298,26137,LENOVO,LENOVO,WINDOWS 10 HOME,INTEL,INTEL,CORE I7,UHD 620,GLOSSY,15.6,1366,1,0,INTEL UHD 620,12,0,0.0,4.83,1000,6134.0,888.0,1.8,QUAD-CORE,1.0,LENOVO,689.0,689.0
299,11092,ACER,ACER ASPIRE ONE CLOUDBOOK AO1-431-C3TM,WINDOWS 10,INTEL,INTEL,CELERON,HD,MATTE,14.0,1366,0,0,INTEL HD,2,32,0.0,3.53,32,672.0,10.0,1.6,DUAL-CORE,0.0,ACER ASPIRE ONE CLOUDBOOK,229.99,229.99
300,11539,LENOVO,LENOVO IDEAPAD 100,WINDOWS 10,INTEL,INTEL,CELERON,HD 400,Unknown,15.6,1366,0,0,INTEL HD 400,4,0,0.0,4.31,500,759.0,329.0,1.6,DUAL-CORE,0.0,LENOVO IDEAPAD,309.99,309.99
301,18512,APPLE,APPLE MACBOOK AIR 2017 (MQD32LL/A),MACOS SIERRA,INTEL,INTEL,CORE I5,HD 6000,GLOSSY,13.3,1440,0,0,INTEL HD 6000,8,128,0.0,2.96,128,2559.0,829.0,1.8,DUAL-CORE,1.0,APPLE MACBOOK AIR,749.99,749.99
302,14445,DELL,DELL INSPIRON 14,WINDOWS 10,INTEL,INTEL,CELERON,HD,GLOSSY,14.0,1366,0,0,INTEL HD,2,32,0.0,3.9,32,672.0,10.0,1.6,DUAL-CORE,0.0,DELL INSPIRON,249.99,249.99
303,27250,LENOVO,LENOVO LEGION Y7000,WINDOWS 10 HOME,NVIDIA,INTEL,CORE I7,GEFORCE GTX 1060,MATTE,15.6,1920,0,1,NVIDIA GEFORCE GTX 1060,16,128,0.0,5.17,1128,10418.0,10210.0,2.2,HEXA-CORE,1.0,LENOVO LEGION,1129.0,1129.0
304,30516,MSI,MSI GF75 THIN 9SC,WINDOWS 10 HOME,NVIDIA,INTEL,CORE I7,GEFORCE GTX 1650,MATTE,17.3,1920,0,1,NVIDIA GEFORCE GTX 1650,16,512,0.0,4.85,512,11636.0,7868.0,2.6,HEXA-CORE,1.0,MSI,899.99,1022.0
305,17746,HP,HP 15,WINDOWS 10,AMD,AMD,A6,RADEON R4,GLOSSY,15.6,1366,0,0,AMD RADEON R4,8,0,0.0,4.74,500,2076.0,346.0,2.0,QUAD-CORE,0.0,HP,499.0,499.0
306,21222,DELL,DELL LATITUDE E7440,WINDOWS 10 PRO,INTEL,INTEL,CORE I5,HD 4400,MATTE,14.0,1366,0,0,INTEL HD 4400,8,128,0.0,3.7,128,2325.0,530.0,1.6,DUAL-CORE,1.0,DELL LATITUDE,226.0,243.0
307,29844,LENOVO,LENOVO 100E CHROMEBOOK (2ND GENERATION),CHROME OS,IMAGINATION,MEDIATEK,MEDIATEK,POWERVR GX6250,MATTE,11.6,1366,0,0,IMAGINATION POWERVR GX6250,4,16,0.0,2.68,16,4957.364729458918,3113.8426294820715,2.1,QUAD-CORE,0.0,LENOVO,119.98,125.9
308,26097,LG,LG GRAM,WINDOWS 10 HOME,INTEL,INTEL,CORE I7,UHD 620,GLOSSY,17.0,2560,0,0,INTEL UHD 620,16,512,0.0,2.95,512,6777.0,888.0,1.8,QUAD-CORE,1.0,LG GRAM,1344.0,1479.0
309,18829,ASUS,ASUS VIVOBOOK F510UA,WINDOWS 10 HOME,INTEL,INTEL,CORE I5,UHD 620,MATTE,15.6,1920,0,0,INTEL UHD 620,8,0,0.0,3.7,1000,6372.0,888.0,1.6,QUAD-CORE,1.0,ASUS VIVOBOOK,799.99,799.99
310,6758,DELL,DELL LATITUDE E6420,Unknown,INTEL,INTEL,CORE I5,HD 3000,MATTE,14.0,1366,0,0,INTEL HD 3000,4,128,0.0,4.56,128,4957.364729458918,258.0,2.0455467196819135,,0.0,DELL LATITUDE,175.99,189.97
311,9938,ASUS,ASUS C300SA,CHROME OS,INTEL,INTEL,CELERON,HD,MATTE,13.3,1366,0,0,INTEL HD,4,16,0.0,2.98,16,759.0,10.0,1.6,DUAL-CORE,0.0,ASUS,229.99,229.99
312,9056,HP,HP CHROMEBOOK 11 G4,CHROME OS,INTEL,INTEL,CELERON,HD,MATTE,11.6,1366,0,0,INTEL HD,2,16,0.0,2.83,16,618.0,10.0,2.16,DUAL-CORE,0.0,HP CHROMEBOOK,178.85,178.85
313,28642,LENOVO,LENOVO IDEAPAD 130S,WINDOWS 10 HOME,INTEL,INTEL,CELERON,UHD 600,MATTE,11.6,1366,0,0,INTEL UHD 600,4,64,0.0,2.54,64,1278.0,345.0,1.1,DUAL-CORE,0.0,LENOVO IDEAPAD,189.05,209.88
314,28975,DELL,DELL CHROMEBOOK,CHROME OS,INTEL,INTEL,CELERON,HD 400,Unknown,11.6,1366,0,0,INTEL HD 400,4,16,0.0,3.09,16,759.0,329.0,1.6,DUAL-CORE,0.0,DELL CHROMEBOOK,140.0,156.99
315,26956,ASUS,ASUS CHROMEBOOK FLIP C434TA,CHROME OS,INTEL,INTEL,CORE M3,UHD 615,GLOSSY,14.0,1920,1,0,INTEL UHD 615,4,64,0.0,3.19,64,2995.0,835.0,1.1,DUAL-CORE,1.0,ASUS CHROMEBOOK FLIP,482.9,489.79
316,29201,ACER,ACER ASPIRE 7 A715-72G,WINDOWS 10 HOME,NVIDIA,INTEL,CORE I7,GEFORCE GTX 1050 TI,MATTE,15.6,1920,0,1,NVIDIA GEFORCE GTX 1050 TI,8,128,0.0,5.29,1128,10418.0,6657.0,2.2,HEXA-CORE,1.0,ACER ASPIRE,834.93,834.95
317,20089,DELL,DELL INSPIRON 7577,WINDOWS 10 HOME,NVIDIA,INTEL,CORE I5,GEFORCE GTX 1060,MATTE,15.6,1920,0,1,NVIDIA GEFORCE GTX 1060,8,128,0.0,6.28,1128,5260.0,10210.0,2.5,QUAD-CORE,0.0,DELL INSPIRON,819.0,909.0
318,29631,OTHER,SAGER NP7876,WINDOWS 10 HOME,NVIDIA,INTEL,CORE I7,GEFORCE RTX 2060,MATTE,17.3,1920,0,1,NVIDIA GEFORCE RTX 2060,32,500,0.0,5.9,1500,11636.0,15156.0,2.6,HEXA-CORE,1.0,SAGER,1399.0,1499.0
319,29403,ASUS,ASUS CHROMEBOOK C425TA,CHROME OS,INTEL,INTEL,CORE M3,UHD 615,MATTE,14.0,1920,0,0,INTEL UHD 615,8,64,0.0,2.93,64,2995.0,835.0,1.1,DUAL-CORE,1.0,ASUS CHROMEBOOK,369.99,429.97
320,20284,DELL,DELL XPS 13 9360,WINDOWS 10 HOME,INTEL,INTEL,CORE I5,HD 620,GLOSSY,13.3,1920,1,0,INTEL HD 620,8,128,0.0,2.9,128,3522.0,888.0,2.5,DUAL-CORE,1.0,DELL XPS,799.0,799.0
321,25061,APPLE,APPLE MACBOOK AIR 2014,OS X MAVERICKS,INTEL,INTEL,CORE I5,HD 5000,GLOSSY,11.6,1366,0,0,INTEL HD 5000,4,128,0.0,2.38,128,2440.0,684.0,1.4,DUAL-CORE,1.0,APPLE MACBOOK AIR,339.99,399.0
322,23606,ACER,ACER NITRO 5,WINDOWS 10 HOME,NVIDIA,INTEL,CORE I5,GEFORCE GTX 1050 TI,MATTE,15.6,1920,0,1,NVIDIA GEFORCE GTX 1050 TI,8,256,0.0,5.95,256,5260.0,6657.0,2.5,QUAD-CORE,0.0,ACER NITRO,705.98,748.0
323,16465,MICROSOFT,MICROSOFT SURFACE PRO (5TH GENERATION),WINDOWS 10,INTEL,INTEL,CORE I5,HD 620,GLOSSY,12.3,2736,1,0,INTEL HD 620,8,256,0.0,1.7,256,3780.0,888.0,2.6,DUAL-CORE,0.0,MICROSOFT SURFACE PRO,734.99,740.0
324,30998,MSI,MSI GF63 THIN 9RCX,WINDOWS 10 HOME,NVIDIA,INTEL,CORE I7,GEFORCE GTX 1050 TI,MATTE,15.6,1920,0,1,NVIDIA GEFORCE GTX 1050 TI,8,256,0.0,4.1,256,11636.0,6657.0,2.6,HEXA-CORE,1.0,MSI,649.0,848.0
325,25262,OTHER,EVOO EV-C-125-3-SL,WINDOWS 10 HOME,INTEL,INTEL,CELERON,HD 4000,Unknown,12.5,1366,0,0,INTEL HD 4000,3,32,0.0,2.42,32,112.0,329.0,1.44,QUAD-CORE,0.0,EVOO,165.05,165.05
326,27417,ASUS,ASUS ROG ZEPHYRUS GX701GW,WINDOWS 10 HOME,NVIDIA,INTEL,CORE I7,GEFORCE RTX 2070,MATTE,17.3,1920,0,1,NVIDIA GEFORCE RTX 2070,16,1000,0.0,5.73,1000,11636.0,16632.0,2.6,HEXA-CORE,1.0,ASUS ROG ZEPHYRUS,2299.97,2499.97
327,17473,HP,HP 15-AY103DX,WINDOWS 10,INTEL,INTEL,CORE I5,HD 620,GLOSSY,15.6,1366,1,0,INTEL HD 620,8,0,0.0,4.73,1000,3522.0,888.0,2.5,DUAL-CORE,1.0,HP,498.56,520.0
328,31197,OTHER,PROSTAR NH58RAQ,WINDOWS 10 HOME,NVIDIA,INTEL,CORE I7,GEFORCE GTX 1650,MATTE,15.6,1920,0,1,NVIDIA GEFORCE GTX 1650,32,500,0.0,4.85,1500,11636.0,7868.0,2.6,HEXA-CORE,1.0,PROSTAR,1319.0,1319.0
329,18832,DELL,DELL INSPIRON I3567,WINDOWS 10 HOME,INTEL,INTEL,CORE I5,HD 620,GLOSSY,15.6,1366,0,0,INTEL HD 620,8,0,0.0,4.95,1000,3522.0,888.0,2.5,DUAL-CORE,1.0,DELL INSPIRON,498.0,498.0
330,28646,DELL,DELL INSPIRON 5570,WINDOWS 10 HOME,INTEL,INTEL,CORE I5,UHD 620,GLOSSY,15.6,1920,1,0,INTEL UHD 620,16,512,0.0,4.8,1512,6372.0,888.0,1.6,QUAD-CORE,1.0,DELL INSPIRON,661.0,675.0
331,22980,MICROSOFT,MICROSOFT SURFACE BOOK,WINDOWS 10 PRO,NVIDIA,INTEL,CORE I7,GEFORCE,GLOSSY,13.5,3000,1,1,NVIDIA GEFORCE,16,1000,1.0,3.34,1000,3807.0,3.0,2.6,DUAL-CORE,1.0,MICROSOFT SURFACE BOOK,1299.81,1300.0
332,19857,HP,HP 15-AY191MS,WINDOWS 10 HOME,INTEL,INTEL,CORE I3,HD 620,GLOSSY,15.6,1366,1,0,INTEL HD 620,8,0,0.0,4.6,1000,2806.0,888.0,2.4,DUAL-CORE,1.0,HP,497.88,519.0
333,20286,MICROSOFT,MICROSOFT SURFACE BOOK,WINDOWS 10 PRO,NVIDIA,INTEL,CORE I7,GEFORCE 940M,GLOSSY,13.5,3000,1,1,NVIDIA GEFORCE 940M,16,1000,0.0,3.34,1000,3807.0,1048.0,2.6,DUAL-CORE,1.0,MICROSOFT SURFACE BOOK,1329.0,1428.81
334,24431,ASUS,ASUS VIVOBOOK S510UA,WINDOWS 10 HOME,INTEL,INTEL,CORE I5,UHD 620,MATTE,15.6,1920,0,0,INTEL UHD 620,8,256,0.0,3.7,256,6372.0,888.0,1.6,QUAD-CORE,1.0,ASUS VIVOBOOK,535.0,588.0
335,25738,DELL,DELL INSPIRON 3567,WINDOWS 10 HOME,INTEL,INTEL,CORE I5,HD 620,GLOSSY,15.6,1366,1,0,INTEL HD 620,8,256,0.0,5.07,256,3522.0,888.0,2.5,DUAL-CORE,1.0,DELL INSPIRON,443.88,444.0
336,26131,MSI,MSI GS63VR STEALTH PRO,WINDOWS 10 HOME,NVIDIA,INTEL,CORE I7,GEFORCE GTX 1060,MATTE,15.6,1920,0,1,NVIDIA GEFORCE GTX 1060,16,256,0.0,3.96,2256,7069.0,10210.0,2.8,QUAD-CORE,1.0,MSI,1999.11,1999.11
337,18660,MICROSOFT,MICROSOFT SURFACE BOOK,WINDOWS 10 PRO,NVIDIA,INTEL,CORE I7,GEFORCE GTX 965M,GLOSSY,13.5,3000,1,1,NVIDIA GEFORCE GTX 965M,8,256,1.0,3.63,256,3807.0,3683.0,2.6,DUAL-CORE,1.0,MICROSOFT SURFACE BOOK,729.0,949.99
338,26964,MICROSOFT,MICROSOFT SURFACE PRO (5TH GENERATION),WINDOWS 10 PRO,INTEL,INTEL,CORE I7,IRIS PLUS 640,GLOSSY,12.3,2736,1,0,INTEL IRIS PLUS 640,16,512,1.0,1.73,512,4565.0,1377.0,2.5,DUAL-CORE,1.0,MICROSOFT SURFACE PRO,975.82,999.66
339,28487,JUMPER,JUMPER EZPAD 6 PRO,WINDOWS 10 HOME,INTEL,INTEL,ATOM,HD 505,GLOSSY,11.6,1920,1,0,INTEL HD 505,6,64,1.0,1.54,64,2049.0,411.0,1.6,QUAD-CORE,0.0,JUMPER EZPAD,249.9,249.9
340,9285,DELL,DELL I3558-9136BLK,WINDOWS 10,INTEL,INTEL,CORE I3,HD 4400,GLOSSY,15.6,1366,1,0,INTEL HD 4400,6,0,0.0,4.85,1000,1936.0,530.0,2.1,DUAL-CORE,1.0,DELL,479.99,479.99
341,20515,ASUS,ASUS Q304UA,WINDOWS 10 HOME,INTEL,INTEL,CORE I5,HD 620,GLOSSY,13.3,1920,1,0,INTEL HD 620,6,0,0.0,3.31,1000,3522.0,888.0,2.5,DUAL-CORE,1.0,ASUS,479.0,479.0
342,3841,ASUS,ASUS X551,WINDOWS 8.1,INTEL,INTEL,CELERON,HD,GLOSSY,15.6,1366,0,0,INTEL HD,4,0,0.0,4.7,500,530.0,10.0,2.16,DUAL-CORE,0.0,ASUS,349.0,349.0
343,9719,LENOVO,LENOVO IDEAPAD 300 80Q70021US,WINDOWS 10,INTEL,INTEL,CORE I5,HD 520,Unknown,15.6,1366,0,0,INTEL HD 520,8,0,0.0,5.06,1000,2989.0,864.0,2.3,DUAL-CORE,1.0,LENOVO IDEAPAD,649.0,649.0
344,14070,MICROSOFT,MICROSOFT SURFACE PRO 3,WINDOWS 8.1,INTEL,INTEL,CORE I7,HD 5000,GLOSSY,12.0,2160,1,0,INTEL HD 5000,8,256,0.0,1.76,256,2380.0,684.0,1.7,DUAL-CORE,1.0,MICROSOFT SURFACE PRO,999.99,999.99
345,24014,ASUS,ASUS ROG STRIX HERO II,WINDOWS 10,NVIDIA,INTEL,CORE I7,GEFORCE GTX 1060,MATTE,15.6,1920,0,1,NVIDIA GEFORCE GTX 1060,16,256,0.0,5.29,1256,10418.0,10210.0,2.2,HEXA-CORE,1.0,ASUS ROG STRIX HERO II,1294.0,1358.0
346,4066,SAMSUNG,"SAMSUNG CHROMEBOOK (WI-FI, 11.6-INCH)",CHROME OS,INTEL,SAMSUNG,EXYNOS,HD,MATTE,11.6,1366,0,0,INTEL HD,2,16,0.0,2.43,16,500.0,10.0,1.7,DUAL-CORE,0.0,"SAMSUNG CHROMEBOOK (WI FI,",69.99,76.0
347,17467,ASUS,ASUS VIVOBOOK (M580VD-EB76),WINDOWS 10,NVIDIA,INTEL,CORE I7,GEFORCE GTX 1050,MATTE,15.6,1920,0,1,NVIDIA GEFORCE GTX 1050,16,256,0.0,5.1,1256,7069.0,5595.0,2.8,QUAD-CORE,1.0,ASUS VIVOBOOK,938.0,938.0
348,6973,DELL,DELL XPS13 WITH MATTE DISPLAY,WINDOWS 8.1,INTEL,INTEL,CORE I5,HD 5500,MATTE,13.3,1920,0,0,INTEL HD 5500,4,128,0.0,2.6,128,2546.0,568.0,2.2,DUAL-CORE,1.0,DELL,849.88,849.88
349,7077,LENOVO,LENOVO G50 80L000ALUS,WINDOWS 8.1,INTEL,INTEL,CORE I3,HD,GLOSSY,15.6,1366,0,0,INTEL HD,4,0,0.0,4.63,1000,1863.0,10.0,1.9,DUAL-CORE,1.0,LENOVO,439.88,439.88
350,25057,ASUS,ASUS VIVOBOOK F510UA,WINDOWS 10 HOME,INTEL,INTEL,CORE I5,HD 620,MATTE,15.6,1920,0,0,INTEL HD 620,8,0,0.0,3.7,1000,3522.0,888.0,2.5,DUAL-CORE,1.0,ASUS VIVOBOOK,589.99,589.99
351,28047,RAZER,RAZER BLADE 15,WINDOWS 10 HOME,NVIDIA,INTEL,CORE I7,GEFORCE RTX 2060,MATTE,15.6,1920,0,1,NVIDIA GEFORCE RTX 2060,16,512,0.0,4.63,512,11636.0,15156.0,2.6,HEXA-CORE,1.0,RAZER BLADE,1799.99,1999.99
352,6345,LENOVO,LENOVO YOGA 2,WINDOWS 8.1,INTEL,INTEL,CORE I5,HD 4200,GLOSSY,11.6,1920,1,0,INTEL HD 4200,4,128,0.0,3.06,128,1373.0,90.0,1.6,DUAL-CORE,1.0,LENOVO YOGA,779.99,779.99
353,20291,DELL,DELL INSPIRON 5570,WINDOWS 10 HOME,INTEL,INTEL,CORE I5,UHD 620,MATTE,17.3,1600,0,0,INTEL UHD 620,8,0,0.0,6.39,1000,6372.0,888.0,1.6,QUAD-CORE,1.0,DELL INSPIRON,769.99,779.99
354,10814,ACER,ACER ASPIRE ES1-572-31KW,WINDOWS 10,INTEL,INTEL,CORE I3,HD 520,GLOSSY,15.6,1366,0,0,INTEL HD 520,4,0,0.0,5.29,1000,2825.0,864.0,2.3,DUAL-CORE,1.0,ACER ASPIRE,449.99,449.99
355,21468,LENOVO,LENOVO IDEAPAD 310,WINDOWS 10 HOME,AMD,AMD,A12,RADEON R7,GLOSSY,15.6,1366,0,0,AMD RADEON R7,8,0,0.0,4.85,1000,2365.0,551.0,2.5,QUAD-CORE,0.0,LENOVO IDEAPAD,412.0,484.0
356,24846,DELL,DELL INSPIRON 3567,WINDOWS 10 HOME,INTEL,INTEL,CORE I3,HD 620,GLOSSY,15.6,1366,0,0,INTEL HD 620,8,0,0.0,5.07,1000,3190.0,888.0,2.7,DUAL-CORE,1.0,DELL INSPIRON,368.0,378.98
357,31193,DELL,DELL INSPIRON 3493,WINDOWS 10 HOME,INTEL,INTEL,CORE I5,IRIS PLUS,MATTE,14.0,1366,0,0,INTEL IRIS PLUS,4,128,0.0,3.77,128,9314.0,1888.0,1.1,QUAD-CORE,1.0,DELL INSPIRON,318.0,328.94
358,22555,RAZER,RAZER BLADE STEALTH,WINDOWS 10 HOME,INTEL,INTEL,CORE I7,UHD 620,GLOSSY,13.3,3200,1,0,INTEL UHD 620,16,256,0.0,2.98,256,6134.0,888.0,1.8,QUAD-CORE,1.0,RAZER BLADE STEALTH,1198.0,1198.0
359,21467,HP,HP,WINDOWS 10 HOME,INTEL,INTEL,CORE I5,UHD 620,GLOSSY,15.6,1366,0,0,INTEL UHD 620,12,0,0.0,4.3,2000,6372.0,888.0,1.6,QUAD-CORE,1.0,HP,545.37,559.0
360,10687,LENOVO,LENOVO IDEAPAD,WINDOWS 10,INTEL,INTEL,CELERON,HD 400,Unknown,15.6,1366,0,0,INTEL HD 400,4,0,0.0,4.85,500,759.0,329.0,1.6,DUAL-CORE,0.0,LENOVO IDEAPAD,259.99,264.99
361,27581,ASUS,ASUS VIVOBOOK FLIP TP401MA,WINDOWS 10 S,INTEL,INTEL,PENTIUM,UHD 605,GLOSSY,14.0,1920,1,0,INTEL UHD 605,4,64,0.0,3.3,64,2801.0,355.0,1.1,QUAD-CORE,0.0,ASUS VIVOBOOK FLIP,409.0,409.0
362,30289,ACER,ACER ASPIRE 5 A515-54G,WINDOWS 10 HOME,NVIDIA,INTEL,CORE I7,GEFORCE MX250,MATTE,15.6,1920,0,1,NVIDIA GEFORCE MX250,12,512,0.0,3.97,512,6777.0,2660.0,1.8,QUAD-CORE,1.0,ACER ASPIRE,738.0,739.0
363,30751,HP,HP 15-DY1751MS,WINDOWS 10 HOME,INTEL,INTEL,CORE I5,UHD,GLOSSY,15.6,1366,1,0,INTEL UHD,16,512,0.0,3.75,512,7773.0,1165.0,1.0,QUAD-CORE,1.0,HP,521.38,528.0
364,29412,DELL,DELL LATITUDE E7470,WINDOWS 10 PRO,INTEL,INTEL,CORE I7,HD 520,MATTE,14.0,1366,0,0,INTEL HD 520,8,256,0.0,3.13,256,3807.0,864.0,2.6,DUAL-CORE,1.0,DELL LATITUDE,379.99,454.0
365,30755,MICROSOFT,MICROSOFT SURFACE LAPTOP 3,WINDOWS 10 HOME,INTEL,INTEL,CORE I5,IRIS PLUS,GLOSSY,13.5,2256,1,0,INTEL IRIS PLUS,8,128,0.0,2.79,128,9026.0,1888.0,1.2,QUAD-CORE,1.0,MICROSOFT SURFACE LAPTOP,798.0,929.0
366,28977,ASUS,ASUS ROG STRIX SCAR III,WINDOWS 10 HOME,NVIDIA,INTEL,CORE I7,GEFORCE RTX 2060,MATTE,15.6,1920,0,1,NVIDIA GEFORCE RTX 2060,16,1000,0.0,5.7,1000,11636.0,15156.0,2.6,HEXA-CORE,1.0,ASUS ROG STRIX SCAR III,1684.03,1798.98
367,7269,HP,HP STREAM 13,WINDOWS 10,INTEL,INTEL,CELERON,HD,MATTE,13.3,1366,0,0,INTEL HD,2,32,0.0,3.42,32,4957.364729458918,10.0,2.0455467196819135,,0.0,HP STREAM,298.0,298.0
368,29847,ACER,ACER CHROMEBOOK 15 CB3-532,CHROME OS,INTEL,INTEL,ATOM,HD,MATTE,15.6,1366,0,0,INTEL HD,4,16,0.0,4.3,16,1196.0,10.0,1.04,QUAD-CORE,0.0,ACER CHROMEBOOK,197.97,197.99
369,10818,HP,HP STREAM 11,WINDOWS 10,INTEL,INTEL,CELERON,HD 400,MATTE,11.6,1366,0,0,INTEL HD 400,4,32,0.0,2.57,32,759.0,329.0,1.6,DUAL-CORE,0.0,HP STREAM,188.38,199.99
370,9181,DELL,DELL INSPIRON I5559-3347SLV,WINDOWS 10,INTEL,INTEL,CORE I5,HD,GLOSSY,15.6,1366,0,0,INTEL HD,8,0,0.0,5.4,1000,2989.0,10.0,2.3,DUAL-CORE,1.0,DELL INSPIRON,545.0,545.0
371,15335,ASUS,ASUS 14 EEEBOOK,WINDOWS 10,INTEL,INTEL,CELERON,HD 400,GLOSSY,14.0,1920,0,0,INTEL HD 400,4,32,0.0,3.2,32,759.0,329.0,1.6,DUAL-CORE,0.0,ASUS,299.0,299.0
372,23619,LENOVO,LENOVO YOGA 730,WINDOWS 10 HOME,INTEL,INTEL,CORE I5,UHD 620,GLOSSY,13.3,1920,1,0,INTEL UHD 620,8,256,0.0,2.62,256,6372.0,888.0,1.6,QUAD-CORE,1.0,LENOVO YOGA,580.0,608.98
373,20745,DELL,DELL INSPIRON 3552,WINDOWS 10 HOME,INTEL,INTEL,CELERON,HD,GLOSSY,15.6,1366,0,0,INTEL HD,4,0,0.0,4.9,500,672.0,10.0,1.6,DUAL-CORE,0.0,DELL INSPIRON,299.0,299.0
374,11676,LENOVO,LENOVO THINKPAD P50 20EN001SUS,WINDOWS 7,NVIDIA,INTEL,XEON,QUADRO M1000M,MATTE,15.6,1920,0,1,NVIDIA QUADRO M1000M,16,256,0.0,5.6,256,4789.0,2939.0,2.8,QUAD-CORE,1.0,LENOVO THINKPAD,2099.5,2099.5
375,27244,ACER,ACER PREDATOR HELIOS 300 PH317-52,WINDOWS 10 HOME,NVIDIA,INTEL,CORE I7,GEFORCE GTX 1060,MATTE,17.3,1920,0,1,NVIDIA GEFORCE GTX 1060,16,256,0.0,6.61,1256,10418.0,10210.0,2.2,HEXA-CORE,1.0,ACER PREDATOR HELIOS,1999.11,1999.11
376,29410,ACER,ACER CHROMEBOOK R11,CHROME OS,INTEL,INTEL,CELERON,HD,GLOSSY,11.6,1366,1,0,INTEL HD,4,32,0.0,2.76,32,1043.0,10.0,1.6,QUAD-CORE,0.0,ACER CHROMEBOOK,256.35,262.98
377,18656,ACER,ACER ASPIRE 1,WINDOWS 10,INTEL,INTEL,CELERON,HD 500,Unknown,14.0,1920,0,0,INTEL HD 500,4,32,0.0,3.64,32,1842.0,317.0,1.1,QUAD-CORE,0.0,ACER ASPIRE,219.99,295.99
378,21472,LENOVO,LENOVO FLEX 5,WINDOWS 10 HOME,INTEL,INTEL,CORE I5,UHD 620,GLOSSY,14.0,1920,1,0,INTEL UHD 620,8,128,0.0,3.85,128,6372.0,888.0,1.6,QUAD-CORE,1.0,LENOVO FLEX,547.0,557.0
379,6771,ACER,ACER ASPIRE E5-571P-55TL,WINDOWS 8.1,INTEL,INTEL,CORE I5,HD 4400,GLOSSY,15.6,1366,1,0,INTEL HD 4400,4,0,0.0,5.95,500,2343.0,530.0,1.7,DUAL-CORE,1.0,ACER ASPIRE,513.7,527.0
380,14447,HP,HP 15-AY191MS,WINDOWS 10,INTEL,INTEL,CORE I3,HD 620,GLOSSY,15.6,1366,1,0,INTEL HD 620,8,0,0.0,4.68,1000,2806.0,888.0,2.4,DUAL-CORE,1.0,HP,529.01,599.99
381,8280,HP,HP PAVILION,WINDOWS 10,INTEL,INTEL,CORE I5,HD 4400,GLOSSY,17.3,1600,0,0,INTEL HD 4400,4,0,0.0,6.17,1000,2343.0,530.0,1.7,DUAL-CORE,1.0,HP PAVILION,649.0,649.0
382,31417,OTHER,SAGER NP7856,WINDOWS 10 HOME,NVIDIA,INTEL,CORE I7,GEFORCE RTX 2060,MATTE,15.6,1920,0,1,NVIDIA GEFORCE RTX 2060,32,1000,0.0,5.0,1000,11636.0,15156.0,2.6,HEXA-CORE,1.0,SAGER,1549.0,1549.0
383,28223,ASUS,ASUS ZENBOOK UX331FA,WINDOWS 10 HOME,INTEL,INTEL,CORE I5,UHD 620,MATTE,13.3,1920,0,0,INTEL UHD 620,8,512,0.0,2.5,512,6068.0,888.0,1.6,QUAD-CORE,1.0,ASUS ZENBOOK,699.97,699.99
384,25935,MICROSOFT,MICROSOFT SURFACE LAPTOP (DAG),WINDOWS 10 S,INTEL,INTEL,CORE I5,HD 620,GLOSSY,13.5,2256,1,0,INTEL HD 620,8,256,0.0,2.76,256,3522.0,888.0,2.5,DUAL-CORE,1.0,MICROSOFT SURFACE LAPTOP (DAG),664.0,668.0
385,11300,APPLE,APPLE MACBOOK AIR 2013,OS X MAVERICKS,INTEL,INTEL,CORE I5,HD 5000,GLOSSY,11.6,1366,0,0,INTEL HD 5000,4,128,0.0,2.5,128,2293.0,684.0,1.3,DUAL-CORE,1.0,APPLE MACBOOK AIR,341.0,358.0
386,7422,HP,HP 250 G3,WINDOWS 8.1,INTEL,INTEL,CORE I3,HD,MATTE,15.6,1366,0,0,INTEL HD,4,0,0.0,4.83,500,1240.0,10.0,1.8,DUAL-CORE,1.0,HP,390.0,390.0
387,9469,DELL,DELL XPS 15,WINDOWS 10,NVIDIA,INTEL,CORE I7,GEFORCE GTX 960M,GLOSSY,15.6,1920,0,1,NVIDIA GEFORCE GTX 960M,8,256,0.0,3.9,256,6661.0,3467.0,2.6,QUAD-CORE,1.0,DELL XPS,1599.33,1599.33
388,20955,SAMSUNG,SAMSUNG CHROMEBOOK 3 (XE500C13-K04US),CHROME OS,INTEL,INTEL,CELERON,HD 400,MATTE,11.6,1366,0,0,INTEL HD 400,4,16,0.0,2.54,16,759.0,329.0,1.6,DUAL-CORE,0.0,SAMSUNG CHROMEBOOK,99.83,108.97
389,20093,ACER,ACER ASPIRE E15,WINDOWS 10 HOME,INTEL,INTEL,CORE I7,HD 620,MATTE,15.6,1920,0,0,INTEL HD 620,8,0,0.0,4.92,1000,3500.0,888.0,2.7,DUAL-CORE,1.0,ACER ASPIRE,573.6,599.99
390,20097,DELL,DELL INSPIRON 7577,WINDOWS 10 HOME,NVIDIA,INTEL,CORE I7,GEFORCE GTX 1060,MATTE,15.6,3840,0,1,NVIDIA GEFORCE GTX 1060,16,128,0.0,6.28,1128,7069.0,10210.0,2.8,QUAD-CORE,1.0,DELL INSPIRON,1199.99,1199.99
391,19304,ASUS,ASUS TRANSFORMER BOOK FLIP TP200SA,WINDOWS 10 HOME,INTEL,INTEL,CELERON,HD 400,GLOSSY,11.6,1366,1,0,INTEL HD 400,4,32,0.0,2.61,32,759.0,329.0,1.6,DUAL-CORE,0.0,ASUS TRANSFORMER BOOK FLIP,299.0,299.0
392,23813,HP,HP OMEN 15-DC0010NR,WINDOWS 10 HOME,NVIDIA,INTEL,CORE I5,GEFORCE GTX 1050 TI,GLOSSY,15.6,1920,0,1,NVIDIA GEFORCE GTX 1050 TI,12,128,0.0,5.38,1128,7584.0,6657.0,2.3,QUAD-CORE,1.0,HP OMEN,869.0,899.99
393,22142,DELL,DELL INSPIRON 5566,WINDOWS 10 PRO,INTEL,INTEL,CORE I5,HD 620,GLOSSY,15.6,1366,0,0,INTEL HD 620,8,256,0.0,4.85,256,3522.0,888.0,2.5,DUAL-CORE,1.0,DELL INSPIRON,515.7,567.99
394,23230,ACER,ACER ASPIRE 3 A315-41,WINDOWS 10 HOME,AMD,AMD,RYZEN 5,RADEON VEGA 8,MATTE,15.6,1920,0,0,AMD RADEON VEGA 8,8,0,0.0,5.07,1000,6317.0,1509.0,2.0,QUAD-CORE,1.0,ACER ASPIRE,449.0,466.0
395,9185,APPLE,APPLE MACBOOK PRO 2012,Unknown,INTEL,INTEL,CORE I5,HD,GLOSSY,13.3,1280,0,0,INTEL HD,4,0,0.0,4.5,500,2503.0,10.0,2.5,DUAL-CORE,1.0,APPLE MACBOOK PRO,348.69,388.71
396,29200,ACER,ACER CHROMEBOOK 11 N7 C731,CHROME OS,INTEL,INTEL,CELERON,HD 400,MATTE,11.6,1366,0,0,INTEL HD 400,4,32,0.0,2.87,32,759.0,329.0,1.6,DUAL-CORE,0.0,ACER CHROMEBOOK,149.99,149.99
397,27880,LENOVO,LENOVO FLEX 14,WINDOWS 10 HOME,AMD,AMD,RYZEN 5,RADEON VEGA 8,GLOSSY,14.0,1920,1,0,AMD RADEON VEGA 8,8,256,0.0,3.64,256,7248.0,1509.0,2.1,QUAD-CORE,1.0,LENOVO FLEX,548.94,552.13
398,22739,MICROSOFT,MICROSOFT SURFACE BOOK,WINDOWS 10 PRO,NVIDIA,INTEL,CORE I7,GEFORCE,GLOSSY,13.5,3000,1,1,NVIDIA GEFORCE,8,256,1.0,3.34,256,3807.0,3.0,2.6,DUAL-CORE,1.0,MICROSOFT SURFACE BOOK,678.0,759.99
399,22139,HP,HP STREAM 14-AX,WINDOWS 10 HOME,INTEL,INTEL,CELERON,HD 400,GLOSSY,14.0,1366,0,0,INTEL HD 400,4,32,0.0,3.17,32,759.0,329.0,1.6,DUAL-CORE,0.0,HP STREAM,159.99,159.99
400,29843,OTHER,PROSTAR NH70RDQ,WINDOWS 10 HOME,NVIDIA,INTEL,CORE I7,GEFORCE RTX 2060,MATTE,17.3,1920,0,1,NVIDIA GEFORCE RTX 2060,32,500,0.0,5.9,2500,11636.0,15156.0,2.6,HEXA-CORE,1.0,PROSTAR,1429.0,1499.0
401,28219,ASUS,ASUS VIVOBOOK F512DA,WINDOWS 10 HOME,AMD,AMD,RYZEN 5,RADEON VEGA 8,MATTE,15.6,1920,0,0,AMD RADEON VEGA 8,8,256,0.0,3.5,256,7248.0,1509.0,2.1,QUAD-CORE,1.0,ASUS VIVOBOOK,472.61,479.99
402,24631,LENOVO,LENOVO THINKPAD X1 CARBON (6TH GENERATION),WINDOWS 10 PRO,INTEL,INTEL,CORE I7,UHD 620,GLOSSY,14.0,2560,0,0,INTEL UHD 620,16,1000,0.0,2.49,1000,6620.0,888.0,1.9,QUAD-CORE,1.0,LENOVO THINKPAD,1649.99,1649.99
403,6628,ASUS,ASUS ZENBOOK UX303LA-DS52T,WINDOWS 8.1,INTEL,INTEL,CORE I5,HD,GLOSSY,13.3,1920,1,0,INTEL HD,8,256,0.0,3.2,256,2546.0,10.0,2.2,DUAL-CORE,1.0,ASUS ZENBOOK,642.0,642.0
404,19844,LENOVO,LENOVO IDEAPAD,WINDOWS 10 HOME,AMD,AMD,A12,RADEON R7,MATTE,15.6,1366,0,0,AMD RADEON R7,8,0,0.0,4.85,1000,2741.0,551.0,2.7,QUAD-CORE,0.0,LENOVO IDEAPAD,430.0,430.0
405,10561,DELL,DELL XPS 9350-5341SLV,WINDOWS 10,INTEL,INTEL,CORE I7,IRIS 540,GLOSSY,13.3,3200,1,0,INTEL IRIS 540,8,256,0.0,2.8,256,3555.0,1251.0,2.2,DUAL-CORE,1.0,DELL XPS,1199.0,1499.44
406,30999,LENOVO,LENOVO THINKPAD E590,WINDOWS 10 PRO,INTEL,INTEL,CORE I5,UHD 620,MATTE,15.6,1920,0,0,INTEL UHD 620,8,256,0.0,4.68,256,6068.0,888.0,1.6,QUAD-CORE,1.0,LENOVO THINKPAD,729.99,775.0
407,16695,APPLE,APPLE MACBOOK AIR 2014,OS X MAVERICKS,INTEL,INTEL,CORE I5,HD 5000,GLOSSY,13.3,1440,0,0,INTEL HD 5000,4,128,0.0,2.94,128,2440.0,684.0,1.4,DUAL-CORE,1.0,APPLE MACBOOK AIR,390.0,465.61
408,26119,MICROSOFT,MICROSOFT SURFACE BOOK 2,WINDOWS 10 PRO,NVIDIA,INTEL,CORE I7,GEFORCE GTX 1050,GLOSSY,13.5,3000,1,1,NVIDIA GEFORCE GTX 1050,16,512,1.0,3.62,512,6620.0,5595.0,1.9,QUAD-CORE,1.0,MICROSOFT SURFACE BOOK,1865.0,1875.0
409,25060,SAMSUNG,SAMSUNG CHROMEBOOK PLUS V2,CHROME OS,INTEL,INTEL,CELERON,HD 615,GLOSSY,12.2,1920,1,0,INTEL HD 615,4,32,0.0,2.98,32,1253.0,799.0,1.5,DUAL-CORE,0.0,SAMSUNG CHROMEBOOK PLUS,349.99,365.0
410,23192,DELL,DELL INSPIRON 5575,WINDOWS 10 HOME,AMD,AMD,RYZEN 5,RADEON VEGA 8,MATTE,15.6,1920,0,0,AMD RADEON VEGA 8,8,0,0.0,4.89,1000,6317.0,1509.0,2.0,QUAD-CORE,1.0,DELL INSPIRON,425.61,425.61
411,29199,MICROSOFT,MICROSOFT SURFACE PRO 7,WINDOWS 10 HOME,INTEL,INTEL,CORE I5,IRIS PLUS,GLOSSY,12.3,2736,1,0,INTEL IRIS PLUS,8,128,1.0,1.7,128,9314.0,1888.0,1.1,QUAD-CORE,1.0,MICROSOFT SURFACE PRO,688.0,749.0
412,21891,LENOVO,LENOVO IDEAPAD 320,WINDOWS 10 HOME,NVIDIA,INTEL,CORE I7,GEFORCE 940MX,MATTE,15.6,1920,0,1,NVIDIA GEFORCE 940MX,12,256,0.0,4.84,256,3500.0,1603.0,2.7,DUAL-CORE,1.0,LENOVO IDEAPAD,1999.11,1999.11
413,30067,OTHER,PROSTAR P950RF,WINDOWS 10 HOME,NVIDIA,INTEL,CORE I7,GEFORCE RTX 2070,MATTE,15.6,1920,0,1,NVIDIA GEFORCE RTX 2070,32,1000,0.0,4.6,2000,11636.0,16632.0,2.6,HEXA-CORE,1.0,PROSTAR,1829.0,1929.0
414,23620,HP,HP OMEN 15-DC0030NR,WINDOWS 10 HOME,NVIDIA,INTEL,CORE I7,GEFORCE GTX 1060,MATTE,15.6,1920,0,1,NVIDIA GEFORCE GTX 1060,16,128,0.0,5.56,1128,10418.0,10210.0,2.2,HEXA-CORE,1.0,HP OMEN,2499.11,2499.11
415,31195,OTHER,PROSTAR NH58RCQ,WINDOWS 10 HOME,NVIDIA,INTEL,CORE I7,GEFORCE GTX 1660 TI,MATTE,15.6,1920,0,1,NVIDIA GEFORCE GTX 1660 TI,16,250,0.0,4.85,1250,11636.0,12791.0,2.6,HEXA-CORE,1.0,PROSTAR,1209.0,1229.0
416,29411,MICROSOFT,MICROSOFT SURFACE BOOK 2,WINDOWS 10 PRO,INTEL,INTEL,CORE I5,HD 620,GLOSSY,13.5,3000,1,0,INTEL HD 620,8,128,1.0,3.38,128,3780.0,888.0,2.6,DUAL-CORE,1.0,MICROSOFT SURFACE BOOK,928.0,959.99
417,28332,ACER,ACER ASPIRE 5 A515-54,WINDOWS 10 S,INTEL,INTEL,CORE I3,UHD 620,MATTE,15.6,1920,0,0,INTEL UHD 620,4,128,0.0,3.97,128,4248.0,888.0,2.1,DUAL-CORE,1.0,ACER ASPIRE,379.99,379.99
418,26142,LENOVO,LENOVO YOGA 720,WINDOWS 10 HOME,NVIDIA,INTEL,CORE I7,GEFORCE GTX 1050,GLOSSY,15.6,3840,1,1,NVIDIA GEFORCE GTX 1050,16,512,0.0,4.41,512,7069.0,5595.0,2.8,QUAD-CORE,1.0,LENOVO YOGA,1048.88,1048.88
419,29203,DELL,DELL XPS 7590,WINDOWS 10 HOME,NVIDIA,INTEL,CORE I7,GEFORCE GTX 1650,GLOSSY,15.6,3840,0,1,NVIDIA GEFORCE GTX 1650,16,1000,0.0,4.5,1000,11636.0,7868.0,2.6,HEXA-CORE,1.0,DELL XPS,1749.97,2099.99
420,22369,ASUS,ASUS TUF GAMING FX504,WINDOWS 10 HOME,NVIDIA,INTEL,CORE I5,GEFORCE GTX 1050,MATTE,15.6,1920,0,1,NVIDIA GEFORCE GTX 1050,8,0,0.0,5.07,1000,7584.0,5595.0,2.3,QUAD-CORE,1.0,ASUS TUF GAMING,699.0,799.99
421,24627,HP,HP OMEN 17-AN120NR,WINDOWS 10 HOME,NVIDIA,INTEL,CORE I7,GEFORCE GTX 1060,MATTE,17.3,1920,0,1,NVIDIA GEFORCE GTX 1060,16,128,0.0,8.33,1128,10418.0,10210.0,2.2,HEXA-CORE,1.0,HP OMEN,1549.0,1549.0
422,30753,OTHER,SAGER NP8957,WINDOWS 10 HOME,NVIDIA,INTEL,CORE I7,GEFORCE RTX 2070,MATTE,15.6,1920,0,1,NVIDIA GEFORCE RTX 2070,16,500,0.0,4.6,1500,11636.0,16632.0,2.6,HEXA-CORE,1.0,SAGER,1549.0,1599.0
423,30996,OTHER,SAGER NP8957,WINDOWS 10 HOME,NVIDIA,INTEL,CORE I7,GEFORCE RTX 2070,MATTE,15.6,1920,0,1,NVIDIA GEFORCE RTX 2070,32,500,0.0,4.6,1500,11636.0,16632.0,2.6,HEXA-CORE,1.0,SAGER,1649.0,1749.0
424,17273,HP,HP PAVILION 15-AU010WM,WINDOWS 10,NVIDIA,INTEL,CORE I7,GEFORCE 940MX,GLOSSY,15.6,1366,0,1,NVIDIA GEFORCE 940MX,12,0,0.0,4.27,1000,3369.0,1603.0,2.5,DUAL-CORE,1.0,HP PAVILION,787.0,787.0
425,22867,HP,HP ELITEBOOK 840 G1,WINDOWS 10 PRO,INTEL,INTEL,CORE I5,HD 4400,MATTE,14.0,1366,0,0,INTEL HD 4400,8,256,0.0,3.5,256,2579.0,530.0,1.9,DUAL-CORE,1.0,HP ELITEBOOK,254.99,276.96
426,18830,DELL,DELL XPS 13,WINDOWS 10 HOME,INTEL,INTEL,CORE I7,IRIS PLUS 640,GLOSSY,13.3,3200,1,0,INTEL IRIS PLUS 640,16,1000,0.0,2.7,1000,4519.0,1377.0,2.4,DUAL-CORE,1.0,DELL XPS,1799.33,1799.33
427,20501,ACER,ACER CHROMEBOOK 15 CB515-1HT,CHROME OS,INTEL,INTEL,PENTIUM,HD 505,GLOSSY,15.6,1920,1,0,INTEL HD 505,4,32,0.0,4.3,32,2257.0,411.0,1.1,QUAD-CORE,0.0,ACER CHROMEBOOK,322.0,325.12
428,11087,HP,HP PAVILION,WINDOWS 10,INTEL,INTEL,CORE I3,HD 520,GLOSSY,15.6,1366,1,0,INTEL HD 520,8,0,0.0,4.68,1000,2825.0,864.0,2.3,DUAL-CORE,1.0,HP PAVILION,399.0,399.0
429,28044,HP,HP PAVILION,WINDOWS 10,AMD,AMD,A6,RADEON R4,GLOSSY,15.6,1366,0,0,AMD RADEON R4,8,0,0.0,4.63,1000,1274.0,346.0,2.6,DUAL-CORE,0.0,HP PAVILION,395.0,408.0
430,6635,DELL,DELL XPS 13 XPS9343-8182SLV,WINDOWS 10,INTEL,INTEL,CORE I7,HD 5500,GLOSSY,13.3,3200,1,0,INTEL HD 5500,8,256,0.0,2.8,256,2715.0,568.0,2.4,DUAL-CORE,1.0,DELL XPS,1499.44,1499.44
431,23121,APPLE,APPLE MACBOOK AIR 2012,MAC OS X LION,INTEL,INTEL,CORE I5,HD 4000,GLOSSY,11.6,1366,0,0,INTEL HD 4000,4,64,0.0,2.38,64,2093.0,329.0,1.7,DUAL-CORE,1.0,APPLE MACBOOK AIR,303.43,399.99
432,28479,APPLE,APPLE MACBOOK PRO 2019,MACOS MOJAVE,INTEL,INTEL,CORE I5,IRIS PLUS 645,GLOSSY,13.3,2560,0,0,INTEL IRIS PLUS 645,8,128,0.0,3.02,128,8395.0,2054.0,1.4,QUAD-CORE,1.0,APPLE MACBOOK PRO,1099.99,1230.08
433,19311,HP,HP PAVILION 17Z,WINDOWS 10 HOME,AMD,AMD,A9,RADEON R5,GLOSSY,17.3,1600,0,0,AMD RADEON R5,4,0,0.0,5.62,1000,1131.0,148.0,3.0,DUAL-CORE,0.0,HP PAVILION,449.99,449.99
434,28480,APPLE,APPLE MACBOOK AIR MJVM2LL/A,OS X YOSEMITE,INTEL,INTEL,CORE I5,HD 6000,GLOSSY,11.6,1366,0,0,INTEL HD 6000,4,128,0.0,2.38,128,2142.0,829.0,1.6,DUAL-CORE,1.0,APPLE MACBOOK AIR,418.0,418.0
435,19617,LENOVO,LENOVO IDEAPAD 320S,WINDOWS 10 HOME,INTEL,INTEL,CORE I5,HD 620,MATTE,14.0,1366,0,0,INTEL HD 620,8,256,0.0,3.74,256,3522.0,888.0,2.5,DUAL-CORE,1.0,LENOVO IDEAPAD,499.0,648.0
436,29848,ASUS,ASUS ROG STRIX G G731GU,WINDOWS 10 HOME,NVIDIA,INTEL,CORE I7,GEFORCE GTX 1660 TI,MATTE,17.3,1920,0,1,NVIDIA GEFORCE GTX 1660 TI,16,512,0.0,6.28,512,11636.0,12791.0,2.6,HEXA-CORE,1.0,ASUS ROG STRIX G,1085.99,1196.99
437,22132,ACER,ACER ASPIRE A515-51G,WINDOWS 10 HOME,NVIDIA,INTEL,CORE I5,GEFORCE MX150,MATTE,15.6,1920,0,1,NVIDIA GEFORCE MX150,8,256,0.0,4.85,256,6372.0,2387.0,1.6,QUAD-CORE,1.0,ACER ASPIRE,583.99,605.99
438,26102,DELL,DELL INSPIRON 3567,WINDOWS 10 HOME,INTEL,INTEL,CORE I3,HD 620,GLOSSY,15.6,1366,1,0,INTEL HD 620,8,128,0.0,5.07,128,3190.0,888.0,2.7,DUAL-CORE,1.0,DELL INSPIRON,313.0,358.0
439,26958,APPLE,APPLE MACBOOK AIR 2015,OS X EL CAPITAN,INTEL,INTEL,CORE I5,HD 6000,GLOSSY,13.3,1440,0,0,INTEL HD 6000,8,128,0.0,2.96,128,2142.0,829.0,1.6,DUAL-CORE,1.0,APPLE MACBOOK AIR,479.0,490.78
440,7870,HP,HP CHROMEBOOK 14-AK060NR,CHROME OS,INTEL,INTEL,CELERON,HD,MATTE,14.0,1920,0,0,INTEL HD,4,16,0.0,3.74,16,4957.364729458918,10.0,2.0455467196819135,,0.0,HP CHROMEBOOK,219.0,246.0
441,19154,DELL,DELL INSPIRON 11 3000 2-IN-1,WINDOWS 10 HOME,INTEL,INTEL,CELERON,HD 400,MATTE,11.6,1366,1,0,INTEL HD 400,4,32,0.0,2.6,32,759.0,329.0,1.6,DUAL-CORE,0.0,DELL INSPIRON,289.0,289.0
442,21462,HP,HP,WINDOWS 10 HOME,AMD,AMD,A12,RADEON R7,GLOSSY,15.6,1366,1,0,AMD RADEON R7,8,0,0.0,4.52,1000,2741.0,551.0,2.7,QUAD-CORE,0.0,HP,528.9,532.39
443,23615,RAZER,RAZER BLADE STEALTH,WINDOWS 10 HOME,INTEL,INTEL,CORE I7,UHD 620,GLOSSY,13.3,3200,1,0,INTEL UHD 620,16,512,0.0,2.98,512,6134.0,888.0,1.8,QUAD-CORE,1.0,RAZER BLADE STEALTH,1799.99,1799.99
444,9591,DELL,DELL INSPIRON,WINDOWS 10,INTEL,INTEL,CORE I7,HD 520,GLOSSY,15.6,1366,0,0,INTEL HD 520,12,0,0.0,4.94,1000,3369.0,864.0,2.5,DUAL-CORE,1.0,DELL INSPIRON,999.11,999.11
445,8468,HP,HP 15-F211WM,WINDOWS 10,INTEL,INTEL,CELERON,HD,GLOSSY,15.6,1366,1,0,INTEL HD,4,0,0.0,5.05,500,618.0,10.0,2.16,DUAL-CORE,0.0,HP,409.98,412.0
446,27735,ACER,ACER ASPIRE A515-54,WINDOWS 10 HOME,INTEL,INTEL,CORE I5,UHD 620,MATTE,15.6,1920,0,0,INTEL UHD 620,8,256,0.0,4.19,256,6068.0,888.0,1.6,QUAD-CORE,1.0,ACER ASPIRE,508.98,523.27
447,25590,ASUS,ASUS ZENBOOK UX433FA,WINDOWS 10 HOME,INTEL,INTEL,CORE I7,UHD 620,GLOSSY,14.0,1920,0,0,INTEL UHD 620,16,512,0.0,2.6,512,6777.0,888.0,1.8,QUAD-CORE,1.0,ASUS ZENBOOK,1099.99,1099.99
448,23812,DELL,DELL INSPIRON 3567,WINDOWS 10 HOME,INTEL,INTEL,CORE I3,HD 620,MATTE,15.6,1366,0,0,INTEL HD 620,4,128,0.0,4.96,128,3190.0,888.0,2.7,DUAL-CORE,1.0,DELL INSPIRON,395.99,395.99
449,26773,MSI,MSI GS65 STEALTH THIN,WINDOWS 10 PRO,NVIDIA,INTEL,CORE I7,GEFORCE GTX 1060,MATTE,15.6,1920,0,1,NVIDIA GEFORCE GTX 1060,16,512,0.0,4.14,512,10418.0,10210.0,2.2,HEXA-CORE,1.0,MSI,2099.0,2099.0
450,26098,ASUS,ASUS ROG STRIX SCAR II GL504GW,WINDOWS 10 HOME,NVIDIA,INTEL,CORE I7,GEFORCE RTX 2070,MATTE,15.6,1920,0,1,NVIDIA GEFORCE RTX 2070,16,512,0.0,5.29,512,10418.0,16632.0,2.2,HEXA-CORE,1.0,ASUS ROG STRIX SCAR II,1689.99,1749.99
451,30758,MSI,MSI GE75 RAIDER,WINDOWS 10 HOME,NVIDIA,INTEL,CORE I7,GEFORCE RTX 2060,MATTE,17.3,1920,0,1,NVIDIA GEFORCE RTX 2060,16,512,0.0,5.75,512,11636.0,15156.0,2.6,HEXA-CORE,1.0,MSI,1699.98,1763.02
452,26780,SAMSUNG,SAMSUNG CHROMEBOOK PLUS V2,CHROME OS,INTEL,INTEL,CORE M3,HD 615,GLOSSY,12.2,1920,1,0,INTEL HD 615,4,64,0.0,2.98,64,2756.0,799.0,1.0,DUAL-CORE,1.0,SAMSUNG CHROMEBOOK PLUS,433.25,458.99
453,30276,APPLE,APPLE MACBOOK PRO 2014,OS X MAVERICKS,NVIDIA,INTEL,CORE I7,GEFORCE GT 750M,GLOSSY,15.4,2880,0,1,NVIDIA GEFORCE GT 750M,16,512,0.0,4.46,512,7462.0,1232.0,2.8,QUAD-CORE,1.0,APPLE MACBOOK PRO,1006.27,1099.0
454,24013,ASUS,ASUS ROG ZEPHYRUS S GX531,WINDOWS 10,NVIDIA,INTEL,CORE I7,GEFORCE GTX 1070,MATTE,15.6,1920,0,1,NVIDIA GEFORCE GTX 1070,16,512,0.0,4.63,512,10418.0,13557.0,2.2,HEXA-CORE,1.0,ASUS ROG ZEPHYRUS S,1568.0,1579.99
455,20281,ALIENWARE,ALIENWARE 15 R3,WINDOWS 10 HOME,NVIDIA,INTEL,CORE I7,GEFORCE GTX 1070,MATTE,15.6,1920,0,1,NVIDIA GEFORCE GTX 1070,16,256,0.0,7.69,1256,7069.0,13557.0,2.8,QUAD-CORE,1.0,ALIENWARE,1299.0,1652.02
456,20743,HP,HP ENVY X360 15M-BQ021DX,WINDOWS 10 HOME,AMD,AMD,FX,RADEON R7,GLOSSY,15.6,1920,1,0,AMD RADEON R7,8,0,0.0,4.74,1000,2256.0,551.0,2.7,QUAD-CORE,0.0,HP ENVY,444.0,459.99
457,23422,DELL,DELL G5 15 5587,WINDOWS 10 HOME SIGNATURE EDITION,NVIDIA,INTEL,CORE I5,GEFOCE GTX 1060,MATTE,15.6,1920,0,1,NVIDIA GEFOCE GTX 1060,8,128,0.0,6.28,1128,7584.0,10210.0,2.3,QUAD-CORE,1.0,DELL,1149.0,1149.0
458,24220,HP,HP 15-BS080WM,WINDOWS 10 HOME,INTEL,INTEL,CORE I7,HD 620,GLOSSY,15.6,1366,1,0,INTEL HD 620,8,0,0.0,4.4,1000,3500.0,888.0,2.7,DUAL-CORE,1.0,HP,589.95,624.99
459,31416,OTHER,ELUKTRONICS MAX-17,WINDOWS 10 HOME,NVIDIA,INTEL,CORE I7,GEFORCE RTX 2070,MATTE,17.3,1920,0,1,NVIDIA GEFORCE RTX 2070,32,1000,0.0,4.71,1000,11636.0,16632.0,2.6,HEXA-CORE,1.0,ELUKTRONICS,2149.0,2149.0
460,27737,SAMSUNG,SAMSUNG CHROMEBOOK PRO,CHROME OS,INTEL,INTEL,CORE M3,HD 515,GLOSSY,12.3,2400,1,0,INTEL HD 515,4,32,0.0,2.4,32,1862.0,688.0,0.9,DUAL-CORE,1.0,SAMSUNG CHROMEBOOK PRO,444.44,489.99
461,28805,ASUS,ASUS TUF GAMING FX505DT,WINDOWS 10 HOME,NVIDIA,AMD,RYZEN 5,GEFORCE GTX 1650,MATTE,15.6,1920,0,1,NVIDIA GEFORCE GTX 1650,8,256,0.0,4.85,256,8163.0,7868.0,2.1,QUAD-CORE,1.0,ASUS TUF GAMING,649.99,649.99
462,25437,MICROSOFT,MICROSOFT SURFACE LAPTOP 2,WINDOWS 10 HOME,INTEL,INTEL,CORE I5,UHD 620,GLOSSY,13.5,2256,1,0,INTEL UHD 620,8,128,0.0,2.76,128,6372.0,888.0,1.6,QUAD-CORE,1.0,MICROSOFT SURFACE LAPTOP,789.0,899.99
463,22744,DELL,DELL INSPIRON 3180,WINDOWS 10 HOME,AMD,AMD,A6,RADEON R4,MATTE,11.6,1366,0,0,AMD RADEON R4,4,32,0.0,2.98,32,1032.0,346.0,1.6,DUAL-CORE,0.0,DELL INSPIRON,165.0,168.88
464,21894,HP,HP 15-BS033CL,WINDOWS 10 HOME,INTEL,INTEL,CORE I3,HD 620,GLOSSY,15.6,1366,1,0,INTEL HD 620,12,0,0.0,4.52,1000,2806.0,888.0,2.4,DUAL-CORE,1.0,HP,574.0,579.0
465,9727,HP,HP SPECTRE X2 12-A008NR,WINDOWS 10,INTEL,INTEL,CORE M3,HD 515,GLOSSY,12.0,1920,1,0,INTEL HD 515,4,128,1.0,2.68,128,1862.0,688.0,0.9,DUAL-CORE,1.0,HP SPECTRE,449.0,449.99
466,20741,ASUS,ASUS ROG ZEPHYRUS GX501,WINDOWS 10 PRO,NVIDIA,INTEL,CORE I7,GEFORCE GTX 1070,MATTE,15.6,1920,0,1,NVIDIA GEFORCE GTX 1070,16,256,0.0,5.0,256,7069.0,13557.0,2.8,QUAD-CORE,1.0,ASUS ROG ZEPHYRUS,1112.57,1950.14
467,29404,DELL,DELL XPS 7590,WINDOWS 10 HOME,NVIDIA,INTEL,CORE I7,GEFORCE GTX 1650,GLOSSY,15.6,3840,0,1,NVIDIA GEFORCE GTX 1650,16,256,0.0,4.4,256,11636.0,7868.0,2.6,HEXA-CORE,1.0,DELL XPS,1589.99,1779.8
468,31422,SAMSUNG,SAMSUNG CHROMEBOOK 4+,CHROME OS,INTEL,INTEL,CELERON,UHD 600,MATTE,15.6,1920,0,0,INTEL UHD 600,6,64,0.0,3.75,64,1278.0,345.0,1.1,DUAL-CORE,0.0,SAMSUNG CHROMEBOOK,265.99,299.99
469,20091,ASUS,ASUS ZENBOOK UX430UA,WINDOWS 10 HOME,INTEL,INTEL,CORE I7,UHD 620,MATTE,14.0,1920,0,0,INTEL UHD 620,16,512,0.0,2.76,512,6134.0,888.0,1.8,QUAD-CORE,1.0,ASUS ZENBOOK,1024.14,1024.14
470,28048,ASUS,ASUS X555QA,WINDOWS 10 HOME,AMD,AMD,A12,RADEON R7,GLOSSY,15.6,1366,0,0,AMD RADEON R7,8,128,0.0,5.07,128,2741.0,551.0,2.7,QUAD-CORE,0.0,ASUS,335.0,339.0
471,9935,HP,HP PAVILION 15-BA079DX,WINDOWS 10,AMD,AMD,A10,RADEON R5,GLOSSY,15.6,1366,1,0,AMD RADEON R5,6,0,0.0,4.72,1000,2426.0,148.0,2.4,QUAD-CORE,0.0,HP PAVILION,421.99,435.82
472,26136,ALIENWARE,ALIENWARE 17 R5,WINDOWS 10 HOME,NVIDIA,INTEL,CORE I7,GEFORCE GTX 1070,MATTE,17.3,1920,0,1,NVIDIA GEFORCE GTX 1070,16,256,0.0,9.74,1256,10418.0,13557.0,2.2,HEXA-CORE,1.0,ALIENWARE,1645.0,1645.0
473,4977,ASUS,ASUS FLIP TP500LA,WINDOWS 8.1,INTEL,INTEL,CORE I7,HD 4400,GLOSSY,15.6,1366,1,0,INTEL HD 4400,8,0,0.0,5.0,1024,2761.0,530.0,2.0,DUAL-CORE,1.0,ASUS FLIP,649.99,649.99
474,30520,JUMPER,JUMPER EZBOOK X3,WINDOWS 10 HOME,INTEL,INTEL,CELERON,HD 500,MATTE,13.3,1920,0,0,INTEL HD 500,6,64,0.0,2.7,64,1123.0,317.0,1.1,DUAL-CORE,0.0,JUMPER EZBOOK,219.0,229.0
475,27887,HP,HP 15-CS0053CL,WINDOWS 10 HOME,INTEL,INTEL,CORE I5,UHD 620,GLOSSY,15.6,1366,1,0,INTEL UHD 620,12,0,0.0,4.23,1000,6372.0,888.0,1.6,QUAD-CORE,1.0,HP,621.0,621.99
476,20742,HP,HP PAVILION 15-CC152OD,WINDOWS 10 HOME,INTEL,INTEL,CORE I5,UHD 620,GLOSSY,15.6,1366,0,0,INTEL UHD 620,8,0,0.0,4.67,1000,6372.0,888.0,1.6,QUAD-CORE,1.0,HP PAVILION,638.0,638.0
477,26366,RAZER,RAZER BLADE STEALTH,WINDOWS 10 HOME,NVIDIA,INTEL,CORE I7,GEFORCE MX150,GLOSSY,13.3,3840,1,1,NVIDIA GEFORCE MX150,16,512,0.0,3.04,512,6777.0,2387.0,1.8,QUAD-CORE,1.0,RAZER BLADE STEALTH,1699.99,1699.99
478,30290,DELL,DELL INSPIRON CHROMEBOOK 11,CHROME OS,INTEL,INTEL,CELERON,HD 400,MATTE,11.6,1366,0,0,INTEL HD 400,4,16,0.0,3.09,16,759.0,329.0,1.6,DUAL-CORE,0.0,DELL INSPIRON CHROMEBOOK,164.0,166.99
479,19849,LENOVO,LENOVO IDEAPAD 110-15ACL,WINDOWS 10 HOME,AMD,AMD,A6,RADEON R4,GLOSSY,15.6,1366,0,0,AMD RADEON R4,4,0,0.0,4.85,500,2076.0,346.0,2.0,QUAD-CORE,0.0,LENOVO IDEAPAD,249.99,285.0
480,23196,DELL,DELL INSPIRON 7375,WINDOWS 10 HOME,AMD,AMD,RYZEN 7,RADEON VEGA 10,GLOSSY,13.3,1920,1,0,AMD RADEON VEGA 10,12,256,0.0,3.86,256,6903.0,1571.0,2.2,QUAD-CORE,1.0,DELL INSPIRON,512.99,517.99
481,31418,OTHER,PROSTAR P970RF,WINDOWS 10 HOME,NVIDIA,INTEL,CORE I7,GEFORCE RTX 2070,MATTE,17.3,1920,0,1,NVIDIA GEFORCE RTX 2070,32,500,0.0,5.51,1500,11636.0,16632.0,2.6,HEXA-CORE,1.0,PROSTAR,1809.0,1809.0
482,20503,DELL,DELL INSPIRON 5379,WINDOWS 10 HOME,INTEL,INTEL,CORE I7,UHD 620,GLOSSY,13.3,1920,1,0,INTEL UHD 620,8,256,0.0,3.72,256,6134.0,888.0,1.8,QUAD-CORE,1.0,DELL INSPIRON,829.99,844.97
483,22137,DELL,DELL INSPIRON 3565,WINDOWS 10 HOME,AMD,AMD,A6,RADEON R4,GLOSSY,15.6,1366,0,0,AMD RADEON R4,4,0,0.0,5.07,500,1032.0,346.0,2.5,DUAL-CORE,0.0,DELL INSPIRON,287.97,298.95
484,10371,LENOVO,LENOVO YOGA 710,WINDOWS 10,INTEL,INTEL,CORE I5,HD 520,GLOSSY,15.6,1920,1,0,INTEL HD 520,8,256,0.0,4.19,256,2989.0,864.0,2.3,DUAL-CORE,1.0,LENOVO YOGA,549.0,549.0
485,21204,APPLE,APPLE MACBOOK PRO 2017,MACOS HIGH SIERRA,INTEL,INTEL,CORE I5,IRIS PLUS 640,GLOSSY,13.3,2560,0,0,INTEL IRIS PLUS 640,8,128,0.0,3.02,128,4675.0,1377.0,2.3,DUAL-CORE,1.0,APPLE MACBOOK PRO,1169.0,1299.0
486,15328,HP,HP 15,WINDOWS 10,INTEL,INTEL,PENTIUM,HD,GLOSSY,15.6,1366,1,0,INTEL HD,4,0,0.0,5.05,500,1179.0,10.0,2.16,QUAD-CORE,0.0,HP,344.0,344.0
487,27578,RAZER,RAZER BLADE 15,WINDOWS 10 HOME,NVIDIA,INTEL,CORE I7,GEFORCE RTX 2080 MAX-Q,MATTE,15.6,1920,0,1,NVIDIA GEFORCE RTX 2080 MAX-Q,16,512,0.0,4.74,512,11636.0,14482.0,2.6,HEXA-CORE,1.0,RAZER BLADE,2693.39,2699.99
488,24628,ACER,ACER CHROMEBOOK C720,CHROME OS,INTEL,INTEL,CELERON,HD,GLOSSY,11.6,1366,1,0,INTEL HD,4,16,0.0,2.98,16,849.0,10.0,1.4,DUAL-CORE,0.0,ACER CHROMEBOOK,84.99,90.9
489,10824,ASUS,ASUS Q304UA-BBI5T10,WINDOWS 10,INTEL,INTEL,CORE I5,HD 520,GLOSSY,13.3,1920,1,0,INTEL HD 520,6,0,0.0,3.31,1000,2989.0,864.0,2.3,DUAL-CORE,1.0,ASUS,502.59,502.59
490,6267,MICROSOFT,MICROSOFT SURFACE 3,WINDOWS 8.1,Unknown,INTEL,ATOM,No GPU,Unknown,10.8,1920,1,0,,2,64,1.0,1.37,64,1348.0,3113.8426294820715,1.6,QUAD-CORE,0.0,MICROSOFT SURFACE,429.99,429.99
491,10549,LENOVO,LENOVO,WINDOWS 10,INTEL,INTEL,CELERON,HD 400,Unknown,15.6,1366,0,0,INTEL HD 400,4,0,0.0,4.31,500,759.0,329.0,2.16,DUAL-CORE,0.0,LENOVO,287.9,287.9
492,10944,LENOVO,LENOVO N22,WINDOWS 10,INTEL,INTEL,CELERON,HD,MATTE,11.6,1366,0,0,INTEL HD,4,64,0.0,2.8,64,672.0,10.0,1.6,DUAL-CORE,0.0,LENOVO,348.9,348.9
493,28045,HP,HP PAVILION,WINDOWS 10 HOME,INTEL,INTEL,CORE I5,UHD 620,GLOSSY,17.3,1600,0,0,INTEL UHD 620,8,0,0.0,4.19792490118577,2000,6372.0,888.0,1.6,QUAD-CORE,1.0,HP PAVILION,749.0,779.0
494,29207,MSI,MSI GF63 THIN 9SCX,WINDOWS 10 HOME,NVIDIA,INTEL,CORE I5,GEFORCE GTX 1050 TI,MATTE,15.6,1920,0,1,NVIDIA GEFORCE GTX 1050 TI,8,512,0.0,4.1,512,8167.0,6657.0,2.4,QUAD-CORE,1.0,MSI,689.0,829.99
495,26804,ASUS,ASUS TUF GAMING FX505DY,WINDOWS 10 HOME,AMD,AMD,RYZEN 5,RADEON RX 560X,MATTE,15.6,1920,0,1,AMD RADEON RX 560X,8,256,0.0,4.85,256,8163.0,3520.0,2.1,QUAD-CORE,1.0,ASUS TUF GAMING,669.0,689.99
496,23602,GOOGLE,GOOGLE PIXELBOOK,CHROME OS,INTEL,INTEL,CORE I5,HD 615,GLOSSY,12.3,2400,1,0,INTEL HD 615,8,128,0.0,2.4,128,2958.0,799.0,1.2,DUAL-CORE,1.0,GOOGLE PIXELBOOK,860.0,875.0
497,30070,LG,LG GRAM,WINDOWS 10 HOME,INTEL,INTEL,CORE I7,UHD 620,GLOSSY,17.0,2560,0,0,INTEL UHD 620,16,1000,0.0,2.95,1000,6777.0,888.0,1.8,QUAD-CORE,1.0,LG GRAM,1496.99,1599.0
498,31420,LENOVO,LENOVO THINKPAD T480S,WINDOWS 10 PRO,INTEL,INTEL,CORE I5,UHD 620,MATTE,14.0,1920,0,0,INTEL UHD 620,16,256,0.0,2.9,256,6987.0,888.0,1.7,QUAD-CORE,1.0,LENOVO THINKPAD,829.95,829.95
499,21463,DELL,DELL LATITUDE E6430,WINDOWS 10 PRO,INTEL,INTEL,CORE I5,HD 4000,MATTE,14.0,1366,0,0,INTEL HD 4000,8,0,0.0,4.44,320,861.0,329.0,2.6,DUAL-CORE,1.0,DELL LATITUDE,179.68,214.99
500,27575,DELL,DELL INSPIRON 5481,WINDOWS 10 HOME,INTEL,INTEL,CORE I3,UHD 620,GLOSSY,14.0,1366,1,0,INTEL UHD 620,4,128,0.0,3.84,128,4248.0,888.0,2.1,DUAL-CORE,1.0,DELL INSPIRON,322.98,329.99
501,23117,DELL,DELL XPS 13 9370,WINDOWS 10 HOME,INTEL,INTEL,CORE I7,UHD 620,GLOSSY,13.3,3840,1,0,INTEL UHD 620,16,1000,0.0,2.67,1000,6134.0,888.0,1.8,QUAD-CORE,1.0,DELL XPS,1577.94,1799.33
502,11301,ASUS,ASUS VIVOBOOK,WINDOWS 10,INTEL,INTEL,PENTIUM,HD,GLOSSY,15.6,1366,0,0,INTEL HD,4,0,0.0,4.41,500,1243.0,10.0,1.6,QUAD-CORE,0.0,ASUS VIVOBOOK,335.0,338.87
503,30512,OTHER,SAGER NP7876,WINDOWS 10 HOME,NVIDIA,INTEL,CORE I7,GEFORCE RTX 2060,MATTE,17.3,1920,0,1,NVIDIA GEFORCE RTX 2060,16,500,0.0,5.9,500,11636.0,15156.0,2.6,HEXA-CORE,1.0,SAGER,1299.0,1349.0
504,20733,LENOVO,LENOVO IDEAPAD 320,WINDOWS 10 HOME,INTEL,INTEL,CELERON,HD 500,MATTE,15.6,1366,0,0,INTEL HD 500,4,0,0.0,4.85,1000,1123.0,317.0,1.1,DUAL-CORE,0.0,LENOVO IDEAPAD,299.99,342.0
505,3897,DELL,DELL INSPIRON I3542-5000BK,WINDOWS 8.1,INTEL,INTEL,CORE I3,HD 4400,GLOSSY,15.6,1366,1,0,INTEL HD 4400,4,0,0.0,6.0,500,1863.0,530.0,1.9,DUAL-CORE,1.0,DELL INSPIRON,383.51,383.51
506,19301,ASUS,ASUS ROG GL702VS,WINDOWS 10 HOME,NVIDIA,INTEL,CORE I7,GEFORCE GTX 1070,MATTE,17.3,1920,0,1,NVIDIA GEFORCE GTX 1070,12,128,0.0,6.39,1128,7069.0,13557.0,2.8,QUAD-CORE,1.0,ASUS ROG,1899.99,1899.99
507,22738,ASUS,ASUS VIVOBOOK F510UA,WINDOWS 10 HOME,INTEL,INTEL,CORE I5,UHD 620,MATTE,15.6,1920,0,0,INTEL UHD 620,8,128,0.0,3.7,1128,6372.0,888.0,1.6,QUAD-CORE,1.0,ASUS VIVOBOOK,499.99,669.97
508,16468,HP,HP 17-X116DX,WINDOWS 10,INTEL,INTEL,CORE I5,HD 620,GLOSSY,17.3,1600,0,0,INTEL HD 620,8,0,0.0,5.84,1000,3522.0,888.0,2.5,DUAL-CORE,1.0,HP,548.29,548.29
509,29633,OTHER,PROSTAR P950RF,WINDOWS 10 HOME,NVIDIA,INTEL,CORE I7,GEFORCE RTX 2070,MATTE,15.6,1920,0,1,NVIDIA GEFORCE RTX 2070,32,500,0.0,4.6,1500,11636.0,16632.0,2.6,HEXA-CORE,1.0,PROSTAR,1659.0,1699.0
