,cpu_core,brand,cpu_brand,gpu_brand,gpu,cpu_type_name,screen_surface,touchscreen,discrete_gpu,detachable_keyboard,threading,id,screen_size,ram,ssd,storage,weight,cpu_GHZ,pixels_x,cpu_benchmark,gpu_benchmark,min_price,max_price
23,DUAL-CORE,APPLE,INTEL,INTEL,INTEL HD 6000,CORE I5,GLOSSY,0,0,0.0,1.0,19855,11.6,4,128,128,2.38,1.6,1366,2142.0,829.0,380.44,405.82
231,HEXA-CORE,ASUS,INTEL,NVIDIA,NVIDIA GEFORCE GTX 1080,CORE I7,MATTE,0,1,0.0,1.0,22136,15.6,16,512,512,5.0,2.2,1920,10418.0,14716.0,1479.0,1489.0
265,DUAL-CORE,LENOVO,AMD,AMD,AMD RADEON R5,A9,MATTE,0,0,0.0,0.0,28043,15.6,8,0,1000,4.85,3.1,1366,1687.0,148.0,334.38,335.0
208,DUAL-CORE,ACER,INTEL,INTEL,INTEL HD 400,CELERON,GLOSSY,1,0,0.0,0.0,28215,11.6,4,32,32,2.76,1.6,1366,759.0,329.0,199.99,214.9
5,DUAL-CORE,HP,INTEL,INTEL,INTEL HD 400,CELERON,GLOSSY,1,0,0.0,0.0,21209,11.6,4,16,16,2.6,1.6,1366,759.0,329.0,172.0,172.0
116,DUAL-CORE,HP,INTEL,INTEL,INTEL UHD 600,CELERON,MATTE,0,0,0.0,0.0,25739,11.6,4,32,32,2.57,1.1,1366,1278.0,345.0,161.99,174.0
45,HEXA-CORE,MSI,INTEL,NVIDIA,NVIDIA GEFORCE GTX 1070,CORE I7,MATTE,0,1,0.0,1.0,22746,17.3,16,256,1256,5.95,2.2,1920,10418.0,13557.0,1649.0,1649.0
394,QUAD-CORE,ACER,AMD,AMD,AMD RADEON VEGA 8,RYZEN 5,MATTE,0,0,0.0,1.0,23230,15.6,8,0,1000,5.07,2.0,1920,6317.0,1509.0,449.0,466.0
16,HEXA-CORE,MSI,INTEL,NVIDIA,NVIDIA GEFORCE GTX 1650,CORE I7,MATTE,0,1,0.0,1.0,28803,15.6,8,256,256,5.07,2.2,1920,10418.0,7868.0,839.0,896.48
472,HEXA-CORE,ALIENWARE,INTEL,NVIDIA,NVIDIA GEFORCE GTX 1070,CORE I7,MATTE,0,1,0.0,1.0,26136,17.3,16,256,1256,9.74,2.2,1920,10418.0,13557.0,1645.0,1645.0
461,QUAD-CORE,ASUS,AMD,NVIDIA,NVIDIA GEFORCE GTX 1650,RYZEN 5,MATTE,0,1,0.0,1.0,28805,15.6,8,256,256,4.85,2.1,1920,8163.0,7868.0,649.99,649.99
3,DUAL-CORE,ACER,INTEL,INTEL,INTEL UHD 620,CORE I3,MATTE,0,0,0.0,1.0,22367,15.6,6,0,1000,5.3,2.2,1920,3676.0,888.0,375.0,449.0
227,DUAL-CORE,SAMSUNG,INTEL,INTEL,INTEL HD,CELERON,MATTE,0,0,0.0,0.0,8682,11.6,4,16,16,2.54,1.6,1366,672.0,10.0,138.0,145.97
482,QUAD-CORE,DELL,INTEL,INTEL,INTEL UHD 620,CORE I7,GLOSSY,1,0,0.0,1.0,20503,13.3,8,256,256,3.72,1.8,1920,6134.0,888.0,829.99,844.97
60,QUAD-CORE,HP,INTEL,INTEL,INTEL UHD 605,PENTIUM,GLOSSY,1,0,0.0,0.0,28330,15.6,8,0,1000,4.3,1.1,1366,2801.0,355.0,379.0,407.98
110,QUAD-CORE,HUAWEI,INTEL,NVIDIA,NVIDIA GEFORCE MX150,CORE I7,GLOSSY,1,1,0.0,1.0,27582,13.9,16,512,512,2.93,1.8,3000,6134.0,2387.0,1299.99,1399.0
324,HEXA-CORE,MSI,INTEL,NVIDIA,NVIDIA GEFORCE GTX 1050 TI,CORE I7,MATTE,0,1,0.0,1.0,30998,15.6,8,256,256,4.1,2.6,1920,11636.0,6657.0,649.0,848.0
297,QUAD-CORE,DELL,INTEL,INTEL,INTEL UHD 620,CORE I5,GLOSSY,1,0,0.0,1.0,28982,15.6,12,0,1000,4.3,1.6,1920,6068.0,888.0,596.0,619.0
29,DUAL-CORE,SAMSUNG,INTEL,INTEL,INTEL HD 520,CORE I7,MATTE,0,0,0.0,1.0,12778,15.0,8,256,256,2.9,2.5,1920,3369.0,864.0,722.0,722.0
192,QUAD-CORE,TOSHIBA,INTEL,INTEL,INTEL HD,PENTIUM,GLOSSY,1,0,0.0,0.0,10690,11.6,4,0,500,2.9,1.6,1366,1243.0,10.0,527.0,527.0
464,DUAL-CORE,HP,INTEL,INTEL,INTEL HD 620,CORE I3,GLOSSY,1,0,0.0,1.0,21894,15.6,12,0,1000,4.52,2.4,1366,2806.0,888.0,574.0,579.0
26,QUAD-CORE,HP,AMD,AMD,AMD RADEON R5,A8,GLOSSY,0,0,0.0,0.0,6768,15.6,4,0,750,4.8,2.0,1366,2341.0,148.0,449.99,449.99
7,HEXA-CORE,ASUS,INTEL,NVIDIA,NVIDIA GEFORCE GTX 1070,CORE I7,MATTE,0,1,0.0,1.0,22373,17.3,16,256,1256,6.5,2.2,1920,10418.0,13557.0,1646.99,1646.99
462,QUAD-CORE,MICROSOFT,INTEL,INTEL,INTEL UHD 620,CORE I5,GLOSSY,1,0,0.0,1.0,25437,13.5,8,128,128,2.76,1.6,2256,6372.0,888.0,789.0,899.99
108,,DELL,INTEL,INTEL,INTEL HD 5500,CORE I5,GLOSSY,1,0,0.0,0.0,6641,15.6,8,0,1000,5.7,2.0455467196819135,1366,4957.364729458918,568.0,639.99,689.99
37,DUAL-CORE,HP,INTEL,NVIDIA,NVIDIA GEFORCE 940MX,CORE I7,GLOSSY,1,1,0.0,1.0,17020,15.6,16,512,512,4.42,2.7,3840,3500.0,1603.0,1499.77,1499.77
157,QUAD-CORE,MICROSOFT,INTEL,INTEL,INTEL IRIS PLUS,CORE I7,GLOSSY,1,0,1.0,1.0,30756,12.3,16,512,512,1.74,1.3,2736,8923.0,1888.0,1629.99,1818.97
476,QUAD-CORE,HP,INTEL,INTEL,INTEL UHD 620,CORE I5,GLOSSY,0,0,0.0,1.0,20742,15.6,8,0,1000,4.67,1.6,1366,6372.0,888.0,638.0,638.0
118,QUAD-CORE,HP,INTEL,NVIDIA,NVIDIA GEFORCE MX250,CORE I7,GLOSSY,1,1,0.0,1.0,27577,13.3,16,512,512,2.82,1.8,3840,6777.0,2660.0,1079.99,1140.32
114,QUAD-CORE,DELL,INTEL,NVIDIA,NVIDIA GEFORCE GTX 960M,CORE I7,MATTE,0,1,0.0,1.0,10822,15.6,16,0,1000,5.68,2.6,1920,6661.0,3467.0,999.0,999.0
175,QUAD-CORE,LG,INTEL,INTEL,INTEL UHD 620,CORE I5,GLOSSY,0,0,0.0,1.0,22371,15.6,8,256,256,2.41,1.6,1920,6372.0,888.0,967.98,968.0
194,QUAD-CORE,HP,AMD,AMD,AMD RADEON VEGA 6,RYZEN 3,MATTE,0,0,0.0,0.0,23243,14.0,8,128,128,3.37,2.0,1920,5745.0,1553.0,549.0,549.0
318,HEXA-CORE,OTHER,INTEL,NVIDIA,NVIDIA GEFORCE RTX 2060,CORE I7,MATTE,0,1,0.0,1.0,29631,17.3,32,500,1500,5.9,2.6,1920,11636.0,15156.0,1399.0,1499.0
144,QUAD-CORE,ACER,INTEL,NVIDIA,NVIDIA GEFORCE GTX 1050 TI,CORE I5,MATTE,0,1,0.0,1.0,28484,15.6,8,256,256,5.95,2.3,1920,7584.0,6657.0,674.7,674.9
376,QUAD-CORE,ACER,INTEL,INTEL,INTEL HD,CELERON,GLOSSY,1,0,0.0,0.0,29410,11.6,4,32,32,2.76,1.6,1366,1043.0,10.0,256.35,262.98
429,DUAL-CORE,HP,AMD,AMD,AMD RADEON R4,A6,GLOSSY,0,0,0.0,0.0,28044,15.6,8,0,1000,4.63,2.6,1366,1274.0,346.0,395.0,408.0
204,QUAD-CORE,ASUS,INTEL,INTEL,INTEL UHD 620,CORE I7,GLOSSY,0,0,0.0,1.0,20737,14.0,16,512,512,2.4,1.8,1920,6134.0,888.0,999.99,1098.98
321,DUAL-CORE,APPLE,INTEL,INTEL,INTEL HD 5000,CORE I5,GLOSSY,0,0,0.0,1.0,25061,11.6,4,128,128,2.38,1.4,1366,2440.0,684.0,339.99,399.0
362,QUAD-CORE,ACER,INTEL,NVIDIA,NVIDIA GEFORCE MX250,CORE I7,MATTE,0,1,0.0,1.0,30289,15.6,12,512,512,3.97,1.8,1920,6777.0,2660.0,738.0,739.0
454,HEXA-CORE,ASUS,INTEL,NVIDIA,NVIDIA GEFORCE GTX 1070,CORE I7,MATTE,0,1,0.0,1.0,24013,15.6,16,512,512,4.63,2.2,1920,10418.0,13557.0,1568.0,1579.99
141,DUAL-CORE,HP,AMD,AMD,AMD RADEON R4,A6,GLOSSY,0,0,0.0,0.0,28645,15.6,4,0,1000,4.61,2.6,1366,1274.0,346.0,379.99,388.56
494,QUAD-CORE,MSI,INTEL,NVIDIA,NVIDIA GEFORCE GTX 1050 TI,CORE I5,MATTE,0,1,0.0,1.0,29207,15.6,8,512,512,4.1,2.4,1920,8167.0,6657.0,689.0,829.99
67,DUAL-CORE,DELL,INTEL,INTEL,INTEL HD 400,CELERON,GLOSSY,0,0,0.0,0.0,22138,15.6,4,0,500,5.07,1.6,1366,759.0,329.0,378.99,379.0
261,DUAL-CORE,APPLE,INTEL,INTEL,INTEL UHD 617,CORE I5,GLOSSY,0,0,0.0,1.0,28639,13.3,8,128,128,2.75,1.6,2560,3296.0,878.0,899.99,999.99
168,DUAL-CORE,ASUS,INTEL,INTEL,INTEL HD 500,CELERON,MATTE,0,0,0.0,0.0,25591,11.6,4,32,32,2.2,1.1,1366,1123.0,317.0,161.99,178.4
503,HEXA-CORE,OTHER,INTEL,NVIDIA,NVIDIA GEFORCE RTX 2060,CORE I7,MATTE,0,1,0.0,1.0,30512,17.3,16,500,500,5.9,2.6,1920,11636.0,15156.0,1299.0,1349.0
383,QUAD-CORE,ASUS,INTEL,INTEL,INTEL UHD 620,CORE I5,MATTE,0,0,0.0,1.0,28223,13.3,8,512,512,2.5,1.6,1920,6068.0,888.0,699.97,699.99
245,DUAL-CORE,DELL,INTEL,INTEL,INTEL HD,CORE I3,GLOSSY,0,0,0.0,1.0,7497,15.6,6,0,1000,5.3,2.1,1366,1936.0,10.0,399.0,399.0
193,DUAL-CORE,ASUS,INTEL,INTEL,INTEL UHD 620,CORE I3,MATTE,0,0,0.0,1.0,28334,15.6,8,128,128,3.5,2.1,1920,4248.0,888.0,363.53,391.49
255,QUAD-CORE,LENOVO,INTEL,INTEL,INTEL UHD 620,CORE I7,MATTE,1,0,0.0,1.0,26801,15.6,16,512,512,4.29,1.9,1920,6620.0,888.0,1217.32,1529.98
109,DUAL-CORE,HP,INTEL,INTEL,INTEL HD,CELERON,MATTE,0,0,0.0,0.0,11525,14.0,4,16,16,3.78,2.16,1366,618.0,10.0,249.99,249.99
487,HEXA-CORE,RAZER,INTEL,NVIDIA,NVIDIA GEFORCE RTX 2080 MAX-Q,CORE I7,MATTE,0,1,0.0,1.0,27578,15.6,16,512,512,4.74,2.6,1920,11636.0,14482.0,2693.39,2699.99
145,QUAD-CORE,ASUS,INTEL,NVIDIA,NVIDIA GEFORCE MX150,CORE I7,MATTE,0,1,0.0,1.0,21210,15.6,8,256,1256,3.3,1.8,1920,6134.0,2387.0,929.0,929.0
92,QUAD-CORE,HP,INTEL,INTEL,INTEL UHD 605,PENTIUM,GLOSSY,1,0,0.0,0.0,28981,15.6,4,0,500,4.49,1.1,1366,2801.0,355.0,242.99,249.28
152,DUAL-CORE,ASUS,INTEL,INTEL,INTEL HD 620,CORE I5,GLOSSY,1,0,0.0,1.0,21217,15.6,12,0,1000,5.07,2.5,1920,3522.0,888.0,568.35,589.0
228,QUAD-CORE,ASUS,INTEL,INTEL,INTEL UHD 620,CORE I7,GLOSSY,0,0,0.0,1.0,27242,14.0,8,512,512,3.19,1.8,1920,6777.0,888.0,799.99,890.67
416,DUAL-CORE,MICROSOFT,INTEL,INTEL,INTEL HD 620,CORE I5,GLOSSY,1,0,1.0,1.0,29411,13.5,8,128,128,3.38,2.6,3000,3780.0,888.0,928.0,959.99
83,OCTA-CORE,APPLE,INTEL,AMD,AMD RADEON PRO 5500M,CORE I9,GLOSSY,0,1,0.0,1.0,31421,16.0,16,1000,1000,4.3,2.3,3072,13917.0,7017.0,2568.92,2652.49
272,HEXA-CORE,HP,INTEL,NVIDIA,NVIDIA GEFORCE RTX 2070,CORE I7,MATTE,0,1,0.0,1.0,29206,15.6,32,512,512,5.11,2.6,1920,11636.0,16632.0,1199.99,1599.99
165,HEXA-CORE,DELL,INTEL,NVIDIA,NVIDIA GEFORCE GTX 1050 TI,CORE I7,MATTE,0,1,0.0,1.0,23607,15.6,16,512,512,4.0,2.2,1920,10418.0,6657.0,1510.0,1558.0
163,DUAL-CORE,DELL,INTEL,INTEL,INTEL HD 620,CORE I5,GLOSSY,1,0,0.0,1.0,19841,15.6,8,0,2000,5.07,2.5,1366,3522.0,888.0,537.0,537.97
199,QUAD-CORE,LENOVO,INTEL,INTEL,INTEL UHD 620,CORE I7,GLOSSY,1,0,0.0,1.0,24434,15.6,8,256,256,4.17,1.8,1920,6134.0,888.0,759.99,769.99
237,DUAL-CORE,HP,INTEL,INTEL,INTEL HD 620,CORE I5,GLOSSY,1,0,0.0,1.0,25745,15.6,8,0,2000,4.52,2.5,1366,3522.0,888.0,529.88,545.18
74,DUAL-CORE,HP,INTEL,INTEL,INTEL HD 620,CORE I3,GLOSSY,0,0,0.0,1.0,25585,14.0,8,128,128,3.15,2.4,1366,2806.0,888.0,328.0,339.0
314,DUAL-CORE,DELL,INTEL,INTEL,INTEL HD 400,CELERON,Unknown,0,0,0.0,0.0,28975,11.6,4,16,16,3.09,1.6,1366,759.0,329.0,140.0,156.99
222,DUAL-CORE,HP,INTEL,INTEL,INTEL HD 510,PENTIUM,MATTE,1,0,0.0,0.0,24432,11.6,8,128,128,3.76,2.1,1366,2184.0,582.0,328.0,337.14
479,QUAD-CORE,LENOVO,AMD,AMD,AMD RADEON R4,A6,GLOSSY,0,0,0.0,0.0,19849,15.6,4,0,500,4.85,2.0,1366,2076.0,346.0,249.99,285.0
119,QUAD-CORE,HP,INTEL,INTEL,INTEL UHD,CORE I5,GLOSSY,1,0,0.0,1.0,31419,15.6,8,512,512,3.75,1.0,1366,7773.0,1165.0,579.0,579.0
286,DUAL-CORE,APPLE,INTEL,INTEL,INTEL UHD 617,CORE I5,GLOSSY,0,0,0.0,1.0,29626,13.3,8,128,128,2.75,1.6,2560,3296.0,878.0,899.0,899.99
304,HEXA-CORE,MSI,INTEL,NVIDIA,NVIDIA GEFORCE GTX 1650,CORE I7,MATTE,0,1,0.0,1.0,30516,17.3,16,512,512,4.85,2.6,1920,11636.0,7868.0,899.99,1022.0
424,DUAL-CORE,HP,INTEL,NVIDIA,NVIDIA GEFORCE 940MX,CORE I7,GLOSSY,0,1,0.0,1.0,17273,15.6,12,0,1000,4.27,2.5,1366,3369.0,1603.0,787.0,787.0
360,DUAL-CORE,LENOVO,INTEL,INTEL,INTEL HD 400,CELERON,Unknown,0,0,0.0,0.0,10687,15.6,4,0,500,4.85,1.6,1366,759.0,329.0,259.99,264.99
407,DUAL-CORE,APPLE,INTEL,INTEL,INTEL HD 5000,CORE I5,GLOSSY,0,0,0.0,1.0,16695,13.3,4,128,128,2.94,1.4,1440,2440.0,684.0,390.0,465.61
234,QUAD-CORE,MICROSOFT,INTEL,INTEL,INTEL IRIS PLUS,CORE I7,GLOSSY,1,0,0.0,1.0,29845,13.5,16,1000,1000,2.84,1.3,2256,8923.0,1888.0,2059.0,2099.0
380,DUAL-CORE,HP,INTEL,INTEL,INTEL HD 620,CORE I3,GLOSSY,1,0,0.0,1.0,14447,15.6,8,0,1000,4.68,2.4,1366,2806.0,888.0,529.01,599.99
478,DUAL-CORE,DELL,INTEL,INTEL,INTEL HD 400,CELERON,MATTE,0,0,0.0,0.0,30290,11.6,4,16,16,3.09,1.6,1366,759.0,329.0,164.0,166.99
390,QUAD-CORE,DELL,INTEL,NVIDIA,NVIDIA GEFORCE GTX 1060,CORE I7,MATTE,0,1,0.0,1.0,20097,15.6,16,128,1128,6.28,2.8,3840,7069.0,10210.0,1199.99,1199.99
278,,HP,INTEL,INTEL,INTEL HD,CELERON,MATTE,0,0,0.0,0.0,7418,11.6,2,32,32,2.6,2.0455467196819135,1366,4957.364729458918,10.0,164.99,169.99
36,HEXA-CORE,ACER,INTEL,NVIDIA,NVIDIA GEFORCE RTX 2060,CORE I7,MATTE,0,1,0.0,1.0,26778,15.6,16,512,512,4.41,2.2,1920,10418.0,15156.0,1637.0,1652.6
196,DUAL-CORE,ASUS,INTEL,INTEL,INTEL HD,CELERON,GLOSSY,1,0,0.0,0.0,10369,11.6,2,32,32,2.6,1.6,1366,672.0,10.0,219.72,219.72
139,DUAL-CORE,HP,INTEL,INTEL,INTEL HD 400,CELERON,MATTE,0,0,0.0,0.0,20102,11.6,4,16,16,2.54,1.6,1366,759.0,329.0,120.94,123.0
371,DUAL-CORE,ASUS,INTEL,INTEL,INTEL HD 400,CELERON,GLOSSY,0,0,0.0,0.0,15335,14.0,4,32,32,3.2,1.6,1920,759.0,329.0,299.0,299.0
253,QUAD-CORE,LENOVO,INTEL,INTEL,INTEL UHD 620,CORE I5,MATTE,0,0,0.0,1.0,31000,15.6,8,256,256,4.68,1.6,1920,6068.0,888.0,766.0,766.0
289,DUAL-CORE,HP,INTEL,INTEL,INTEL HD 615,CORE M3,GLOSSY,1,0,1.0,1.0,26775,12.3,4,32,32,3.06,1.0,2400,2756.0,799.0,499.99,541.99
290,DUAL-CORE,HP,INTEL,INTEL,INTEL HD 620,CORE I7,GLOSSY,0,0,0.0,1.0,20505,15.6,12,0,1000,4.19,2.7,1920,3500.0,888.0,749.99,749.99
59,DUAL-CORE,ASUS,INTEL,INTEL,INTEL HD 515,CORE M3,GLOSSY,1,0,0.0,1.0,12769,12.5,4,64,64,2.65,0.9,1920,1862.0,688.0,509.97,599.9
111,HEXA-CORE,ACER,INTEL,NVIDIA,NVIDIA GEFORCE GTX 1060,CORE I7,MATTE,0,1,0.0,1.0,23601,15.6,16,256,256,5.95,2.2,1920,10418.0,10210.0,949.99,969.99
89,QUAD-CORE,HP,AMD,AMD,AMD RADEON VEGA 8,RYZEN 5,GLOSSY,1,0,0.0,1.0,23203,15.6,8,128,1128,4.49,2.0,1920,6317.0,1509.0,749.0,749.0
268,QUAD-CORE,MICROSOFT,INTEL,NVIDIA,NVIDIA GEFORCE GTX 1060,CORE I7,GLOSSY,1,1,1.0,1.0,19846,15.0,16,512,512,4.2,1.9,3240,6620.0,10210.0,2054.45,2329.99
6,QUAD-CORE,HP,INTEL,INTEL,INTEL UHD 620,CORE I5,GLOSSY,1,0,0.0,1.0,20956,15.6,8,0,2000,4.52,1.6,1366,6372.0,888.0,619.99,628.5
367,,HP,INTEL,INTEL,INTEL HD,CELERON,MATTE,0,0,0.0,0.0,7269,13.3,2,32,32,3.42,2.0455467196819135,1366,4957.364729458918,10.0,298.0,298.0
351,HEXA-CORE,RAZER,INTEL,NVIDIA,NVIDIA GEFORCE RTX 2060,CORE I7,MATTE,0,1,0.0,1.0,28047,15.6,16,512,512,4.63,2.6,1920,11636.0,15156.0,1799.99,1999.99
392,QUAD-CORE,HP,INTEL,NVIDIA,NVIDIA GEFORCE GTX 1050 TI,CORE I5,GLOSSY,0,1,0.0,1.0,23813,15.6,12,128,1128,5.38,2.3,1920,7584.0,6657.0,869.0,899.99
158,DUAL-CORE,LENOVO,INTEL,INTEL,INTEL HD 4000,CORE I5,MATTE,0,0,0.0,1.0,20504,14.0,8,128,128,4.92,2.6,1600,861.0,329.0,186.08,238.0
150,DUAL-CORE,ACER,INTEL,INTEL,INTEL HD,CELERON,MATTE,0,0,0.0,0.0,8680,14.0,4,32,32,3.42,1.6,1920,759.0,10.0,185.83,214.77
177,QUAD-CORE,DELL,INTEL,INTEL,INTEL UHD 620,CORE I7,GLOSSY,1,0,0.0,1.0,28486,15.6,12,512,1512,4.85,1.8,1920,6134.0,888.0,828.98,829.0
421,HEXA-CORE,HP,INTEL,NVIDIA,NVIDIA GEFORCE GTX 1060,CORE I7,MATTE,0,1,0.0,1.0,24627,17.3,16,128,1128,8.33,2.2,1920,10418.0,10210.0,1549.0,1549.0
184,QUAD-CORE,RCA,INTEL,INTEL,INTEL HD,ATOM,GLOSSY,1,0,1.0,0.0,22374,10.1,2,32,32,4.19792490118577,1.33,1280,522.0,10.0,133.95,133.95
287,QUAD-CORE,LENOVO,INTEL,NVIDIA,NVIDIA QUADRO M1000M,CORE I7,MATTE,0,1,0.0,1.0,11675,15.6,8,0,500,5.6,2.6,1920,6661.0,2939.0,1419.99,1419.99
10,DUAL-CORE,ACER,INTEL,INTEL,INTEL HD 400,CELERON,MATTE,0,0,0.0,0.0,23820,15.6,2,16,16,4.3,1.6,1366,759.0,329.0,174.98,185.0
388,DUAL-CORE,SAMSUNG,INTEL,INTEL,INTEL HD 400,CELERON,MATTE,0,0,0.0,0.0,20955,11.6,4,16,16,2.54,1.6,1366,759.0,329.0,99.83,108.97
103,QUAD-CORE,DELL,INTEL,NVIDIA,NVIDIA GEFORCE GTX 1050,CORE I7,MATTE,0,1,0.0,1.0,21203,15.6,12,128,1128,5.66,2.8,1920,7069.0,5595.0,1299.0,1299.0
81,DUAL-CORE,HP,INTEL,INTEL,INTEL HD 4000,CORE I5,MATTE,0,0,0.0,1.0,22144,14.0,8,180,180,3.6,1.8,1366,2352.0,329.0,204.99,229.98
38,DUAL-CORE,APPLE,INTEL,INTEL,INTEL HD 4000,CORE I7,GLOSSY,0,0,0.0,1.0,27584,13.3,8,0,750,4.5,2.9,1280,1302.0,329.0,479.95,529.99
320,DUAL-CORE,DELL,INTEL,INTEL,INTEL HD 620,CORE I5,GLOSSY,1,0,0.0,1.0,20284,13.3,8,128,128,2.9,2.5,1920,3522.0,888.0,799.0,799.0
198,QUAD-CORE,ALIENWARE,INTEL,NVIDIA,NVIDIA GEFORCE GTX1070,CORE I7,MATTE,0,1,0.0,1.0,11294,15.6,16,256,1256,8.0,2.6,1920,6661.0,3113.8426294820715,1667.81,1677.6
262,DUAL-CORE,ASUS,INTEL,INTEL,INTEL HD,CORE M3,MATTE,0,0,0.0,1.0,8282,13.3,8,256,256,2.65,0.9,1920,1862.0,10.0,899.99,999.11
146,DUAL-CORE,HP,INTEL,INTEL,INTEL HD 620,CORE I7,GLOSSY,0,0,0.0,1.0,14058,15.6,16,0,1000,4.83,2.7,1366,3500.0,888.0,799.0,799.0
400,HEXA-CORE,OTHER,INTEL,NVIDIA,NVIDIA GEFORCE RTX 2060,CORE I7,MATTE,0,1,0.0,1.0,29843,17.3,32,500,2500,5.9,2.6,1920,11636.0,15156.0,1429.0,1499.0
147,QUAD-CORE,ASUS,INTEL,INTEL,INTEL UHD 620,CORE I5,MATTE,0,0,0.0,1.0,25743,15.6,8,256,256,3.5,1.6,1920,6372.0,888.0,659.0,659.0
312,DUAL-CORE,HP,INTEL,INTEL,INTEL HD,CELERON,MATTE,0,0,0.0,0.0,9056,11.6,2,16,16,2.83,2.16,1366,618.0,10.0,178.85,178.85
291,DUAL-CORE,LENOVO,INTEL,INTEL,INTEL HD,CELERON,GLOSSY,1,0,0.0,0.0,8545,11.6,4,0,500,3.0,1.6,1366,672.0,10.0,360.0,360.0
123,DUAL-CORE,DELL,INTEL,INTEL,INTEL HD,CORE I5,GLOSSY,1,0,0.0,1.0,8277,13.3,8,256,256,3.66,2.3,1920,2989.0,10.0,699.99,699.99
375,HEXA-CORE,ACER,INTEL,NVIDIA,NVIDIA GEFORCE GTX 1060,CORE I7,MATTE,0,1,0.0,1.0,27244,17.3,16,256,1256,6.61,2.2,1920,10418.0,10210.0,1999.11,1999.11
96,QUAD-CORE,HP,INTEL,INTEL,INTEL UHD 620,CORE I7,GLOSSY,1,0,0.0,1.0,23122,13.3,16,512,512,2.78,1.8,1920,6134.0,888.0,1117.55,1249.95
143,DUAL-CORE,LENOVO,INTEL,INTEL,INTEL HD 400,CELERON,MATTE,0,0,0.0,0.0,14443,14.0,4,16,16,3.3,1.6,1366,759.0,329.0,380.0,380.0
239,DUAL-CORE,APPLE,INTEL,INTEL,INTEL HD 6000,CORE I5,GLOSSY,0,0,0.0,1.0,25440,13.3,4,128,128,2.96,1.6,1440,2142.0,829.0,449.98,519.99
277,QUAD-CORE,RAZER,INTEL,NVIDIA,NVIDIA GEFORCE GTX 1650,CORE I7,MATTE,0,1,0.0,1.0,29634,13.3,16,512,512,3.13,1.3,1920,8923.0,7868.0,1499.99,1799.99
97,DUAL-CORE,HP,INTEL,INTEL,INTEL HD 4000,CORE I5,MATTE,0,0,0.0,1.0,20739,14.0,8,0,320,4.95,2.6,1366,861.0,329.0,209.96,218.0
356,DUAL-CORE,DELL,INTEL,INTEL,INTEL HD 620,CORE I3,GLOSSY,0,0,0.0,1.0,24846,15.6,8,0,1000,5.07,2.7,1366,3190.0,888.0,368.0,378.98
122,HEXA-CORE,HP,INTEL,NVIDIA,NVIDIA GEFORCE RTX 2080,CORE I7,MATTE,0,1,0.0,1.0,29630,17.3,16,256,1256,6.54,2.6,1920,11636.0,19317.0,1799.99,1799.99
183,HEXA-CORE,DELL,INTEL,NVIDIA,NVIDIA GEFORCE GTX 1050 TI,CORE I7,GLOSSY,1,1,0.0,1.0,26367,15.6,16,512,512,4.0,2.2,3840,10418.0,6657.0,1649.53,1799.0
202,DUAL-CORE,LENOVO,INTEL,INTEL,INTEL HD 515,PENTIUM,GLOSSY,1,0,0.0,1.0,19609,11.6,4,128,128,2.36,1.5,1920,1505.0,688.0,575.0,599.0
246,DUAL-CORE,ACER,AMD,AMD,AMD RADEON VEGA 3,RYZEN 3,MATTE,0,0,0.0,1.0,28041,15.6,4,128,128,4.19,2.6,1920,4065.0,904.0,313.38,313.51
311,DUAL-CORE,ASUS,INTEL,INTEL,INTEL HD,CELERON,MATTE,0,0,0.0,0.0,9938,13.3,4,16,16,2.98,1.6,1366,759.0,10.0,229.99,229.99
414,HEXA-CORE,HP,INTEL,NVIDIA,NVIDIA GEFORCE GTX 1060,CORE I7,MATTE,0,1,0.0,1.0,23620,15.6,16,128,1128,5.56,2.2,1920,10418.0,10210.0,2499.11,2499.11
357,QUAD-CORE,DELL,INTEL,INTEL,INTEL IRIS PLUS,CORE I5,MATTE,0,0,0.0,1.0,31193,14.0,4,128,128,3.77,1.1,1366,9314.0,1888.0,318.0,328.94
305,QUAD-CORE,HP,AMD,AMD,AMD RADEON R4,A6,GLOSSY,0,0,0.0,0.0,17746,15.6,8,0,500,4.74,2.0,1366,2076.0,346.0,499.0,499.0
403,DUAL-CORE,ASUS,INTEL,INTEL,INTEL HD,CORE I5,GLOSSY,1,0,0.0,1.0,6628,13.3,8,256,256,3.2,2.2,1920,2546.0,10.0,642.0,642.0
382,HEXA-CORE,OTHER,INTEL,NVIDIA,NVIDIA GEFORCE RTX 2060,CORE I7,MATTE,0,1,0.0,1.0,31417,15.6,32,1000,1000,5.0,2.6,1920,11636.0,15156.0,1549.0,1549.0
125,DUAL-CORE,DELL,INTEL,INTEL,INTEL HD 3000,CORE I5,MATTE,0,0,0.0,1.0,17477,14.0,4,0,320,4.6,2.5,1366,2275.0,258.0,154.99,178.89
488,DUAL-CORE,ACER,INTEL,INTEL,INTEL HD,CELERON,GLOSSY,1,0,0.0,0.0,24628,11.6,4,16,16,2.98,1.4,1366,849.0,10.0,84.99,90.9
223,HEXA-CORE,ALIENWARE,INTEL,NVIDIA,NVIDIA GEFORCE GTX 1070 MAX-Q,CORE I7,MATTE,0,1,0.0,1.0,26365,15.6,16,128,1128,4.78,2.2,1920,10418.0,10472.0,1598.36,1774.4
426,DUAL-CORE,DELL,INTEL,INTEL,INTEL IRIS PLUS 640,CORE I7,GLOSSY,1,0,0.0,1.0,18830,13.3,16,1000,1000,2.7,2.4,3200,4519.0,1377.0,1799.33,1799.33
219,QUAD-CORE,DELL,INTEL,INTEL,INTEL UHD 620,CORE I5,GLOSSY,1,0,0.0,1.0,21221,15.6,8,0,1000,4.19792490118577,1.6,1920,6372.0,888.0,649.0,649.0
129,DUAL-CORE,APPLE,INTEL,INTEL,INTEL UHD 617,CORE I5,GLOSSY,0,0,0.0,1.0,31196,13.3,8,128,128,2.75,1.6,2560,3296.0,878.0,749.66,799.99
428,DUAL-CORE,HP,INTEL,INTEL,INTEL HD 520,CORE I3,GLOSSY,1,0,0.0,1.0,11087,15.6,8,0,1000,4.68,2.3,1366,2825.0,864.0,399.0,399.0
484,DUAL-CORE,LENOVO,INTEL,INTEL,INTEL HD 520,CORE I5,GLOSSY,1,0,0.0,1.0,10371,15.6,8,256,256,4.19,2.3,1920,2989.0,864.0,549.0,549.0
334,QUAD-CORE,ASUS,INTEL,INTEL,INTEL UHD 620,CORE I5,MATTE,0,0,0.0,1.0,24431,15.6,8,256,256,3.7,1.6,1920,6372.0,888.0,535.0,588.0
384,DUAL-CORE,MICROSOFT,INTEL,INTEL,INTEL HD 620,CORE I5,GLOSSY,1,0,0.0,1.0,25935,13.5,8,256,256,2.76,2.5,2256,3522.0,888.0,664.0,668.0
409,DUAL-CORE,SAMSUNG,INTEL,INTEL,INTEL HD 615,CELERON,GLOSSY,1,0,0.0,0.0,25060,12.2,4,32,32,2.98,1.5,1920,1253.0,799.0,349.99,365.0
361,QUAD-CORE,ASUS,INTEL,INTEL,INTEL UHD 605,PENTIUM,GLOSSY,1,0,0.0,0.0,27581,14.0,4,64,64,3.3,1.1,1920,2801.0,355.0,409.0,409.0
299,DUAL-CORE,ACER,INTEL,INTEL,INTEL HD,CELERON,MATTE,0,0,0.0,0.0,11092,14.0,2,32,32,3.53,1.6,1366,672.0,10.0,229.99,229.99
294,HEXA-CORE,OTHER,INTEL,NVIDIA,NVIDIA GEFORCE RTX 2060,CORE I7,MATTE,0,1,0.0,1.0,29628,15.6,16,500,1500,5.0,2.6,1920,11636.0,15156.0,1349.0,1349.0
373,DUAL-CORE,DELL,INTEL,INTEL,INTEL HD,CELERON,GLOSSY,0,0,0.0,0.0,20745,15.6,4,0,500,4.9,1.6,1366,672.0,10.0,299.0,299.0
346,DUAL-CORE,SAMSUNG,SAMSUNG,INTEL,INTEL HD,EXYNOS,MATTE,0,0,0.0,0.0,4066,11.6,2,16,16,2.43,1.7,1366,500.0,10.0,69.99,76.0
112,QUAD-CORE,ASUS,AMD,AMD,AMD RADEON R7,A12,MATTE,0,0,0.0,0.0,28976,15.6,16,256,1256,3.7,2.7,1920,2741.0,551.0,407.0,469.0
179,DUAL-CORE,DELL,INTEL,INTEL,INTEL HD 620,CORE I5,GLOSSY,1,0,0.0,1.0,19152,15.6,8,256,256,4.83,2.5,1920,3522.0,888.0,648.99,648.99
477,QUAD-CORE,RAZER,INTEL,NVIDIA,NVIDIA GEFORCE MX150,CORE I7,GLOSSY,1,1,0.0,1.0,26366,13.3,16,512,512,3.04,1.8,3840,6777.0,2387.0,1699.99,1699.99
352,DUAL-CORE,LENOVO,INTEL,INTEL,INTEL HD 4200,CORE I5,GLOSSY,1,0,0.0,1.0,6345,11.6,4,128,128,3.06,1.6,1920,1373.0,90.0,779.99,779.99
336,QUAD-CORE,MSI,INTEL,NVIDIA,NVIDIA GEFORCE GTX 1060,CORE I7,MATTE,0,1,0.0,1.0,26131,15.6,16,256,2256,3.96,2.8,1920,7069.0,10210.0,1999.11,1999.11
491,DUAL-CORE,LENOVO,INTEL,INTEL,INTEL HD 400,CELERON,Unknown,0,0,0.0,0.0,10549,15.6,4,0,500,4.31,2.16,1366,759.0,329.0,287.9,287.9
404,QUAD-CORE,LENOVO,AMD,AMD,AMD RADEON R7,A12,MATTE,0,0,0.0,0.0,19844,15.6,8,0,1000,4.85,2.7,1366,2741.0,551.0,430.0,430.0
233,DUAL-CORE,ASUS,INTEL,INTEL,INTEL IRIS 5100,CORE I7,GLOSSY,1,0,0.0,1.0,3916,13.3,8,0,256,2.6,2.8,2560,2928.0,963.0,999.99,999.99
456,QUAD-CORE,HP,AMD,AMD,AMD RADEON R7,FX,GLOSSY,1,0,0.0,0.0,20743,15.6,8,0,1000,4.74,2.7,1920,2256.0,551.0,444.0,459.99
317,QUAD-CORE,DELL,INTEL,NVIDIA,NVIDIA GEFORCE GTX 1060,CORE I5,MATTE,0,1,0.0,0.0,20089,15.6,8,128,1128,6.28,2.5,1920,5260.0,10210.0,819.0,909.0
164,DUAL-CORE,HP,INTEL,INTEL,INTEL HD 400,CELERON,GLOSSY,0,0,0.0,0.0,19851,14.0,4,32,32,3.18,1.6,1366,759.0,329.0,243.9,243.95
136,QUAD-CORE,DELL,INTEL,NVIDIA,NVIDIA GEFORCE GTX 960M,CORE I7,GLOSSY,1,1,0.0,1.0,17479,15.6,16,128,1128,6.0,2.6,3840,6661.0,3467.0,1189.99,1189.99
197,QUAD-CORE,DELL,INTEL,INTEL,INTEL UHD 620,CORE I7,GLOSSY,0,0,0.0,1.0,28337,15.6,8,128,1128,4.8,1.8,1920,6134.0,888.0,730.0,730.0
258,QUAD-CORE,ASUS,INTEL,INTEL,INTEL UHD 620,CORE I7,MATTE,0,0,0.0,1.0,24844,13.3,8,256,256,2.5,1.8,1920,6134.0,888.0,849.0,849.0
232,DUAL-CORE,ASUS,INTEL,INTEL,INTEL UHD 600,CELERON,GLOSSY,0,0,0.0,0.0,25584,11.6,2,32,32,2.18,1.1,1366,1278.0,345.0,237.9,266.0
115,DUAL-CORE,DELL,INTEL,INTEL,INTEL HD 4400,CORE I5,GLOSSY,0,0,0.0,1.0,3899,15.6,8,0,1024,6.0,1.7,1366,2343.0,530.0,559.99,559.99
120,DUAL-CORE,HP,INTEL,INTEL,INTEL HD 620,CORE I3,GLOSSY,1,0,0.0,1.0,22135,15.6,8,0,1000,4.6,2.4,1366,2806.0,888.0,421.0,538.99
355,QUAD-CORE,LENOVO,AMD,AMD,AMD RADEON R7,A12,GLOSSY,0,0,0.0,0.0,21468,15.6,8,0,1000,4.85,2.5,1366,2365.0,551.0,412.0,484.0
224,DUAL-CORE,ACER,INTEL,INTEL,INTEL UHD 620,CORE I3,Unknown,0,0,0.0,1.0,28338,15.6,6,0,1000,5.27,2.2,1920,3676.0,888.0,434.29,449.99
410,QUAD-CORE,DELL,AMD,AMD,AMD RADEON VEGA 8,RYZEN 5,MATTE,0,0,0.0,1.0,23192,15.6,8,0,1000,4.89,2.0,1920,6317.0,1509.0,425.61,425.61
438,DUAL-CORE,DELL,INTEL,INTEL,INTEL HD 620,CORE I3,GLOSSY,1,0,0.0,1.0,26102,15.6,8,128,128,5.07,2.7,1366,3190.0,888.0,313.0,358.0
127,DUAL-CORE,ACER,INTEL,INTEL,INTEL HD 500,CELERON,GLOSSY,1,0,0.0,0.0,28333,15.6,4,32,32,3.97,1.1,1920,1123.0,317.0,259.0,299.99
285,DUAL-CORE,DELL,INTEL,INTEL,INTEL HD 620,CORE I3,GLOSSY,0,0,0.0,1.0,20958,15.6,8,0,1000,4.85,2.4,1366,2806.0,888.0,362.0,389.0
432,QUAD-CORE,APPLE,INTEL,INTEL,INTEL IRIS PLUS 645,CORE I5,GLOSSY,0,0,0.0,1.0,28479,13.3,8,128,128,3.02,1.4,2560,8395.0,2054.0,1099.99,1230.08
107,QUAD-CORE,ASUS,INTEL,NVIDIA,NVIDIA GEFORCE GTX 1050 MAX-Q,CORE I7,GLOSSY,0,1,0.0,1.0,27576,15.6,16,512,512,3.72,1.8,1920,6777.0,3909.0,1382.99,1498.97
377,QUAD-CORE,ACER,INTEL,INTEL,INTEL HD 500,CELERON,Unknown,0,0,0.0,0.0,18656,14.0,4,32,32,3.64,1.1,1920,1842.0,317.0,219.99,295.99
331,DUAL-CORE,MICROSOFT,INTEL,NVIDIA,NVIDIA GEFORCE,CORE I7,GLOSSY,1,1,1.0,1.0,22980,13.5,16,1000,1000,3.34,2.6,3000,3807.0,3.0,1299.81,1300.0
133,QUAD-CORE,DELL,INTEL,INTEL,INTEL UHD 620,CORE I5,GLOSSY,1,0,0.0,1.0,22143,13.3,8,256,256,3.59,1.6,1920,6372.0,888.0,599.99,599.99
370,DUAL-CORE,DELL,INTEL,INTEL,INTEL HD,CORE I5,GLOSSY,0,0,0.0,1.0,9181,15.6,8,0,1000,5.4,2.3,1366,2989.0,10.0,545.0,545.0
44,DUAL-CORE,DELL,INTEL,INTEL,INTEL HD (UMA),CORE I3,GLOSSY,1,0,0.0,0.0,4062,15.6,4,0,500,6.0,1.9,1366,1115.0,3113.8426294820715,417.57,417.57
470,QUAD-CORE,ASUS,AMD,AMD,AMD RADEON R7,A12,GLOSSY,0,0,0.0,0.0,28048,15.6,8,128,128,5.07,2.7,1366,2741.0,551.0,335.0,339.0
65,DUAL-CORE,APPLE,INTEL,INTEL,INTEL HD 615,CORE M3,GLOSSY,0,0,0.0,1.0,24838,12.0,8,256,256,2.03,1.2,2304,2644.0,799.0,799.99,899.99
283,DUAL-CORE,APPLE,INTEL,INTEL,INTEL UHD 617,CORE I5,GLOSSY,0,0,0.0,1.0,30292,13.3,8,256,256,2.75,1.6,2560,3296.0,878.0,1099.0,1232.0
85,QUAD-CORE,MSI,INTEL,NVIDIA,NVIDIA GEFORCE GTX 1050,CORE I5,MATTE,0,1,0.0,0.0,23419,15.6,8,256,256,5.29,2.5,1920,5260.0,5595.0,898.99,899.0
242,QUAD-CORE,DELL,AMD,AMD,AMD RADEON R4,A6,GLOSSY,0,1,0.0,0.0,3950,15.6,4,0,500,6.0,1.8,1366,1888.0,346.0,317.88,317.88
186,,HP,INTEL,INTEL,INTEL HD,PENTIUM,GLOSSY,0,0,0.0,0.0,4071,15.6,4,0,750,6.5,2.0455467196819135,1366,4957.364729458918,10.0,330.0,330.0
391,DUAL-CORE,ASUS,INTEL,INTEL,INTEL HD 400,CELERON,GLOSSY,1,0,0.0,0.0,19304,11.6,4,32,32,2.61,1.6,1366,759.0,329.0,299.0,299.0
159,HEXA-CORE,MSI,INTEL,NVIDIA,NVIDIA GEFORCE GTX 1050 TI,CORE I7,MATTE,0,1,0.0,1.0,30757,17.3,8,256,256,4.85,2.6,1920,11636.0,6657.0,829.98,829.98
12,DUAL-CORE,DELL,AMD,AMD,AMD RADEON R4,A6,Unknown,0,0,0.0,0.0,22978,15.6,4,0,500,5.07,2.5,1366,1032.0,346.0,288.98,288.99
35,QUAD-CORE,LENOVO,AMD,AMD,AMD RADEON R7,A12,MATTE,0,0,0.0,0.0,20094,15.6,8,0,1000,4.85,2.7,1366,2741.0,551.0,424.22,424.22
28,QUAD-CORE,DELL,INTEL,INTEL,INTEL HD,PENTIUM,GLOSSY,0,0,0.0,0.0,10358,15.6,4,0,500,4.85,1.6,1366,1243.0,10.0,399.99,399.99
170,QUAD-CORE,ACER,INTEL,NVIDIA,NVIDIA GEFORCE GTX 1050 TI,CORE I7,MATTE,0,1,0.0,1.0,14056,15.6,16,256,256,5.51,2.8,1920,7069.0,6657.0,1199.99,1199.99
142,HEXA-CORE,OTHER,INTEL,NVIDIA,NVIDIA GEFORCE RTX 2070,CORE I7,MATTE,0,1,0.0,1.0,30514,15.6,16,500,2500,4.6,2.6,1920,11636.0,16632.0,1599.0,1699.0
406,QUAD-CORE,LENOVO,INTEL,INTEL,INTEL UHD 620,CORE I5,MATTE,0,0,0.0,1.0,30999,15.6,8,256,256,4.68,1.6,1920,6068.0,888.0,729.99,775.0
507,QUAD-CORE,ASUS,INTEL,INTEL,INTEL UHD 620,CORE I5,MATTE,0,0,0.0,1.0,22738,15.6,8,128,1128,3.7,1.6,1920,6372.0,888.0,499.99,669.97
221,DUAL-CORE,HP,INTEL,INTEL,INTEL HD 620,CORE I7,GLOSSY,0,0,0.0,1.0,17751,17.3,8,0,1000,5.84,2.7,1600,3500.0,888.0,673.98,673.98
95,QUAD-CORE,HP,INTEL,INTEL,INTEL UHD 620,CORE I5,GLOSSY,1,0,0.0,1.0,26959,15.6,8,128,128,3.9,1.6,1366,6372.0,888.0,499.0,499.0
51,QUAD-CORE,ASUS,INTEL,NVIDIA,NVIDIA GEFORCE GTX 1060,CORE I5,MATTE,0,1,0.0,0.0,17748,15.6,16,0,1000,4.9,2.3,1920,4398.0,10210.0,799.9,799.9
240,DUAL-CORE,ASUS,INTEL,INTEL,INTEL HD 520,CORE I3,GLOSSY,1,0,0.0,1.0,17469,15.6,4,128,128,4.85,2.3,1366,2825.0,864.0,799.11,799.11
398,DUAL-CORE,MICROSOFT,INTEL,NVIDIA,NVIDIA GEFORCE,CORE I7,GLOSSY,1,1,1.0,1.0,22739,13.5,8,256,256,3.34,2.6,3000,3807.0,3.0,678.0,759.99
386,DUAL-CORE,HP,INTEL,INTEL,INTEL HD,CORE I3,MATTE,0,0,0.0,1.0,7422,15.6,4,0,500,4.83,1.8,1366,1240.0,10.0,390.0,390.0
178,DUAL-CORE,DELL,INTEL,INTEL,INTEL HD,CELERON,GLOSSY,0,0,0.0,0.0,21895,15.6,4,0,500,4.54,2.0455467196819135,1366,4957.364729458918,10.0,294.99,294.99
41,DUAL-CORE,ACER,INTEL,NVIDIA,NVIDIA GEFORCE 940MX,CORE I5,MATTE,0,1,0.0,1.0,13771,15.6,8,256,256,5.27,2.5,1920,3522.0,1603.0,999.0,999.0
444,DUAL-CORE,DELL,INTEL,INTEL,INTEL HD 520,CORE I7,GLOSSY,0,0,0.0,1.0,9591,15.6,12,0,1000,4.94,2.5,1366,3369.0,864.0,999.11,999.11
395,DUAL-CORE,APPLE,INTEL,INTEL,INTEL HD,CORE I5,GLOSSY,0,0,0.0,1.0,9185,13.3,4,0,500,4.5,2.5,1280,2503.0,10.0,348.69,388.71
206,QUAD-CORE,ACER,INTEL,NVIDIA,NVIDIA GEFORCE GTX 1050,CORE I7,GLOSSY,1,1,0.0,1.0,24847,15.6,8,0,1000,4.85,1.8,1920,6134.0,5595.0,789.0,899.0
282,HEXA-CORE,RAZER,INTEL,NVIDIA,NVIDIA GEFORCE RTX 2080 MAX-Q,CORE I7,MATTE,0,1,0.0,1.0,26096,15.6,16,512,512,4.63,2.2,1920,10418.0,14482.0,2299.99,2499.99
254,HEXA-CORE,MSI,INTEL,NVIDIA,NVIDIA GEFORCE GTX 1660 TI,CORE I7,MATTE,0,1,0.0,1.0,30994,17.3,16,512,512,5.95,2.6,1920,11636.0,12791.0,1299.7,1396.99
420,QUAD-CORE,ASUS,INTEL,NVIDIA,NVIDIA GEFORCE GTX 1050,CORE I5,MATTE,0,1,0.0,1.0,22369,15.6,8,0,1000,5.07,2.3,1920,7584.0,5595.0,699.0,799.99
4,DUAL-CORE,HP,INTEL,INTEL,INTEL HD 620,CORE I5,GLOSSY,0,0,0.0,1.0,17471,17.3,8,0,1000,5.8,2.5,1600,3522.0,888.0,559.0,559.0
256,QUAD-CORE,HP,AMD,AMD,AMD RADEON VEGA 8,RYZEN 5,GLOSSY,1,0,0.0,1.0,28483,15.6,8,256,256,4.49,2.0,1920,6317.0,1509.0,659.99,678.0
457,QUAD-CORE,DELL,INTEL,NVIDIA,NVIDIA GEFOCE GTX 1060,CORE I5,MATTE,0,1,0.0,1.0,23422,15.6,8,128,1128,6.28,2.3,1920,7584.0,10210.0,1149.0,1149.0
100,QUAD-CORE,LENOVO,AMD,AMD,AMD RADEONÂ R4,A6,MATTE,0,0,0.0,0.0,7856,15.6,4,0,500,4.73,1.8,1366,1888.0,220.0,258.0,258.0
226,QUAD-CORE,DELL,INTEL,NVIDIA,NVIDIA GEFORCE GTX 960M,CORE I7,GLOSSY,1,1,0.0,1.0,8789,15.6,16,128,1128,4.6,2.6,3840,6661.0,3467.0,1099.0,1999.11
508,DUAL-CORE,HP,INTEL,INTEL,INTEL HD 620,CORE I5,GLOSSY,0,0,0.0,1.0,16468,17.3,8,0,1000,5.84,2.5,1600,3522.0,888.0,548.29,548.29
213,DUAL-CORE,HP,INTEL,INTEL,INTEL HD 520,CORE I7,GLOSSY,1,0,0.0,1.0,17478,13.3,16,512,512,3.17,2.5,2560,3369.0,864.0,1499.77,1499.77
436,HEXA-CORE,ASUS,INTEL,NVIDIA,NVIDIA GEFORCE GTX 1660 TI,CORE I7,MATTE,0,1,0.0,1.0,29848,17.3,16,512,512,6.28,2.6,1920,11636.0,12791.0,1085.99,1196.99
171,QUAD-CORE,DELL,AMD,AMD,AMD RADEON VEGA 8,RYZEN 5,GLOSSY,1,0,0.0,1.0,23223,13.3,16,256,256,3.86,2.0,1920,6317.0,1509.0,559.5,559.5
98,QUAD-CORE,LENOVO,INTEL,NVIDIA,NVIDIA GEFORCE GTX 1650,CORE I5,MATTE,0,1,0.0,1.0,28799,15.6,8,512,512,4.83,2.4,1920,8167.0,7868.0,723.98,729.97
292,QUAD-CORE,LENOVO,INTEL,INTEL,INTEL HD,CELERON,GLOSSY,1,0,0.0,0.0,8536,11.6,4,128,128,3.1,1.83,1366,970.0,10.0,445.0,445.0
215,QUAD-CORE,ASUS,AMD,NVIDIA,NVIDIA GEFORCE GTX 1050,RYZEN 5,MATTE,0,1,0.0,1.0,27731,15.6,8,256,256,4.32,2.0,1920,6317.0,5595.0,761.35,771.45
61,DUAL-CORE,HP,INTEL,INTEL,INTEL HD 620,CORE I5,GLOSSY,0,0,0.0,1.0,20740,14.0,8,0,1000,3.63,2.5,1366,3522.0,888.0,440.0,475.0
47,DUAL-CORE,DELL,INTEL,INTEL,INTEL HD,CORE I3,GLOSSY,1,0,0.0,1.0,6786,15.6,4,0,500,5.3,1.9,1366,1863.0,10.0,498.88,498.88
32,QUAD-CORE,HP,INTEL,INTEL,INTEL UHD 605,PENTIUM,GLOSSY,1,0,0.0,0.0,28224,15.6,4,0,1000,4.19792490118577,1.1,1366,2801.0,355.0,325.99,360.0
267,QUAD-CORE,ASUS,INTEL,NVIDIA,NVIDIA GEFORCE MX150,CORE I7,GLOSSY,1,1,0.0,1.0,24017,14.0,16,512,512,3.3,1.8,1920,6134.0,2387.0,1299.0,1349.0
327,DUAL-CORE,HP,INTEL,INTEL,INTEL HD 620,CORE I5,GLOSSY,1,0,0.0,1.0,17473,15.6,8,0,1000,4.73,2.5,1366,3522.0,888.0,498.56,520.0
200,DUAL-CORE,LENOVO,INTEL,INTEL,INTEL HD 620,CORE I5,GLOSSY,1,0,0.0,1.0,18655,13.3,8,256,256,2.87,2.5,1920,3522.0,888.0,658.9,684.0
455,QUAD-CORE,ALIENWARE,INTEL,NVIDIA,NVIDIA GEFORCE GTX 1070,CORE I7,MATTE,0,1,0.0,1.0,20281,15.6,16,256,1256,7.69,2.8,1920,7069.0,13557.0,1299.0,1652.02
27,QUAD-CORE,DELL,INTEL,NVIDIA,NVIDIA GEFORCE GTX 960M,CORE I7,MATTE,0,1,0.0,1.0,8285,15.6,8,8,1008,5.67,2.6,1920,6661.0,3467.0,809.99,809.99
397,QUAD-CORE,LENOVO,AMD,AMD,AMD RADEON VEGA 8,RYZEN 5,GLOSSY,1,0,0.0,1.0,27880,14.0,8,256,256,3.64,2.1,1920,7248.0,1509.0,548.94,552.13
230,DUAL-CORE,DELL,INTEL,INTEL,INTEL HD 5500,CORE I5,GLOSSY,1,0,0.0,1.0,6625,15.6,8,0,1000,5.3,2.2,1366,2546.0,568.0,639.0,639.0
260,DUAL-CORE,LENOVO,INTEL,INTEL,INTEL HD 4000,CORE I5,MATTE,0,0,0.0,1.0,17022,14.0,8,0,320,3.94,2.6,1366,861.0,329.0,196.0,224.95
378,QUAD-CORE,LENOVO,INTEL,INTEL,INTEL UHD 620,CORE I5,GLOSSY,1,0,0.0,1.0,21472,14.0,8,128,128,3.85,1.6,1920,6372.0,888.0,547.0,557.0
288,DUAL-CORE,GOOGLE,INTEL,INTEL,INTEL UHD 615,CORE M3,GLOSSY,1,0,0.0,1.0,30754,13.3,8,64,64,2.3,1.1,1920,2995.0,835.0,642.49,649.0
162,HEXA-CORE,ACER,INTEL,NVIDIA,NVIDIA GEFORCE GTX 1660 TI,CORE I7,MATTE,0,1,0.0,1.0,27730,15.6,16,256,256,5.51,2.6,1920,11636.0,12791.0,1094.0,1099.99
433,DUAL-CORE,HP,AMD,AMD,AMD RADEON R5,A9,GLOSSY,0,0,0.0,0.0,19311,17.3,4,0,1000,5.62,3.0,1600,1131.0,148.0,449.99,449.99
138,QUAD-CORE,LENOVO,INTEL,INTEL,INTEL UHD 620,CORE I5,MATTE,0,0,0.0,1.0,26103,15.6,8,256,256,4.85,1.6,1920,6372.0,888.0,595.0,649.0
62,HEXA-CORE,OTHER,INTEL,NVIDIA,NVIDIA GEFORCE RTX 2070,CORE I7,MATTE,0,1,0.0,1.0,30515,15.6,32,500,2500,4.6,2.6,1920,11636.0,16632.0,1679.0,1799.0
135,HEXA-CORE,ASUS,INTEL,NVIDIA,NVIDIA GEFORCE RTX 2070,CORE I7,MATTE,0,1,0.0,1.0,30293,15.6,16,0,1000,5.66,2.6,1920,11636.0,16632.0,1849.99,1999.99
128,QUAD-CORE,DELL,INTEL,INTEL,INTEL HD 405,PENTIUM,GLOSSY,1,0,0.0,0.0,23614,11.6,4,0,500,3.09,1.6,1366,1422.0,3113.8426294820715,365.0,389.0
486,QUAD-CORE,HP,INTEL,INTEL,INTEL HD,PENTIUM,GLOSSY,1,0,0.0,0.0,15328,15.6,4,0,500,5.05,2.16,1366,1179.0,10.0,344.0,344.0
8,DUAL-CORE,DELL,INTEL,INTEL,INTEL HD,CELERON,GLOSSY,0,0,0.0,0.0,23120,11.6,4,16,16,2.9,1.4,1366,849.0,10.0,69.0,78.9
326,HEXA-CORE,ASUS,INTEL,NVIDIA,NVIDIA GEFORCE RTX 2070,CORE I7,MATTE,0,1,0.0,1.0,27417,17.3,16,1000,1000,5.73,2.6,1920,11636.0,16632.0,2299.97,2499.97
473,DUAL-CORE,ASUS,INTEL,INTEL,INTEL HD 4400,CORE I7,GLOSSY,1,0,0.0,1.0,4977,15.6,8,0,1024,5.0,2.0,1366,2761.0,530.0,649.99,649.99
64,DUAL-CORE,HP,INTEL,INTEL,INTEL HD 400,CELERON,MATTE,0,0,0.0,0.0,19845,11.6,4,16,16,2.51,1.6,1366,759.0,329.0,140.89,142.84
300,DUAL-CORE,LENOVO,INTEL,INTEL,INTEL HD 400,CELERON,Unknown,0,0,0.0,0.0,11539,15.6,4,0,500,4.31,1.6,1366,759.0,329.0,309.99,309.99
14,DUAL-CORE,DELL,AMD,AMD,AMD RADEON R4,A6,GLOSSY,1,0,0.0,0.0,25265,11.6,4,32,32,3.41,1.6,1366,1032.0,346.0,288.0,288.0
156,QUAD-CORE,LENOVO,INTEL,INTEL,INTEL UHD 620,CORE I7,MATTE,0,0,0.0,1.0,24015,14.0,16,512,512,2.49,1.9,2560,6620.0,888.0,1543.99,1645.69
40,DUAL-CORE,DELL,INTEL,INTEL,INTEL HD,CORE I5,GLOSSY,1,0,0.0,1.0,6775,15.6,6,0,1000,5.7,1.7,1366,2343.0,10.0,669.0,669.0
379,DUAL-CORE,ACER,INTEL,INTEL,INTEL HD 4400,CORE I5,GLOSSY,1,0,0.0,1.0,6771,15.6,4,0,500,5.95,1.7,1366,2343.0,530.0,513.7,527.0
469,QUAD-CORE,ASUS,INTEL,INTEL,INTEL UHD 620,CORE I7,MATTE,0,0,0.0,1.0,20091,14.0,16,512,512,2.76,1.8,1920,6134.0,888.0,1024.14,1024.14
411,QUAD-CORE,MICROSOFT,INTEL,INTEL,INTEL IRIS PLUS,CORE I5,GLOSSY,1,0,1.0,1.0,29199,12.3,8,128,128,1.7,1.1,2736,9314.0,1888.0,688.0,749.0
216,DUAL-CORE,HP,INTEL,INTEL,INTEL HD 620,CORE I5,GLOSSY,1,0,0.0,1.0,28335,15.6,8,512,2512,4.51,2.5,1366,3522.0,888.0,681.0,698.0
279,QUAD-CORE,LENOVO,INTEL,INTEL,INTEL UHD 620,CORE I7,MATTE,1,0,0.0,1.0,22561,15.6,12,0,1000,4.84,1.8,1366,6134.0,888.0,618.0,630.0
481,HEXA-CORE,OTHER,INTEL,NVIDIA,NVIDIA GEFORCE RTX 2070,CORE I7,MATTE,0,1,0.0,1.0,31418,17.3,32,500,1500,5.51,2.6,1920,11636.0,16632.0,1809.0,1809.0
439,DUAL-CORE,APPLE,INTEL,INTEL,INTEL HD 6000,CORE I5,GLOSSY,0,0,0.0,1.0,26958,13.3,8,128,128,2.96,1.6,1440,2142.0,829.0,479.0,490.78
337,DUAL-CORE,MICROSOFT,INTEL,NVIDIA,NVIDIA GEFORCE GTX 965M,CORE I7,GLOSSY,1,1,1.0,1.0,18660,13.5,8,256,256,3.63,2.6,3000,3807.0,3683.0,729.0,949.99
236,QUAD-CORE,DELL,INTEL,INTEL,INTEL UHD 620,CORE I7,GLOSSY,1,0,0.0,1.0,26777,13.3,16,512,512,2.81,1.8,3840,6777.0,888.0,1649.0,1699.0
207,QUAD-CORE,HP,INTEL,INTEL,INTEL IRIS PLUS,CORE I7,GLOSSY,1,0,0.0,1.0,31190,15.6,8,512,512,3.74,1.3,1366,8923.0,1888.0,789.0,789.0
212,DUAL-CORE,LENOVO,AMD,AMD,AMD RADEON R4,A6,MATTE,0,0,0.0,0.0,25588,15.6,4,0,500,4.63,2.6,1366,1274.0,346.0,251.18,260.0
295,DUAL-CORE,HP,INTEL,INTEL,INTEL UHD 600,CELERON,GLOSSY,0,0,0.0,0.0,29409,15.6,4,0,500,4.5,1.1,1366,1278.0,345.0,194.99,227.98
499,DUAL-CORE,DELL,INTEL,INTEL,INTEL HD 4000,CORE I5,MATTE,0,0,0.0,1.0,21463,14.0,8,0,320,4.44,2.6,1366,861.0,329.0,179.68,214.99
251,DUAL-CORE,LENOVO,INTEL,INTEL,INTEL HD 520,CORE I5,GLOSSY,1,0,0.0,1.0,15920,14.0,8,256,256,3.85,2.3,1920,2989.0,864.0,600.0,600.0
498,QUAD-CORE,LENOVO,INTEL,INTEL,INTEL UHD 620,CORE I5,MATTE,0,0,0.0,1.0,31420,14.0,16,256,256,2.9,1.7,1920,6987.0,888.0,829.95,829.95
467,HEXA-CORE,DELL,INTEL,NVIDIA,NVIDIA GEFORCE GTX 1650,CORE I7,GLOSSY,0,1,0.0,1.0,29404,15.6,16,256,256,4.4,2.6,3840,11636.0,7868.0,1589.99,1779.8
303,HEXA-CORE,LENOVO,INTEL,NVIDIA,NVIDIA GEFORCE GTX 1060,CORE I7,MATTE,0,1,0.0,1.0,27250,15.6,16,128,1128,5.17,2.2,1920,10418.0,10210.0,1129.0,1129.0
350,DUAL-CORE,ASUS,INTEL,INTEL,INTEL HD 620,CORE I5,MATTE,0,0,0.0,1.0,25057,15.6,8,0,1000,3.7,2.5,1920,3522.0,888.0,589.99,589.99
269,DUAL-CORE,ACER,INTEL,INTEL,INTEL HD 500,CELERON,MATTE,0,0,0.0,0.0,30291,11.6,4,32,32,2.98,1.1,1366,1123.0,317.0,145.99,160.5
201,QUAD-CORE,ACER,AMD,AMD,AMD RADEON RX 560X,RYZEN 5,MATTE,0,1,0.0,1.0,27889,15.6,8,0,1000,5.95,2.0,1920,6317.0,3520.0,529.0,529.99
161,QUAD-CORE,APPLE,INTEL,NVIDIA,NVIDIA GEFORCE GT 750M,CORE I7,GLOSSY,0,1,0.0,1.0,26808,15.4,16,512,512,4.46,2.5,2880,5904.0,1232.0,899.99,928.9
43,HEXA-CORE,OTHER,INTEL,NVIDIA,NVIDIA GEFORCE RTX 2060,CORE I7,MATTE,0,1,0.0,1.0,30513,15.6,32,500,1500,5.0,2.6,1920,11636.0,15156.0,1399.0,1449.0
217,QUAD-CORE,LENOVO,AMD,AMD,AMD RADEON VEGA 8,RYZEN 5,MATTE,0,0,0.0,1.0,23224,13.3,8,256,256,2.4,2.0,1920,6317.0,1509.0,699.99,699.99
401,QUAD-CORE,ASUS,AMD,AMD,AMD RADEON VEGA 8,RYZEN 5,MATTE,0,0,0.0,1.0,28219,15.6,8,256,256,3.5,2.1,1920,7248.0,1509.0,472.61,479.99
190,QUAD-CORE,ALIENWARE,INTEL,NVIDIA,NVIDIA GEFORCE GTX 1070,CORE I7,MATTE,0,1,0.0,1.0,16467,17.3,16,0,1000,9.7,2.8,1920,7069.0,13557.0,1445.0,1599.0
309,QUAD-CORE,ASUS,INTEL,INTEL,INTEL UHD 620,CORE I5,MATTE,0,0,0.0,1.0,18829,15.6,8,0,1000,3.7,1.6,1920,6372.0,888.0,799.99,799.99
259,QUAD-CORE,LENOVO,AMD,AMD,AMD RADEON VEGA 8,RYZEN 5,GLOSSY,1,0,0.0,1.0,28640,14.0,12,256,256,3.64,2.1,1920,7248.0,1509.0,528.48,537.95
105,QUAD-CORE,MICROSOFT,INTEL,INTEL,INTEL UHD 620,CORE I5,GLOSSY,1,0,1.0,1.0,27734,13.5,8,256,256,3.38,1.7,3000,6987.0,888.0,1090.0,1130.0
53,QUAD-CORE,DELL,INTEL,INTEL,INTEL UHD 620,CORE I7,MATTE,0,0,0.0,1.0,31192,15.6,16,512,512,4.03,1.9,1920,6807.0,888.0,1199.0,1199.0
389,DUAL-CORE,ACER,INTEL,INTEL,INTEL HD 620,CORE I7,MATTE,0,0,0.0,1.0,20093,15.6,8,0,1000,4.92,2.7,1920,3500.0,888.0,573.6,599.99
1,HEXA-CORE,RAZER,INTEL,NVIDIA,NVIDIA GEFORCE RTX 2070 MAX-Q,CORE I7,MATTE,0,1,0.0,1.0,25926,15.6,16,512,512,4.63,2.2,1920,10418.0,11018.0,2099.99,2099.99
450,HEXA-CORE,ASUS,INTEL,NVIDIA,NVIDIA GEFORCE RTX 2070,CORE I7,MATTE,0,1,0.0,1.0,26098,15.6,16,512,512,5.29,2.2,1920,10418.0,16632.0,1689.99,1749.99
492,DUAL-CORE,LENOVO,INTEL,INTEL,INTEL HD,CELERON,MATTE,0,0,0.0,0.0,10944,11.6,4,64,64,2.8,1.6,1366,672.0,10.0,348.9,348.9
49,DUAL-CORE,LENOVO,INTEL,INTEL,INTEL HD 620,CORE I5,GLOSSY,1,0,0.0,1.0,12294,14.0,8,256,256,3.42,2.5,1920,3522.0,888.0,824.99,824.99
419,HEXA-CORE,DELL,INTEL,NVIDIA,NVIDIA GEFORCE GTX 1650,CORE I7,GLOSSY,0,1,0.0,1.0,29203,15.6,16,1000,1000,4.5,2.6,3840,11636.0,7868.0,1749.97,2099.99
80,DUAL-CORE,DELL,INTEL,INTEL,INTEL HD 5500,CORE I3,GLOSSY,0,0,0.0,1.0,11945,15.6,6,0,1000,4.85,2.0,1366,2151.0,568.0,399.99,399.99
205,QUAD-CORE,HP,AMD,AMD,AMD RADEON R2,E2,GLOSSY,0,0,0.0,0.0,19838,15.6,4,0,500,4.4,1.8,1366,1978.0,302.0,329.99,329.99
34,DUAL-CORE,LENOVO,INTEL,INTEL,INTEL HD 620,CORE I5,MATTE,0,0,0.0,1.0,26138,17.3,8,0,1000,6.17,2.5,1600,3522.0,888.0,693.0,693.0
430,DUAL-CORE,DELL,INTEL,INTEL,INTEL HD 5500,CORE I7,GLOSSY,1,0,0.0,1.0,6635,13.3,8,256,256,2.8,2.4,3200,2715.0,568.0,1499.44,1499.44
263,,ASUS,ROCKCHIP,MALI-T860,MALI-T860 MP4,ROCKCHIP,GLOSSY,1,0,0.0,0.0,19313,10.1,4,16,16,2.0,1.6,1280,4957.364729458918,3113.8426294820715,230.0,241.0
427,QUAD-CORE,ACER,INTEL,INTEL,INTEL HD 505,PENTIUM,GLOSSY,1,0,0.0,0.0,20501,15.6,4,32,32,4.3,1.1,1920,2257.0,411.0,322.0,325.12
366,HEXA-CORE,ASUS,INTEL,NVIDIA,NVIDIA GEFORCE RTX 2060,CORE I7,MATTE,0,1,0.0,1.0,28977,15.6,16,1000,1000,5.7,2.6,1920,11636.0,15156.0,1684.03,1798.98
91,DUAL-CORE,MICROSOFT,INTEL,INTEL,INTEL HD 620,CORE I5,GLOSSY,1,0,0.0,1.0,22858,13.5,4,128,128,2.76,2.5,2256,3522.0,888.0,540.0,553.0
339,QUAD-CORE,JUMPER,INTEL,INTEL,INTEL HD 505,ATOM,GLOSSY,1,0,1.0,0.0,28487,11.6,6,64,64,1.54,1.6,1920,2049.0,411.0,249.9,249.9
483,DUAL-CORE,DELL,AMD,AMD,AMD RADEON R4,A6,GLOSSY,0,0,0.0,0.0,22137,15.6,4,0,500,5.07,2.5,1366,1032.0,346.0,287.97,298.95
52,QUAD-CORE,DELL,INTEL,INTEL,INTEL UHD 620,CORE I7,GLOSSY,1,0,0.0,1.0,28485,13.3,8,256,256,2.68,1.8,3840,6134.0,888.0,1072.0,1079.99
345,HEXA-CORE,ASUS,INTEL,NVIDIA,NVIDIA GEFORCE GTX 1060,CORE I7,MATTE,0,1,0.0,1.0,24014,15.6,16,256,1256,5.29,2.2,1920,10418.0,10210.0,1294.0,1358.0
264,HEXA-CORE,ASUS,INTEL,NVIDIA,NVIDIA GEFORCE RTX 2070 MAX-Q,CORE I7,MATTE,0,1,0.0,1.0,26586,15.6,16,512,512,4.63,2.2,1920,10418.0,11018.0,1699.99,1926.26
241,DUAL-CORE,DELL,INTEL,INTEL,INTEL HD,CELERON,MATTE,0,0,0.0,0.0,10943,11.6,2,32,32,2.6,1.6,1366,672.0,10.0,248.88,248.88
13,DUAL-CORE,HP,INTEL,INTEL,INTEL HD 500,CELERON,GLOSSY,1,0,0.0,0.0,28331,14.0,4,32,32,3.4,1.1,1366,1123.0,317.0,289.99,289.99
315,DUAL-CORE,ASUS,INTEL,INTEL,INTEL UHD 615,CORE M3,GLOSSY,1,0,0.0,1.0,26956,14.0,4,64,64,3.19,1.1,1920,2995.0,835.0,482.9,489.79
88,QUAD-CORE,LENOVO,INTEL,INTEL,INTEL HD 400,ATOM,GLOSSY,1,0,0.0,0.0,22560,10.1,4,64,64,1.52,1.44,1920,1395.0,329.0,599.99,599.99
387,QUAD-CORE,DELL,INTEL,NVIDIA,NVIDIA GEFORCE GTX 960M,CORE I7,GLOSSY,0,1,0.0,1.0,9469,15.6,8,256,256,3.9,2.6,1920,6661.0,3467.0,1599.33,1599.33
273,DUAL-CORE,ACER,INTEL,INTEL,INTEL HD 400,CELERON,MATTE,0,0,0.0,0.0,24433,15.6,4,16,16,4.3,1.6,1366,759.0,329.0,200.0,200.98
166,QUAD-CORE,LENOVO,INTEL,INTEL,INTEL UHD 620,CORE I7,GLOSSY,1,0,0.0,1.0,24012,13.9,16,512,512,3.02,1.8,3840,6134.0,888.0,1418.97,1418.97
328,HEXA-CORE,OTHER,INTEL,NVIDIA,NVIDIA GEFORCE GTX 1650,CORE I7,MATTE,0,1,0.0,1.0,31197,15.6,32,500,1500,4.85,2.6,1920,11636.0,7868.0,1319.0,1319.0
502,QUAD-CORE,ASUS,INTEL,INTEL,INTEL HD,PENTIUM,GLOSSY,0,0,0.0,0.0,11301,15.6,4,0,500,4.41,1.6,1366,1243.0,10.0,335.0,338.87
134,DUAL-CORE,HP,AMD,AMD,AMD RADEON R4,A6,GLOSSY,0,0,0.0,0.0,21458,15.6,4,0,500,4.52,2.5,1366,1032.0,346.0,379.99,449.01
306,DUAL-CORE,DELL,INTEL,INTEL,INTEL HD 4400,CORE I5,MATTE,0,0,0.0,1.0,21222,14.0,8,128,128,3.7,1.6,1366,2325.0,530.0,226.0,243.0
490,QUAD-CORE,MICROSOFT,INTEL,Unknown,,ATOM,Unknown,1,0,1.0,0.0,6267,10.8,2,64,64,1.37,1.6,1920,1348.0,3113.8426294820715,429.99,429.99
319,DUAL-CORE,ASUS,INTEL,INTEL,INTEL UHD 615,CORE M3,MATTE,0,0,0.0,1.0,29403,14.0,8,64,64,2.93,1.1,1920,2995.0,835.0,369.99,429.97
243,DUAL-CORE,SAMSUNG,INTEL,INTEL,INTEL HD 515,CORE M3,GLOSSY,1,0,0.0,1.0,17017,12.3,4,32,32,2.38,0.9,2400,1862.0,688.0,649.0,699.99
54,HEXA-CORE,RAZER,INTEL,NVIDIA,NVIDIA GEFORCE GTX 1070,CORE I7,MATTE,0,1,0.0,1.0,23424,15.6,16,256,256,4.63,2.2,1920,10418.0,13557.0,2999.11,2999.11
363,QUAD-CORE,HP,INTEL,INTEL,INTEL UHD,CORE I5,GLOSSY,1,0,0.0,1.0,30751,15.6,16,512,512,3.75,1.0,1366,7773.0,1165.0,521.38,528.0
50,QUAD-CORE,DELL,INTEL,NVIDIA,NVIDIA GEFORCE 940MX,CORE I7,GLOSSY,1,1,0.0,1.0,21213,15.6,8,0,1000,4.41,1.8,1920,6134.0,1603.0,899.99,899.99
465,DUAL-CORE,HP,INTEL,INTEL,INTEL HD 515,CORE M3,GLOSSY,1,0,1.0,1.0,9727,12.0,4,128,128,2.68,0.9,1920,1862.0,688.0,449.0,449.99
174,QUAD-CORE,DELL,INTEL,INTEL,INTEL UHD,CORE I5,MATTE,0,0,0.0,1.0,30511,15.6,8,256,256,4.52,1.0,1920,7773.0,1165.0,546.49,609.0
445,DUAL-CORE,HP,INTEL,INTEL,INTEL HD,CELERON,GLOSSY,1,0,0.0,0.0,8468,15.6,4,0,500,5.05,2.16,1366,618.0,10.0,409.98,412.0
189,HEXA-CORE,MSI,INTEL,NVIDIA,NVIDIA GEFORCE GTX 1050 TI,CORE I7,MATTE,0,1,0.0,1.0,28218,15.6,16,128,1128,4.85,2.2,1920,10418.0,6657.0,1078.95,1199.99
506,QUAD-CORE,ASUS,INTEL,NVIDIA,NVIDIA GEFORCE GTX 1070,CORE I7,MATTE,0,1,0.0,1.0,19301,17.3,12,128,1128,6.39,2.8,1920,7069.0,13557.0,1899.99,1899.99
463,DUAL-CORE,DELL,AMD,AMD,AMD RADEON R4,A6,MATTE,0,0,0.0,0.0,22744,11.6,4,32,32,2.98,1.6,1366,1032.0,346.0,165.0,168.88
187,QUAD-CORE,LENOVO,INTEL,INTEL,INTEL HD,ATOM,GLOSSY,0,0,0.0,0.0,8061,11.6,2,32,32,2.2,1.33,1366,522.0,10.0,468.88,468.88
169,DUAL-CORE,SAMSUNG,INTEL,INTEL,INTEL HD 400,CELERON,MATTE,0,0,0.0,0.0,25268,11.6,4,32,32,2.54,1.6,1366,759.0,329.0,150.19,165.9
58,QUAD-CORE,HP,AMD,AMD,AMD RADEON R4,A6,GLOSSY,0,0,0.0,0.0,13772,15.6,4,0,500,4.74,2.0,1366,2076.0,346.0,465.0,465.0
48,DUAL-CORE,ACER,INTEL,INTEL,INTEL HD,CELERON,MATTE,0,0,0.0,0.0,21893,11.6,2,16,16,2.43,2.16,1366,618.0,10.0,134.99,139.99
344,DUAL-CORE,MICROSOFT,INTEL,INTEL,INTEL HD 5000,CORE I7,GLOSSY,1,0,0.0,1.0,14070,12.0,8,256,256,1.76,1.7,2160,2380.0,684.0,999.99,999.99
235,DUAL-CORE,DELL,INTEL,INTEL,INTEL HD 620,CORE I3,GLOSSY,0,0,0.0,1.0,20099,15.6,8,128,128,4.63,2.4,1366,2806.0,888.0,390.0,390.0
252,QUAD-CORE,HP,INTEL,INTEL,INTEL HD,PENTIUM,GLOSSY,0,0,0.0,0.0,23617,15.6,4,0,500,5.05,2.16,1366,1179.0,10.0,329.0,350.0
21,QUAD-CORE,ACER,INTEL,INTEL,INTEL UHD 620,CORE I7,GLOSSY,1,0,0.0,1.0,28046,14.0,16,512,512,3.75,1.8,1920,6777.0,888.0,719.0,719.0
313,DUAL-CORE,LENOVO,INTEL,INTEL,INTEL UHD 600,CELERON,MATTE,0,0,0.0,0.0,28642,11.6,4,64,64,2.54,1.1,1366,1278.0,345.0,189.05,209.88
459,HEXA-CORE,OTHER,INTEL,NVIDIA,NVIDIA GEFORCE RTX 2070,CORE I7,MATTE,0,1,0.0,1.0,31416,17.3,32,1000,1000,4.71,2.6,1920,11636.0,16632.0,2149.0,2149.0
160,QUAD-CORE,ACER,INTEL,INTEL,INTEL HD 400,CELERON,MATTE,0,0,0.0,0.0,21461,14.0,4,32,32,3.42,1.6,1920,1294.0,329.0,149.99,149.99
276,DUAL-CORE,DELL,INTEL,INTEL,INTEL HD 520,CORE I5,MATTE,0,0,0.0,1.0,16473,14.0,8,256,256,3.32,2.4,1920,3368.0,864.0,940.0,949.95
443,QUAD-CORE,RAZER,INTEL,INTEL,INTEL UHD 620,CORE I7,GLOSSY,1,0,0.0,1.0,23615,13.3,16,512,512,2.98,1.8,3200,6134.0,888.0,1799.99,1799.99
191,DUAL-CORE,LENOVO,INTEL,INTEL,INTEL HD 3000,CORE I5,MATTE,0,0,0.0,1.0,7493,14.0,8,0,320,4.9,2.5,1366,2275.0,258.0,189.0,209.69
385,DUAL-CORE,APPLE,INTEL,INTEL,INTEL HD 5000,CORE I5,GLOSSY,0,0,0.0,1.0,11300,11.6,4,128,128,2.5,1.3,1366,2293.0,684.0,341.0,358.0
293,QUAD-CORE,LENOVO,MEDIATEK,POWERVR,POWERVR GX6250,MEDIATEK,MATTE,1,0,0.0,0.0,23417,11.6,4,32,32,3.0,2.1,1366,4957.364729458918,3113.8426294820715,368.0,368.0
413,HEXA-CORE,OTHER,INTEL,NVIDIA,NVIDIA GEFORCE RTX 2070,CORE I7,MATTE,0,1,0.0,1.0,30067,15.6,32,1000,2000,4.6,2.6,1920,11636.0,16632.0,1829.0,1929.0
343,DUAL-CORE,LENOVO,INTEL,INTEL,INTEL HD 520,CORE I5,Unknown,0,0,0.0,1.0,9719,15.6,8,0,1000,5.06,2.3,1366,2989.0,864.0,649.0,649.0
257,QUAD-CORE,ASUS,INTEL,NVIDIA,NVIDIA GEFORCE GTX 1650 MAX-Q,CORE I7,GLOSSY,0,1,0.0,1.0,28806,15.6,16,1000,1000,3.68,1.8,1920,6777.0,6318.0,1399.99,1399.99
308,QUAD-CORE,LG,INTEL,INTEL,INTEL UHD 620,CORE I7,GLOSSY,0,0,0.0,1.0,26097,17.0,16,512,512,2.95,1.8,2560,6777.0,888.0,1344.0,1479.0
149,DUAL-CORE,HP,INTEL,INTEL,INTEL HD 620,CORE I3,GLOSSY,0,0,0.0,1.0,20279,17.3,8,0,1000,5.29,2.4,1600,2806.0,888.0,459.95,475.99
130,HEXA-CORE,ASUS,INTEL,NVIDIA,NVIDIA GEFORCE GTX 1050 TI,CORE I7,MATTE,0,1,0.0,1.0,26368,17.3,16,128,1128,6.72,2.2,1920,10418.0,6657.0,1249.0,1249.0
151,HEXA-CORE,LENOVO,INTEL,NVIDIA,NVIDIA GEFORCE GTX 1050,CORE I7,MATTE,0,1,0.0,1.0,29406,15.6,8,256,1256,4.83,2.6,1920,11636.0,5595.0,949.99,983.0
359,QUAD-CORE,HP,INTEL,INTEL,INTEL UHD 620,CORE I5,GLOSSY,0,0,0.0,1.0,21467,15.6,12,0,2000,4.3,1.6,1366,6372.0,888.0,545.37,559.0
99,DUAL-CORE,DELL,INTEL,INTEL,INTEL HD 620,CORE I3,GLOSSY,1,0,0.0,1.0,17275,15.6,6,0,1000,5.18,2.4,1366,2806.0,888.0,427.99,427.99
372,QUAD-CORE,LENOVO,INTEL,INTEL,INTEL UHD 620,CORE I5,GLOSSY,1,0,0.0,1.0,23619,13.3,8,256,256,2.62,1.6,1920,6372.0,888.0,580.0,608.98
87,QUAD-CORE,MSI,INTEL,NVIDIA,NVIDIA GEFORCE GTX 1050,CORE I5,MATTE,0,1,0.0,1.0,28802,15.6,8,256,256,5.07,2.3,1920,7584.0,5595.0,683.99,699.0
458,DUAL-CORE,HP,INTEL,INTEL,INTEL HD 620,CORE I7,GLOSSY,1,0,0.0,1.0,24220,15.6,8,0,1000,4.4,2.7,1366,3500.0,888.0,589.95,624.99
330,QUAD-CORE,DELL,INTEL,INTEL,INTEL UHD 620,CORE I5,GLOSSY,1,0,0.0,1.0,28646,15.6,16,512,1512,4.8,1.6,1920,6372.0,888.0,661.0,675.0
214,QUAD-CORE,APPLE,INTEL,INTEL,INTEL IRIS PLUS 655,CORE I5,GLOSSY,0,0,0.0,1.0,25929,13.3,8,512,512,3.02,2.3,2560,8543.0,1790.0,1869.95,1875.95
466,QUAD-CORE,ASUS,INTEL,NVIDIA,NVIDIA GEFORCE GTX 1070,CORE I7,MATTE,0,1,0.0,1.0,20741,15.6,16,256,256,5.0,2.8,1920,7069.0,13557.0,1112.57,1950.14
121,DUAL-CORE,HP,INTEL,INTEL,INTEL HD 620,CORE I7,GLOSSY,0,0,0.0,1.0,17277,17.3,8,0,1000,5.84,2.7,1600,3500.0,888.0,850.0,855.0
509,HEXA-CORE,OTHER,INTEL,NVIDIA,NVIDIA GEFORCE RTX 2070,CORE I7,MATTE,0,1,0.0,1.0,29633,15.6,32,500,1500,4.6,2.6,1920,11636.0,16632.0,1659.0,1699.0
20,QUAD-CORE,DELL,INTEL,NVIDIA,NVIDIA GEFORCE GTX 1050 TI,CORE I5,MATTE,0,1,0.0,0.0,22558,15.6,8,256,256,6.61,2.5,1920,5260.0,6657.0,760.0,763.2
188,DUAL-CORE,DELL,INTEL,INTEL,INTEL HD 5500,CORE I5,GLOSSY,1,0,0.0,1.0,6634,13.3,8,0,500,3.7,2.2,1920,2546.0,568.0,1099.0,1099.0
71,HEXA-CORE,DELL,INTEL,NVIDIA,NVIDIA GEFORCE GTX 1050 TI,CORE I7,MATTE,0,1,0.0,1.0,23118,15.6,16,256,1256,5.57,2.2,1920,10418.0,6657.0,1065.0,1099.0
106,HEXA-CORE,OTHER,INTEL,NVIDIA,NVIDIA GEFORCE RTX 2060,CORE I7,MATTE,0,1,0.0,1.0,30993,15.6,16,500,2500,5.0,2.6,1920,11636.0,15156.0,1399.0,1399.0
270,QUAD-CORE,ASUS,INTEL,INTEL,INTEL UHD 620,CORE I5,MATTE,0,0,0.0,1.0,24840,13.3,8,256,256,2.5,1.6,1920,6372.0,888.0,790.79,829.0
348,DUAL-CORE,DELL,INTEL,INTEL,INTEL HD 5500,CORE I5,MATTE,0,0,0.0,1.0,6973,13.3,4,128,128,2.6,2.2,1920,2546.0,568.0,849.88,849.88
435,DUAL-CORE,LENOVO,INTEL,INTEL,INTEL HD 620,CORE I5,MATTE,0,0,0.0,1.0,19617,14.0,8,256,256,3.74,2.5,1366,3522.0,888.0,499.0,648.0
102,QUAD-CORE,ALIENWARE,INTEL,NVIDIA,NVIDIA GEFORCE GTX 1060,CORE I7,MATTE,0,1,0.0,1.0,14898,15.6,16,128,1128,8.0,2.6,1920,6661.0,10210.0,1399.99,1399.99
